2026.05.31 00:24:50 INFO  Started: Metals version 1.6.7 in folders 'C:\Users\ryanp\Desktop\se333-demo' for client Visual Studio Code 1.121.0.
2026.05.31 00:24:50 INFO  Memory monitor started
2026.05.31 00:24:52 WARN  Using H2 2.4.240 which is newer than the version Flyway has been verified with. The latest verified version of H2 is 2.3.232.
2026.05.31 02:40:54 INFO  Shutting down server
2026.05.31 02:40:54 INFO  Memory monitor stopped
2026.05.31 02:40:54 INFO  shutting down Metals
2026.05.31 02:40:54 INFO  Exiting server
2026.05.31 02:40:54 ERROR Unexpected error initializing server: 
org.eclipse.lsp4j.jsonrpc.ResponseErrorException: Request window/showMessageRequest failed with message: Canceled
	at org.eclipse.lsp4j.jsonrpc.RemoteEndpoint.handleResponse(RemoteEndpoint.java:214)
	at org.eclipse.lsp4j.jsonrpc.RemoteEndpoint.consume(RemoteEndpoint.java:198)
	at org.eclipse.lsp4j.jsonrpc.json.StreamMessageProducer.handleMessage(StreamMessageProducer.java:189)
	at org.eclipse.lsp4j.jsonrpc.json.StreamMessageProducer.listen(StreamMessageProducer.java:97)
	at org.eclipse.lsp4j.jsonrpc.json.ConcurrentMessageProcessor.run(ConcurrentMessageProcessor.java:97)
	at java.util.concurrent.Executors$RunnableAdapter.call(Executors.java:572)
	at java.util.concurrent.FutureTask.run(FutureTask.java:317)
	at java.util.concurrent.ThreadPoolExecutor.runWorker(ThreadPoolExecutor.java:1144)
	at java.util.concurrent.ThreadPoolExecutor$Worker.run(ThreadPoolExecutor.java:642)
	at java.lang.Thread.run(Thread.java:1583)

2026.05.31 17:06:06 INFO  Started: Metals version 1.6.7 in folders 'C:\Users\ryanp\Desktop\se333-demo' for client Visual Studio Code 1.122.1.
2026.05.31 17:06:06 INFO  Memory monitor started
2026.05.31 17:06:07 WARN  Using H2 2.4.240 which is newer than the version Flyway has been verified with. The latest verified version of H2 is 2.3.232.
2026.05.31 17:06:08 INFO  no build target found for C:\Users\ryanp\Desktop\se333-demo\src\main\java\org\example\NumberUtils.java. Using fallback presentation compiler.
2026.05.31 17:06:13 INFO  running 'C:\Program Files\Amazon Corretto\jdk21.0.4_7\bin\java.exe -Dfile.encoding=UTF-8 -Dmaven.multiModuleProjectDirectory=C:\Users\ryanp\Desktop\se333-demo -Dmaven.home=C:\Users\ryanp\AppData\Local\Temp\metals9111781523599984326 -cp C:\Users\ryanp\AppData\Local\Temp\metals9111781523599984326\maven-wrapper.jar org.apache.maven.wrapper.MavenWrapperMain generate-sources ch.epfl.scala:bloop-maven-plugin:2.0.3:bloopInstall -DdownloadSources=true'
2026.05.31 17:06:17 INFO  no build target found for C:\Users\ryanp\Desktop\se333-demo\src\main\java\org\example\NumberUtils.java. Using fallback presentation compiler.
2026.05.31 17:06:18 INFO  no build target found for C:\Users\ryanp\Desktop\se333-demo\src\main\java\org\example\NumberUtils.java. Using fallback presentation compiler.
2026.05.31 17:06:18 INFO  [INFO] Scanning for projects...
2026.05.31 17:06:18 INFO  Downloading from central: https://repo.maven.apache.org/maven2/ch/epfl/scala/bloop-maven-plugin/2.0.3/bloop-maven-plugin-2.0.3.pom
2026.05.31 17:06:18 INFO  Progress (1): 1.1 kB
2026.05.31 17:06:18 INFO  Progress (1): 2.5 kB
2026.05.31 17:06:18 INFO  Progress (1): 5.6 kB
2026.05.31 17:06:18 INFO  Progress (1): 8.0 kB
2026.05.31 17:06:18 INFO                      
2026.05.31 17:06:18 INFO  Downloaded from central: https://repo.maven.apache.org/maven2/ch/epfl/scala/bloop-maven-plugin/2.0.3/bloop-maven-plugin-2.0.3.pom (8.0 kB at 33 kB/s)
2026.05.31 17:06:18 INFO  Downloading from central: https://repo.maven.apache.org/maven2/ch/epfl/scala/bloop-maven-plugin/2.0.3/bloop-maven-plugin-2.0.3.jar
2026.05.31 17:06:18 INFO  Progress (1): 0.9/44 kB
2026.05.31 17:06:18 INFO  Progress (1): 2.3/44 kB
2026.05.31 17:06:18 INFO  Progress (1): 3.6/44 kB
2026.05.31 17:06:18 INFO  Progress (1): 5.0/44 kB
2026.05.31 17:06:18 INFO  Progress (1): 6.4/44 kB
2026.05.31 17:06:18 INFO  Progress (1): 7.7/44 kB
2026.05.31 17:06:18 INFO  Progress (1): 9.1/44 kB
2026.05.31 17:06:18 INFO  Progress (1): 10/44 kB 
2026.05.31 17:06:18 INFO  Progress (1): 12/44 kB
2026.05.31 17:06:18 INFO  Progress (1): 13/44 kB
2026.05.31 17:06:18 INFO  Progress (1): 15/44 kB
2026.05.31 17:06:18 INFO  Progress (1): 16/44 kB
2026.05.31 17:06:18 INFO  Progress (1): 17/44 kB
2026.05.31 17:06:18 INFO  Progress (1): 19/44 kB
2026.05.31 17:06:18 INFO  Progress (1): 20/44 kB
2026.05.31 17:06:18 INFO  Progress (1): 21/44 kB
2026.05.31 17:06:18 INFO  Progress (1): 23/44 kB
2026.05.31 17:06:18 INFO  Progress (1): 24/44 kB
2026.05.31 17:06:18 INFO  Progress (1): 25/44 kB
2026.05.31 17:06:18 INFO  Progress (1): 26/44 kB
2026.05.31 17:06:18 INFO  Progress (1): 27/44 kB
2026.05.31 17:06:18 INFO  Progress (1): 29/44 kB
2026.05.31 17:06:18 INFO  Progress (1): 30/44 kB
2026.05.31 17:06:18 INFO  Progress (1): 31/44 kB
2026.05.31 17:06:18 INFO  Progress (1): 33/44 kB
2026.05.31 17:06:18 INFO  Progress (1): 34/44 kB
2026.05.31 17:06:18 INFO  Progress (1): 36/44 kB
2026.05.31 17:06:18 INFO  Progress (1): 37/44 kB
2026.05.31 17:06:18 INFO  Progress (1): 38/44 kB
2026.05.31 17:06:18 INFO  Progress (1): 40/44 kB
2026.05.31 17:06:18 INFO  Progress (1): 41/44 kB
2026.05.31 17:06:18 INFO  Progress (1): 42/44 kB
2026.05.31 17:06:18 INFO  Progress (1): 44/44 kB
2026.05.31 17:06:18 INFO  Progress (1): 44 kB   
2026.05.31 17:06:18 INFO                     
2026.05.31 17:06:18 INFO  Downloaded from central: https://repo.maven.apache.org/maven2/ch/epfl/scala/bloop-maven-plugin/2.0.3/bloop-maven-plugin-2.0.3.jar (44 kB at 596 kB/s)
2026.05.31 17:06:18 INFO  [INFO] 
2026.05.31 17:06:18 INFO  [INFO] ----------------------< org.example:NumberUtils >-----------------------
2026.05.31 17:06:18 INFO  [INFO] Building NumberUtils 1.0-SNAPSHOT
2026.05.31 17:06:18 INFO  [INFO]   from pom.xml
2026.05.31 17:06:18 INFO  [INFO] --------------------------------[ jar ]---------------------------------
2026.05.31 17:06:18 INFO  Downloading from central: https://repo.maven.apache.org/maven2/org/jacoco/jacoco-maven-plugin/0.8.12/jacoco-maven-plugin-0.8.12.pom
2026.05.31 17:06:18 INFO  Progress (1): 876 B
2026.05.31 17:06:18 INFO  Progress (1): 2.5 kB
2026.05.31 17:06:18 INFO  Progress (1): 4.2 kB
2026.05.31 17:06:18 INFO                      
2026.05.31 17:06:18 INFO  Downloaded from central: https://repo.maven.apache.org/maven2/org/jacoco/jacoco-maven-plugin/0.8.12/jacoco-maven-plugin-0.8.12.pom (4.2 kB at 76 kB/s)
2026.05.31 17:06:18 INFO  Downloading from central: https://repo.maven.apache.org/maven2/org/jacoco/org.jacoco.build/0.8.12/org.jacoco.build-0.8.12.pom
2026.05.31 17:06:18 INFO  Progress (1): 748 B
2026.05.31 17:06:18 INFO  Progress (1): 2.0 kB
2026.05.31 17:06:18 INFO  Progress (1): 4.1 kB
2026.05.31 17:06:18 INFO  Progress (1): 7.1 kB
2026.05.31 17:06:18 INFO  Progress (1): 12 kB 
2026.05.31 17:06:18 INFO  Progress (1): 16 kB
2026.05.31 17:06:18 INFO  Progress (1): 18 kB
2026.05.31 17:06:18 INFO  Progress (1): 21 kB
2026.05.31 17:06:18 INFO  Progress (1): 24 kB
2026.05.31 17:06:18 INFO  Progress (1): 27 kB
2026.05.31 17:06:18 INFO  Progress (1): 27 kB
2026.05.31 17:06:18 INFO  Progress (1): 31 kB
2026.05.31 17:06:18 INFO  Progress (1): 36 kB
2026.05.31 17:06:18 INFO  Progress (1): 43 kB
2026.05.31 17:06:18 INFO                     
2026.05.31 17:06:18 INFO  Downloaded from central: https://repo.maven.apache.org/maven2/org/jacoco/org.jacoco.build/0.8.12/org.jacoco.build-0.8.12.pom (43 kB at 753 kB/s)
2026.05.31 17:06:18 INFO  Downloading from central: https://repo.maven.apache.org/maven2/org/ow2/asm/asm-bom/9.7/asm-bom-9.7.pom
2026.05.31 17:06:18 INFO  Progress (1): 1.1 kB
2026.05.31 17:06:18 INFO  Progress (1): 3.3 kB
2026.05.31 17:06:18 INFO                      
2026.05.31 17:06:18 INFO  Downloaded from central: https://repo.maven.apache.org/maven2/org/ow2/asm/asm-bom/9.7/asm-bom-9.7.pom (3.3 kB at 55 kB/s)
2026.05.31 17:06:18 INFO  Downloading from central: https://repo.maven.apache.org/maven2/org/jacoco/jacoco-maven-plugin/0.8.12/jacoco-maven-plugin-0.8.12.jar
2026.05.31 17:06:18 INFO  Progress (1): 3.8/57 kB
2026.05.31 17:06:18 INFO  Progress (1): 8.0/57 kB
2026.05.31 17:06:19 INFO  Progress (1): 11/57 kB 
2026.05.31 17:06:19 INFO  Progress (1): 16/57 kB
2026.05.31 17:06:19 INFO  Progress (1): 20/57 kB
2026.05.31 17:06:19 INFO  Progress (1): 24/57 kB
2026.05.31 17:06:19 INFO  Progress (1): 28/57 kB
2026.05.31 17:06:19 INFO  Progress (1): 33/57 kB
2026.05.31 17:06:19 INFO  Progress (1): 37/57 kB
2026.05.31 17:06:19 INFO  Progress (1): 41/57 kB
2026.05.31 17:06:19 INFO  Progress (1): 45/57 kB
2026.05.31 17:06:19 INFO  Progress (1): 49/57 kB
2026.05.31 17:06:19 INFO  Progress (1): 54/57 kB
2026.05.31 17:06:19 INFO  Progress (1): 57 kB   
2026.05.31 17:06:19 INFO                     
2026.05.31 17:06:19 INFO  Downloaded from central: https://repo.maven.apache.org/maven2/org/jacoco/jacoco-maven-plugin/0.8.12/jacoco-maven-plugin-0.8.12.jar (57 kB at 974 kB/s)
2026.05.31 17:06:19 INFO  [INFO] 
2026.05.31 17:06:19 INFO  [INFO] --- jacoco:0.8.12:prepare-agent (default) @ NumberUtils ---
2026.05.31 17:06:19 INFO  Downloading from central: https://repo.maven.apache.org/maven2/org/codehaus/plexus/plexus-utils/3.0.24/plexus-utils-3.0.24.pom
2026.05.31 17:06:19 INFO  Progress (1): 810 B
2026.05.31 17:06:19 INFO  Progress (1): 2.4 kB
2026.05.31 17:06:19 INFO  Progress (1): 4.1 kB
2026.05.31 17:06:19 INFO                      
2026.05.31 17:06:19 INFO  Downloaded from central: https://repo.maven.apache.org/maven2/org/codehaus/plexus/plexus-utils/3.0.24/plexus-utils-3.0.24.pom (4.1 kB at 76 kB/s)
2026.05.31 17:06:19 INFO  Downloading from central: https://repo.maven.apache.org/maven2/org/jacoco/org.jacoco.agent/0.8.12/org.jacoco.agent-0.8.12.pom
2026.05.31 17:06:19 INFO  Progress (1): 884 B
2026.05.31 17:06:19 INFO  Progress (1): 3.5 kB
2026.05.31 17:06:19 INFO  Progress (1): 3.5 kB
2026.05.31 17:06:19 INFO                      
2026.05.31 17:06:19 INFO  Downloaded from central: https://repo.maven.apache.org/maven2/org/jacoco/org.jacoco.agent/0.8.12/org.jacoco.agent-0.8.12.pom (3.5 kB at 76 kB/s)
2026.05.31 17:06:19 INFO  Downloading from central: https://repo.maven.apache.org/maven2/org/jacoco/org.jacoco.core/0.8.12/org.jacoco.core-0.8.12.pom
2026.05.31 17:06:19 INFO  Progress (1): 895 B
2026.05.31 17:06:19 INFO  Progress (1): 2.1 kB
2026.05.31 17:06:19 INFO                      
2026.05.31 17:06:19 INFO  Downloaded from central: https://repo.maven.apache.org/maven2/org/jacoco/org.jacoco.core/0.8.12/org.jacoco.core-0.8.12.pom (2.1 kB at 38 kB/s)
2026.05.31 17:06:19 INFO  Downloading from central: https://repo.maven.apache.org/maven2/org/ow2/asm/asm/9.7/asm-9.7.pom
2026.05.31 17:06:19 INFO  Progress (1): 1.3 kB
2026.05.31 17:06:19 INFO  Progress (1): 2.4 kB
2026.05.31 17:06:19 INFO                      
2026.05.31 17:06:19 INFO  Downloaded from central: https://repo.maven.apache.org/maven2/org/ow2/asm/asm/9.7/asm-9.7.pom (2.4 kB at 41 kB/s)
2026.05.31 17:06:19 INFO  Downloading from central: https://repo.maven.apache.org/maven2/org/ow2/asm/asm-commons/9.7/asm-commons-9.7.pom
2026.05.31 17:06:19 INFO  Progress (1): 1.1 kB
2026.05.31 17:06:19 INFO  Progress (1): 2.8 kB
2026.05.31 17:06:19 INFO                      
2026.05.31 17:06:19 INFO  Downloaded from central: https://repo.maven.apache.org/maven2/org/ow2/asm/asm-commons/9.7/asm-commons-9.7.pom (2.8 kB at 52 kB/s)
2026.05.31 17:06:19 INFO  Downloading from central: https://repo.maven.apache.org/maven2/org/ow2/asm/asm-tree/9.7/asm-tree-9.7.pom
2026.05.31 17:06:19 INFO  Progress (1): 1.1 kB
2026.05.31 17:06:19 INFO  Progress (1): 2.6 kB
2026.05.31 17:06:19 INFO                      
2026.05.31 17:06:19 INFO  Downloaded from central: https://repo.maven.apache.org/maven2/org/ow2/asm/asm-tree/9.7/asm-tree-9.7.pom (2.6 kB at 32 kB/s)
2026.05.31 17:06:19 INFO  Downloading from central: https://repo.maven.apache.org/maven2/org/jacoco/org.jacoco.report/0.8.12/org.jacoco.report-0.8.12.pom
2026.05.31 17:06:19 INFO  Progress (1): 899 B
2026.05.31 17:06:19 INFO  Progress (1): 1.9 kB
2026.05.31 17:06:19 INFO                      
2026.05.31 17:06:19 INFO  Downloaded from central: https://repo.maven.apache.org/maven2/org/jacoco/org.jacoco.report/0.8.12/org.jacoco.report-0.8.12.pom (1.9 kB at 28 kB/s)
2026.05.31 17:06:19 INFO  Downloading from central: https://repo.maven.apache.org/maven2/org/codehaus/plexus/plexus-utils/3.0.24/plexus-utils-3.0.24.jar
2026.05.31 17:06:19 INFO  Progress (1): 3.8/247 kB
2026.05.31 17:06:19 INFO  Progress (1): 8.0/247 kB
2026.05.31 17:06:19 INFO  Progress (1): 11/247 kB 
2026.05.31 17:06:19 INFO  Progress (1): 16/247 kB
2026.05.31 17:06:19 INFO  Progress (1): 20/247 kB
2026.05.31 17:06:19 INFO  Progress (1): 24/247 kB
2026.05.31 17:06:19 INFO  Progress (1): 28/247 kB
2026.05.31 17:06:19 INFO  Progress (1): 45/247 kB
2026.05.31 17:06:19 INFO  Progress (1): 61/247 kB
2026.05.31 17:06:19 INFO  Progress (1): 69/247 kB
2026.05.31 17:06:19 INFO  Progress (1): 85/247 kB
2026.05.31 17:06:19 INFO  Progress (1): 93/247 kB
2026.05.31 17:06:19 INFO  Progress (1): 110/247 kB
2026.05.31 17:06:19 INFO  Progress (1): 126/247 kB
2026.05.31 17:06:19 INFO  Progress (1): 134/247 kB
2026.05.31 17:06:19 INFO  Progress (1): 151/247 kB
2026.05.31 17:06:19 INFO  Progress (1): 167/247 kB
2026.05.31 17:06:20 INFO  Progress (1): 183/247 kB
2026.05.31 17:06:20 INFO  Progress (1): 192/247 kB
2026.05.31 17:06:20 INFO  Progress (1): 200/247 kB
2026.05.31 17:06:20 INFO  Progress (1): 216/247 kB
2026.05.31 17:06:20 INFO  Progress (1): 233/247 kB
2026.05.31 17:06:20 INFO  Progress (1): 247 kB    
2026.05.31 17:06:20 INFO                      
2026.05.31 17:06:20 INFO  Downloaded from central: https://repo.maven.apache.org/maven2/org/codehaus/plexus/plexus-utils/3.0.24/plexus-utils-3.0.24.jar (247 kB at 2.6 MB/s)
2026.05.31 17:06:20 INFO  Downloading from central: https://repo.maven.apache.org/maven2/org/apache/maven/shared/file-management/3.1.0/file-management-3.1.0.jar
2026.05.31 17:06:20 INFO  Downloading from central: https://repo.maven.apache.org/maven2/org/apache/maven/reporting/maven-reporting-api/3.0/maven-reporting-api-3.0.jar
2026.05.31 17:06:20 INFO  Downloading from central: https://repo.maven.apache.org/maven2/org/apache/maven/doxia/doxia-sink-api/1.0/doxia-sink-api-1.0.jar
2026.05.31 17:06:20 INFO  Downloading from central: https://repo.maven.apache.org/maven2/org/jacoco/org.jacoco.agent/0.8.12/org.jacoco.agent-0.8.12-runtime.jar
2026.05.31 17:06:20 INFO  Downloading from central: https://repo.maven.apache.org/maven2/org/jacoco/org.jacoco.core/0.8.12/org.jacoco.core-0.8.12.jar
2026.05.31 17:06:20 INFO  Progress (1): 7.7/11 kB
2026.05.31 17:06:20 INFO  Progress (1): 8.2/11 kB
2026.05.31 17:06:20 INFO  Progress (1): 11 kB    
2026.05.31 17:06:20 INFO                     
2026.05.31 17:06:20 INFO  Downloaded from central: https://repo.maven.apache.org/maven2/org/apache/maven/reporting/maven-reporting-api/3.0/maven-reporting-api-3.0.jar (11 kB at 179 kB/s)
2026.05.31 17:06:20 INFO  Downloading from central: https://repo.maven.apache.org/maven2/org/ow2/asm/asm/9.7/asm-9.7.jar
2026.05.31 17:06:20 INFO  Progress (1): 0.9/10 kB
2026.05.31 17:06:20 INFO  Progress (1): 2.3/10 kB
2026.05.31 17:06:20 INFO  Progress (1): 3.6/10 kB
2026.05.31 17:06:20 INFO  Progress (1): 5.0/10 kB
2026.05.31 17:06:20 INFO  Progress (1): 6.4/10 kB
2026.05.31 17:06:20 INFO  Progress (1): 7.7/10 kB
2026.05.31 17:06:20 INFO  Progress (1): 8.2/10 kB
2026.05.31 17:06:20 INFO  Progress (1): 9.6/10 kB
2026.05.31 17:06:20 INFO  Progress (1): 10 kB    
2026.05.31 17:06:20 INFO  Progress (2): 10 kB | 7.7/125 kB
2026.05.31 17:06:20 INFO  Progress (2): 10 kB | 16/125 kB 
2026.05.31 17:06:20 INFO  Progress (2): 10 kB | 25/125 kB
2026.05.31 17:06:20 INFO  Progress (2): 10 kB | 41/125 kB
2026.05.31 17:06:20 INFO  Progress (2): 10 kB | 57/125 kB
2026.05.31 17:06:20 INFO  Progress (3): 10 kB | 57/125 kB | 0.9/210 kB
2026.05.31 17:06:20 INFO  Progress (3): 10 kB | 57/125 kB | 2.3/210 kB
2026.05.31 17:06:20 INFO  Progress (3): 10 kB | 57/125 kB | 3.6/210 kB
2026.05.31 17:06:20 INFO  Progress (3): 10 kB | 57/125 kB | 5.0/210 kB
2026.05.31 17:06:20 INFO  Progress (3): 10 kB | 57/125 kB | 6.4/210 kB
2026.05.31 17:06:20 INFO  Progress (3): 10 kB | 57/125 kB | 7.7/210 kB
2026.05.31 17:06:20 INFO  Progress (3): 10 kB | 57/125 kB | 9.1/210 kB
2026.05.31 17:06:20 INFO  Progress (3): 10 kB | 57/125 kB | 10/210 kB 
2026.05.31 17:06:20 INFO  Progress (3): 10 kB | 57/125 kB | 12/210 kB
2026.05.31 17:06:20 INFO  Progress (3): 10 kB | 57/125 kB | 13/210 kB
2026.05.31 17:06:20 INFO  Progress (3): 10 kB | 57/125 kB | 15/210 kB
2026.05.31 17:06:20 INFO  Progress (3): 10 kB | 57/125 kB | 15/210 kB
2026.05.31 17:06:20 INFO  Progress (3): 10 kB | 57/125 kB | 17/210 kB
2026.05.31 17:06:20 INFO  Progress (3): 10 kB | 57/125 kB | 18/210 kB
2026.05.31 17:06:20 INFO  Progress (3): 10 kB | 57/125 kB | 20/210 kB
2026.05.31 17:06:20 INFO  Progress (3): 10 kB | 57/125 kB | 21/210 kB
2026.05.31 17:06:20 INFO  Progress (3): 10 kB | 57/125 kB | 22/210 kB
2026.05.31 17:06:20 INFO  Progress (3): 10 kB | 57/125 kB | 24/210 kB
2026.05.31 17:06:20 INFO  Progress (3): 10 kB | 57/125 kB | 25/210 kB
2026.05.31 17:06:20 INFO  Progress (3): 10 kB | 57/125 kB | 26/210 kB
2026.05.31 17:06:20 INFO  Progress (3): 10 kB | 57/125 kB | 28/210 kB
2026.05.31 17:06:20 INFO  Progress (3): 10 kB | 57/125 kB | 29/210 kB
2026.05.31 17:06:20 INFO  Progress (3): 10 kB | 57/125 kB | 31/210 kB
2026.05.31 17:06:20 INFO  Progress (3): 10 kB | 57/125 kB | 32/210 kB
2026.05.31 17:06:20 INFO  Progress (3): 10 kB | 57/125 kB | 33/210 kB
2026.05.31 17:06:20 INFO  Progress (3): 10 kB | 57/125 kB | 35/210 kB
2026.05.31 17:06:20 INFO  Progress (3): 10 kB | 57/125 kB | 36/210 kB
2026.05.31 17:06:20 INFO  Progress (3): 10 kB | 57/125 kB | 37/210 kB
2026.05.31 17:06:20 INFO  Progress (3): 10 kB | 74/125 kB | 37/210 kB
2026.05.31 17:06:20 INFO  Progress (3): 10 kB | 74/125 kB | 39/210 kB
2026.05.31 17:06:20 INFO  Progress (3): 10 kB | 74/125 kB | 40/210 kB
2026.05.31 17:06:20 INFO  Progress (3): 10 kB | 74/125 kB | 41/210 kB
2026.05.31 17:06:20 INFO  Progress (3): 10 kB | 74/125 kB | 43/210 kB
2026.05.31 17:06:20 INFO  Progress (3): 10 kB | 74/125 kB | 44/210 kB
2026.05.31 17:06:20 INFO  Progress (3): 10 kB | 90/125 kB | 44/210 kB
2026.05.31 17:06:20 INFO  Progress (3): 10 kB | 90/125 kB | 46/210 kB
2026.05.31 17:06:20 INFO  Progress (3): 10 kB | 90/125 kB | 47/210 kB
2026.05.31 17:06:20 INFO  Progress (3): 10 kB | 90/125 kB | 48/210 kB
2026.05.31 17:06:20 INFO  Progress (3): 10 kB | 90/125 kB | 50/210 kB
2026.05.31 17:06:20 INFO  Progress (3): 10 kB | 90/125 kB | 51/210 kB
2026.05.31 17:06:20 INFO  Progress (3): 10 kB | 90/125 kB | 52/210 kB
2026.05.31 17:06:20 INFO  Progress (4): 10 kB | 90/125 kB | 52/210 kB | 0.9/36 kB
2026.05.31 17:06:20 INFO  Progress (4): 10 kB | 90/125 kB | 54/210 kB | 0.9/36 kB
2026.05.31 17:06:20 INFO  Progress (4): 10 kB | 106/125 kB | 54/210 kB | 0.9/36 kB
2026.05.31 17:06:20 INFO  Progress (4): 10 kB | 106/125 kB | 55/210 kB | 0.9/36 kB
2026.05.31 17:06:20 INFO  Progress (4): 10 kB | 106/125 kB | 55/210 kB | 2.3/36 kB
2026.05.31 17:06:20 INFO  Progress (5): 10 kB | 106/125 kB | 55/210 kB | 2.3/36 kB | 0.9/302 kB
2026.05.31 17:06:20 INFO  Progress (5): 10 kB | 106/125 kB | 55/210 kB | 2.3/36 kB | 2.3/302 kB
2026.05.31 17:06:20 INFO  Progress (5): 10 kB | 106/125 kB | 59/210 kB | 2.3/36 kB | 2.3/302 kB
2026.05.31 17:06:20 INFO  Progress (5): 10 kB | 106/125 kB | 59/210 kB | 3.6/36 kB | 2.3/302 kB
2026.05.31 17:06:20 INFO  Progress (5): 10 kB | 106/125 kB | 59/210 kB | 3.6/36 kB | 3.6/302 kB
2026.05.31 17:06:20 INFO  Progress (5): 10 kB | 123/125 kB | 59/210 kB | 3.6/36 kB | 3.6/302 kB
2026.05.31 17:06:20 INFO  Progress (5): 10 kB | 123/125 kB | 59/210 kB | 3.6/36 kB | 5.0/302 kB
2026.05.31 17:06:20 INFO  Progress (5): 10 kB | 123/125 kB | 59/210 kB | 5.0/36 kB | 5.0/302 kB
2026.05.31 17:06:20 INFO  Progress (5): 10 kB | 123/125 kB | 59/210 kB | 5.0/36 kB | 6.4/302 kB
2026.05.31 17:06:20 INFO  Progress (5): 10 kB | 123/125 kB | 59/210 kB | 6.4/36 kB | 6.4/302 kB
2026.05.31 17:06:20 INFO  Progress (5): 10 kB | 125 kB | 59/210 kB | 6.4/36 kB | 6.4/302 kB    
2026.05.31 17:06:20 INFO  Progress (5): 10 kB | 125 kB | 59/210 kB | 7.7/36 kB | 6.4/302 kB
2026.05.31 17:06:20 INFO  Progress (5): 10 kB | 125 kB | 59/210 kB | 7.7/36 kB | 7.7/302 kB
2026.05.31 17:06:20 INFO  Progress (5): 10 kB | 125 kB | 59/210 kB | 7.7/36 kB | 9.1/302 kB
2026.05.31 17:06:20 INFO                                                                   
2026.05.31 17:06:20 INFO  Downloaded from central: https://repo.maven.apache.org/maven2/org/apache/maven/doxia/doxia-sink-api/1.0/doxia-sink-api-1.0.jar (10 kB at 76 kB/s)
2026.05.31 17:06:20 INFO  Progress (4): 125 kB | 59/210 kB | 9.1/36 kB | 9.1/302 kB
2026.05.31 17:06:20 INFO                                                           
2026.05.31 17:06:20 INFO  Downloading from central: https://repo.maven.apache.org/maven2/org/ow2/asm/asm-commons/9.7/asm-commons-9.7.jar
2026.05.31 17:06:20 INFO  Progress (4): 125 kB | 59/210 kB | 9.1/36 kB | 10/302 kB
2026.05.31 17:06:20 INFO  Progress (4): 125 kB | 59/210 kB | 10/36 kB | 10/302 kB 
2026.05.31 17:06:20 INFO  Progress (4): 125 kB | 59/210 kB | 10/36 kB | 12/302 kB
2026.05.31 17:06:20 INFO  Progress (4): 125 kB | 59/210 kB | 12/36 kB | 12/302 kB
2026.05.31 17:06:20 INFO  Progress (4): 125 kB | 59/210 kB | 12/36 kB | 13/302 kB
2026.05.31 17:06:20 INFO  Progress (4): 125 kB | 59/210 kB | 13/36 kB | 13/302 kB
2026.05.31 17:06:20 INFO  Progress (4): 125 kB | 59/210 kB | 13/36 kB | 15/302 kB
2026.05.31 17:06:20 INFO  Progress (4): 125 kB | 59/210 kB | 15/36 kB | 15/302 kB
2026.05.31 17:06:20 INFO  Progress (4): 125 kB | 59/210 kB | 15/36 kB | 16/302 kB
2026.05.31 17:06:20 INFO  Progress (4): 125 kB | 59/210 kB | 16/36 kB | 16/302 kB
2026.05.31 17:06:20 INFO  Progress (4): 125 kB | 59/210 kB | 16/36 kB | 17/302 kB
2026.05.31 17:06:20 INFO  Progress (4): 125 kB | 59/210 kB | 17/36 kB | 17/302 kB
2026.05.31 17:06:20 INFO  Progress (4): 125 kB | 59/210 kB | 17/36 kB | 19/302 kB
2026.05.31 17:06:20 INFO  Progress (4): 125 kB | 59/210 kB | 19/36 kB | 19/302 kB
2026.05.31 17:06:20 INFO  Progress (4): 125 kB | 59/210 kB | 19/36 kB | 20/302 kB
2026.05.31 17:06:20 INFO  Progress (4): 125 kB | 59/210 kB | 20/36 kB | 20/302 kB
2026.05.31 17:06:20 INFO  Progress (4): 125 kB | 59/210 kB | 20/36 kB | 21/302 kB
2026.05.31 17:06:20 INFO  Progress (4): 125 kB | 59/210 kB | 20/36 kB | 23/302 kB
2026.05.31 17:06:20 INFO  Progress (4): 125 kB | 59/210 kB | 21/36 kB | 23/302 kB
2026.05.31 17:06:20 INFO  Progress (4): 125 kB | 59/210 kB | 21/36 kB | 24/302 kB
2026.05.31 17:06:20 INFO  Progress (4): 125 kB | 59/210 kB | 23/36 kB | 24/302 kB
2026.05.31 17:06:20 INFO  Progress (4): 125 kB | 59/210 kB | 23/36 kB | 26/302 kB
2026.05.31 17:06:20 INFO  Progress (4): 125 kB | 59/210 kB | 24/36 kB | 26/302 kB
2026.05.31 17:06:20 INFO  Progress (4): 125 kB | 59/210 kB | 26/36 kB | 26/302 kB
2026.05.31 17:06:20 INFO  Progress (4): 125 kB | 59/210 kB | 26/36 kB | 27/302 kB
2026.05.31 17:06:20 INFO  Progress (4): 125 kB | 59/210 kB | 26/36 kB | 28/302 kB
2026.05.31 17:06:20 INFO  Progress (4): 125 kB | 59/210 kB | 27/36 kB | 28/302 kB
2026.05.31 17:06:20 INFO  Progress (4): 125 kB | 59/210 kB | 27/36 kB | 30/302 kB
2026.05.31 17:06:20 INFO  Progress (4): 125 kB | 59/210 kB | 28/36 kB | 30/302 kB
2026.05.31 17:06:20 INFO  Progress (4): 125 kB | 59/210 kB | 28/36 kB | 31/302 kB
2026.05.31 17:06:20 INFO  Progress (4): 125 kB | 59/210 kB | 30/36 kB | 31/302 kB
2026.05.31 17:06:20 INFO  Progress (4): 125 kB | 59/210 kB | 30/36 kB | 32/302 kB
2026.05.31 17:06:20 INFO  Progress (4): 125 kB | 59/210 kB | 31/36 kB | 32/302 kB
2026.05.31 17:06:20 INFO  Progress (4): 125 kB | 59/210 kB | 32/36 kB | 32/302 kB
2026.05.31 17:06:20 INFO  Progress (4): 125 kB | 59/210 kB | 32/36 kB | 34/302 kB
2026.05.31 17:06:20 INFO  Progress (4): 125 kB | 59/210 kB | 33/36 kB | 34/302 kB
2026.05.31 17:06:20 INFO  Progress (4): 125 kB | 59/210 kB | 33/36 kB | 35/302 kB
2026.05.31 17:06:20 INFO  Progress (4): 125 kB | 59/210 kB | 35/36 kB | 35/302 kB
2026.05.31 17:06:20 INFO  Progress (4): 125 kB | 59/210 kB | 35/36 kB | 36/302 kB
2026.05.31 17:06:20 INFO  Progress (4): 125 kB | 59/210 kB | 36/36 kB | 36/302 kB
2026.05.31 17:06:20 INFO  Progress (4): 125 kB | 59/210 kB | 36 kB | 36/302 kB   
2026.05.31 17:06:20 INFO  Progress (4): 125 kB | 59/210 kB | 36 kB | 38/302 kB
2026.05.31 17:06:20 INFO  Progress (4): 125 kB | 59/210 kB | 36 kB | 39/302 kB
2026.05.31 17:06:20 INFO  Progress (4): 125 kB | 59/210 kB | 36 kB | 41/302 kB
2026.05.31 17:06:20 INFO  Progress (4): 125 kB | 59/210 kB | 36 kB | 42/302 kB
2026.05.31 17:06:20 INFO  Progress (4): 125 kB | 59/210 kB | 36 kB | 43/302 kB
2026.05.31 17:06:20 INFO  Progress (4): 125 kB | 59/210 kB | 36 kB | 45/302 kB
2026.05.31 17:06:20 INFO  Progress (4): 125 kB | 59/210 kB | 36 kB | 46/302 kB
2026.05.31 17:06:20 INFO  Progress (4): 125 kB | 59/210 kB | 36 kB | 47/302 kB
2026.05.31 17:06:20 INFO  Progress (4): 125 kB | 59/210 kB | 36 kB | 49/302 kB
2026.05.31 17:06:20 INFO  Progress (4): 125 kB | 59/210 kB | 36 kB | 50/302 kB
2026.05.31 17:06:20 INFO  Progress (4): 125 kB | 59/210 kB | 36 kB | 52/302 kB
2026.05.31 17:06:20 INFO  Progress (4): 125 kB | 59/210 kB | 36 kB | 53/302 kB
2026.05.31 17:06:20 INFO  Progress (4): 125 kB | 59/210 kB | 36 kB | 54/302 kB
2026.05.31 17:06:20 INFO  Progress (4): 125 kB | 59/210 kB | 36 kB | 56/302 kB
2026.05.31 17:06:20 INFO  Progress (4): 125 kB | 59/210 kB | 36 kB | 60/302 kB
2026.05.31 17:06:20 INFO  Progress (4): 125 kB | 64/210 kB | 36 kB | 60/302 kB
2026.05.31 17:06:20 INFO  Progress (4): 125 kB | 68/210 kB | 36 kB | 60/302 kB
2026.05.31 17:06:20 INFO  Progress (4): 125 kB | 72/210 kB | 36 kB | 60/302 kB
2026.05.31 17:06:20 INFO  Progress (4): 125 kB | 76/210 kB | 36 kB | 60/302 kB
2026.05.31 17:06:20 INFO  Progress (4): 125 kB | 81/210 kB | 36 kB | 60/302 kB
2026.05.31 17:06:20 INFO  Progress (4): 125 kB | 85/210 kB | 36 kB | 60/302 kB
2026.05.31 17:06:20 INFO  Progress (4): 125 kB | 89/210 kB | 36 kB | 60/302 kB
2026.05.31 17:06:20 INFO                                                      
2026.05.31 17:06:20 INFO  Downloaded from central: https://repo.maven.apache.org/maven2/org/apache/maven/shared/file-management/3.1.0/file-management-3.1.0.jar (36 kB at 241 kB/s)
2026.05.31 17:06:20 INFO  Downloading from central: https://repo.maven.apache.org/maven2/org/ow2/asm/asm-tree/9.7/asm-tree-9.7.jar
2026.05.31 17:06:20 INFO  Progress (3): 125 kB | 89/210 kB | 64/302 kB
2026.05.31 17:06:20 INFO  Progress (3): 125 kB | 93/210 kB | 64/302 kB
2026.05.31 17:06:20 INFO  Progress (3): 125 kB | 97/210 kB | 64/302 kB
2026.05.31 17:06:20 INFO  Progress (3): 125 kB | 97/210 kB | 68/302 kB
2026.05.31 17:06:20 INFO  Progress (3): 125 kB | 102/210 kB | 68/302 kB
2026.05.31 17:06:20 INFO  Progress (3): 125 kB | 102/210 kB | 73/302 kB
2026.05.31 17:06:20 INFO  Progress (3): 125 kB | 106/210 kB | 73/302 kB
2026.05.31 17:06:20 INFO  Progress (3): 125 kB | 106/210 kB | 77/302 kB
2026.05.31 17:06:20 INFO  Progress (3): 125 kB | 110/210 kB | 77/302 kB
2026.05.31 17:06:20 INFO  Progress (3): 125 kB | 110/210 kB | 81/302 kB
2026.05.31 17:06:20 INFO  Progress (3): 125 kB | 110/210 kB | 85/302 kB
2026.05.31 17:06:20 INFO  Progress (3): 125 kB | 114/210 kB | 85/302 kB
2026.05.31 17:06:20 INFO  Progress (3): 125 kB | 114/210 kB | 89/302 kB
2026.05.31 17:06:20 INFO  Progress (3): 125 kB | 119/210 kB | 89/302 kB
2026.05.31 17:06:20 INFO                                               
2026.05.31 17:06:20 INFO  Downloaded from central: https://repo.maven.apache.org/maven2/org/ow2/asm/asm/9.7/asm-9.7.jar (125 kB at 814 kB/s)
2026.05.31 17:06:20 INFO  Progress (2): 119/210 kB | 94/302 kB
2026.05.31 17:06:20 INFO  Progress (2): 123/210 kB | 94/302 kB
2026.05.31 17:06:20 INFO                                      
2026.05.31 17:06:20 INFO  Downloading from central: https://repo.maven.apache.org/maven2/org/jacoco/org.jacoco.report/0.8.12/org.jacoco.report-0.8.12.jar
2026.05.31 17:06:20 INFO  Progress (2): 123/210 kB | 98/302 kB
2026.05.31 17:06:20 INFO  Progress (2): 127/210 kB | 98/302 kB
2026.05.31 17:06:20 INFO  Progress (2): 127/210 kB | 102/302 kB
2026.05.31 17:06:20 INFO  Progress (2): 127/210 kB | 106/302 kB
2026.05.31 17:06:20 INFO  Progress (2): 127/210 kB | 111/302 kB
2026.05.31 17:06:20 INFO  Progress (2): 127/210 kB | 115/302 kB
2026.05.31 17:06:20 INFO  Progress (2): 127/210 kB | 119/302 kB
2026.05.31 17:06:20 INFO  Progress (2): 127/210 kB | 123/302 kB
2026.05.31 17:06:20 INFO  Progress (2): 127/210 kB | 128/302 kB
2026.05.31 17:06:20 INFO  Progress (2): 131/210 kB | 128/302 kB
2026.05.31 17:06:20 INFO  Progress (2): 136/210 kB | 128/302 kB
2026.05.31 17:06:20 INFO  Progress (2): 140/210 kB | 128/302 kB
2026.05.31 17:06:20 INFO  Progress (2): 144/210 kB | 128/302 kB
2026.05.31 17:06:20 INFO  Progress (2): 147/210 kB | 128/302 kB
2026.05.31 17:06:20 INFO  Progress (2): 151/210 kB | 128/302 kB
2026.05.31 17:06:20 INFO  Progress (2): 155/210 kB | 128/302 kB
2026.05.31 17:06:20 INFO  Progress (2): 159/210 kB | 128/302 kB
2026.05.31 17:06:20 INFO  Progress (2): 163/210 kB | 128/302 kB
2026.05.31 17:06:20 INFO  Progress (2): 168/210 kB | 128/302 kB
2026.05.31 17:06:20 INFO  Progress (3): 168/210 kB | 128/302 kB | 7.7/73 kB
2026.05.31 17:06:20 INFO  Progress (3): 168/210 kB | 128/302 kB | 16/73 kB 
2026.05.31 17:06:20 INFO  Progress (3): 168/210 kB | 128/302 kB | 25/73 kB
2026.05.31 17:06:20 INFO  Progress (3): 168/210 kB | 132/302 kB | 25/73 kB
2026.05.31 17:06:20 INFO  Progress (3): 172/210 kB | 132/302 kB | 25/73 kB
2026.05.31 17:06:20 INFO  Progress (3): 172/210 kB | 136/302 kB | 25/73 kB
2026.05.31 17:06:20 INFO  Progress (3): 176/210 kB | 136/302 kB | 25/73 kB
2026.05.31 17:06:20 INFO  Progress (3): 176/210 kB | 140/302 kB | 25/73 kB
2026.05.31 17:06:20 INFO  Progress (3): 180/210 kB | 140/302 kB | 25/73 kB
2026.05.31 17:06:20 INFO  Progress (3): 185/210 kB | 140/302 kB | 25/73 kB
2026.05.31 17:06:20 INFO  Progress (3): 185/210 kB | 144/302 kB | 25/73 kB
2026.05.31 17:06:20 INFO  Progress (3): 189/210 kB | 144/302 kB | 25/73 kB
2026.05.31 17:06:20 INFO  Progress (3): 189/210 kB | 149/302 kB | 25/73 kB
2026.05.31 17:06:20 INFO  Progress (3): 189/210 kB | 153/302 kB | 25/73 kB
2026.05.31 17:06:20 INFO  Progress (3): 193/210 kB | 153/302 kB | 25/73 kB
2026.05.31 17:06:20 INFO  Progress (3): 193/210 kB | 157/302 kB | 25/73 kB
2026.05.31 17:06:20 INFO  Progress (3): 197/210 kB | 157/302 kB | 25/73 kB
2026.05.31 17:06:20 INFO  Progress (3): 197/210 kB | 161/302 kB | 25/73 kB
2026.05.31 17:06:20 INFO  Progress (3): 202/210 kB | 161/302 kB | 25/73 kB
2026.05.31 17:06:20 INFO  Progress (3): 202/210 kB | 166/302 kB | 25/73 kB
2026.05.31 17:06:20 INFO  Progress (3): 206/210 kB | 166/302 kB | 25/73 kB
2026.05.31 17:06:20 INFO  Progress (3): 210/210 kB | 166/302 kB | 25/73 kB
2026.05.31 17:06:20 INFO  Progress (3): 210 kB | 166/302 kB | 25/73 kB    
2026.05.31 17:06:20 INFO  Progress (3): 210 kB | 166/302 kB | 41/73 kB
2026.05.31 17:06:20 INFO  Progress (3): 210 kB | 166/302 kB | 57/73 kB
2026.05.31 17:06:20 INFO  Progress (3): 210 kB | 166/302 kB | 73 kB   
2026.05.31 17:06:20 INFO  Progress (3): 210 kB | 170/302 kB | 73 kB
2026.05.31 17:06:20 INFO  Progress (3): 210 kB | 174/302 kB | 73 kB
2026.05.31 17:06:20 INFO  Progress (3): 210 kB | 178/302 kB | 73 kB
2026.05.31 17:06:20 INFO  Progress (3): 210 kB | 183/302 kB | 73 kB
2026.05.31 17:06:20 INFO  Progress (3): 210 kB | 187/302 kB | 73 kB
2026.05.31 17:06:20 INFO  Progress (3): 210 kB | 191/302 kB | 73 kB
2026.05.31 17:06:20 INFO  Progress (3): 210 kB | 195/302 kB | 73 kB
2026.05.31 17:06:20 INFO  Progress (3): 210 kB | 199/302 kB | 73 kB
2026.05.31 17:06:20 INFO  Progress (3): 210 kB | 204/302 kB | 73 kB
2026.05.31 17:06:20 INFO  Progress (3): 210 kB | 208/302 kB | 73 kB
2026.05.31 17:06:20 INFO  Progress (3): 210 kB | 212/302 kB | 73 kB
2026.05.31 17:06:20 INFO  Progress (3): 210 kB | 216/302 kB | 73 kB
2026.05.31 17:06:20 INFO  Progress (3): 210 kB | 221/302 kB | 73 kB
2026.05.31 17:06:20 INFO  Progress (3): 210 kB | 225/302 kB | 73 kB
2026.05.31 17:06:20 INFO  Progress (3): 210 kB | 241/302 kB | 73 kB
2026.05.31 17:06:20 INFO  Progress (3): 210 kB | 258/302 kB | 73 kB
2026.05.31 17:06:20 INFO  Progress (4): 210 kB | 258/302 kB | 73 kB | 0.9/52 kB
2026.05.31 17:06:20 INFO  Progress (4): 210 kB | 258/302 kB | 73 kB | 2.3/52 kB
2026.05.31 17:06:20 INFO  Progress (4): 210 kB | 258/302 kB | 73 kB | 3.6/52 kB
2026.05.31 17:06:20 INFO  Progress (4): 210 kB | 258/302 kB | 73 kB | 5.0/52 kB
2026.05.31 17:06:20 INFO  Progress (4): 210 kB | 258/302 kB | 73 kB | 6.4/52 kB
2026.05.31 17:06:20 INFO  Progress (4): 210 kB | 258/302 kB | 73 kB | 7.7/52 kB
2026.05.31 17:06:20 INFO  Progress (4): 210 kB | 258/302 kB | 73 kB | 9.1/52 kB
2026.05.31 17:06:20 INFO  Progress (4): 210 kB | 258/302 kB | 73 kB | 10/52 kB 
2026.05.31 17:06:20 INFO  Progress (4): 210 kB | 258/302 kB | 73 kB | 12/52 kB
2026.05.31 17:06:20 INFO  Progress (4): 210 kB | 258/302 kB | 73 kB | 13/52 kB
2026.05.31 17:06:20 INFO  Progress (4): 210 kB | 258/302 kB | 73 kB | 15/52 kB
2026.05.31 17:06:20 INFO  Progress (4): 210 kB | 258/302 kB | 73 kB | 15/52 kB
2026.05.31 17:06:20 INFO  Progress (4): 210 kB | 258/302 kB | 73 kB | 17/52 kB
2026.05.31 17:06:20 INFO  Progress (4): 210 kB | 258/302 kB | 73 kB | 21/52 kB
2026.05.31 17:06:20 INFO  Progress (4): 210 kB | 258/302 kB | 73 kB | 25/52 kB
2026.05.31 17:06:20 INFO                                                      
2026.05.31 17:06:20 INFO  Downloaded from central: https://repo.maven.apache.org/maven2/org/jacoco/org.jacoco.core/0.8.12/org.jacoco.core-0.8.12.jar (210 kB at 1.1 MB/s)
2026.05.31 17:06:20 INFO  Progress (3): 258/302 kB | 73 kB | 30/52 kB
2026.05.31 17:06:20 INFO  Progress (3): 258/302 kB | 73 kB | 34/52 kB
2026.05.31 17:06:20 INFO  Progress (3): 258/302 kB | 73 kB | 38/52 kB
2026.05.31 17:06:20 INFO  Progress (3): 258/302 kB | 73 kB | 42/52 kB
2026.05.31 17:06:20 INFO  Progress (3): 258/302 kB | 73 kB | 46/52 kB
2026.05.31 17:06:20 INFO  Progress (3): 258/302 kB | 73 kB | 51/52 kB
2026.05.31 17:06:20 INFO  Progress (3): 258/302 kB | 73 kB | 52 kB   
2026.05.31 17:06:20 INFO  Progress (4): 258/302 kB | 73 kB | 52 kB | 0.9/131 kB
2026.05.31 17:06:20 INFO  Progress (4): 258/302 kB | 73 kB | 52 kB | 2.3/131 kB
2026.05.31 17:06:20 INFO  Progress (4): 258/302 kB | 73 kB | 52 kB | 3.2/131 kB
2026.05.31 17:06:20 INFO  Progress (4): 258/302 kB | 73 kB | 52 kB | 4.6/131 kB
2026.05.31 17:06:20 INFO  Progress (4): 258/302 kB | 73 kB | 52 kB | 5.9/131 kB
2026.05.31 17:06:20 INFO  Progress (4): 258/302 kB | 73 kB | 52 kB | 7.3/131 kB
2026.05.31 17:06:20 INFO  Progress (4): 258/302 kB | 73 kB | 52 kB | 8.7/131 kB
2026.05.31 17:06:20 INFO  Progress (4): 258/302 kB | 73 kB | 52 kB | 10/131 kB 
2026.05.31 17:06:20 INFO  Progress (4): 258/302 kB | 73 kB | 52 kB | 11/131 kB
2026.05.31 17:06:20 INFO  Progress (4): 258/302 kB | 73 kB | 52 kB | 13/131 kB
2026.05.31 17:06:20 INFO  Progress (4): 258/302 kB | 73 kB | 52 kB | 14/131 kB
2026.05.31 17:06:20 INFO  Progress (4): 274/302 kB | 73 kB | 52 kB | 14/131 kB
2026.05.31 17:06:20 INFO  Progress (4): 274/302 kB | 73 kB | 52 kB | 15/131 kB
2026.05.31 17:06:20 INFO  Progress (4): 274/302 kB | 73 kB | 52 kB | 17/131 kB
2026.05.31 17:06:20 INFO  Progress (4): 274/302 kB | 73 kB | 52 kB | 18/131 kB
2026.05.31 17:06:20 INFO  Progress (4): 274/302 kB | 73 kB | 52 kB | 20/131 kB
2026.05.31 17:06:20 INFO  Progress (4): 274/302 kB | 73 kB | 52 kB | 21/131 kB
2026.05.31 17:06:20 INFO  Progress (4): 274/302 kB | 73 kB | 52 kB | 22/131 kB
2026.05.31 17:06:20 INFO  Progress (4): 274/302 kB | 73 kB | 52 kB | 24/131 kB
2026.05.31 17:06:20 INFO  Progress (4): 274/302 kB | 73 kB | 52 kB | 25/131 kB
2026.05.31 17:06:20 INFO  Progress (4): 274/302 kB | 73 kB | 52 kB | 26/131 kB
2026.05.31 17:06:20 INFO  Progress (4): 274/302 kB | 73 kB | 52 kB | 28/131 kB
2026.05.31 17:06:20 INFO  Progress (4): 274/302 kB | 73 kB | 52 kB | 29/131 kB
2026.05.31 17:06:20 INFO  Progress (4): 274/302 kB | 73 kB | 52 kB | 31/131 kB
2026.05.31 17:06:20 INFO  Progress (4): 274/302 kB | 73 kB | 52 kB | 32/131 kB
2026.05.31 17:06:20 INFO                                                      
2026.05.31 17:06:20 INFO  Downloaded from central: https://repo.maven.apache.org/maven2/org/ow2/asm/asm-commons/9.7/asm-commons-9.7.jar (73 kB at 382 kB/s)
2026.05.31 17:06:20 INFO  Progress (3): 274/302 kB | 52 kB | 33/131 kB
2026.05.31 17:06:20 INFO  Progress (3): 274/302 kB | 52 kB | 35/131 kB
2026.05.31 17:06:20 INFO  Progress (3): 274/302 kB | 52 kB | 36/131 kB
2026.05.31 17:06:20 INFO  Progress (3): 274/302 kB | 52 kB | 37/131 kB
2026.05.31 17:06:20 INFO  Progress (3): 274/302 kB | 52 kB | 39/131 kB
2026.05.31 17:06:20 INFO  Progress (3): 274/302 kB | 52 kB | 40/131 kB
2026.05.31 17:06:20 INFO  Progress (3): 274/302 kB | 52 kB | 41/131 kB
2026.05.31 17:06:20 INFO  Progress (3): 290/302 kB | 52 kB | 41/131 kB
2026.05.31 17:06:20 INFO  Progress (3): 290/302 kB | 52 kB | 43/131 kB
2026.05.31 17:06:20 INFO  Progress (3): 290/302 kB | 52 kB | 47/131 kB
2026.05.31 17:06:20 INFO  Progress (3): 302 kB | 52 kB | 47/131 kB    
2026.05.31 17:06:20 INFO  Progress (3): 302 kB | 52 kB | 51/131 kB
2026.05.31 17:06:20 INFO  Progress (3): 302 kB | 52 kB | 56/131 kB
2026.05.31 17:06:20 INFO  Progress (3): 302 kB | 52 kB | 60/131 kB
2026.05.31 17:06:20 INFO  Progress (3): 302 kB | 52 kB | 64/131 kB
2026.05.31 17:06:20 INFO                                          
2026.05.31 17:06:20 INFO  Downloaded from central: https://repo.maven.apache.org/maven2/org/ow2/asm/asm-tree/9.7/asm-tree-9.7.jar (52 kB at 268 kB/s)
2026.05.31 17:06:20 INFO  Downloaded from central: https://repo.maven.apache.org/maven2/org/jacoco/org.jacoco.agent/0.8.12/org.jacoco.agent-0.8.12-runtime.jar (302 kB at 1.6 MB/s)
2026.05.31 17:06:20 INFO  Progress (1): 68/131 kB
2026.05.31 17:06:20 INFO  Progress (1): 72/131 kB
2026.05.31 17:06:20 INFO  Progress (1): 77/131 kB
2026.05.31 17:06:20 INFO  Progress (1): 81/131 kB
2026.05.31 17:06:20 INFO  Progress (1): 85/131 kB
2026.05.31 17:06:20 INFO  Progress (1): 89/131 kB
2026.05.31 17:06:20 INFO  Progress (1): 94/131 kB
2026.05.31 17:06:20 INFO  Progress (1): 98/131 kB
2026.05.31 17:06:20 INFO  Progress (1): 102/131 kB
2026.05.31 17:06:20 INFO  Progress (1): 106/131 kB
2026.05.31 17:06:20 INFO  Progress (1): 110/131 kB
2026.05.31 17:06:20 INFO  Progress (1): 115/131 kB
2026.05.31 17:06:20 INFO  Progress (1): 119/131 kB
2026.05.31 17:06:20 INFO  Progress (1): 123/131 kB
2026.05.31 17:06:20 INFO  Progress (1): 127/131 kB
2026.05.31 17:06:20 INFO  Progress (1): 131 kB    
2026.05.31 17:06:20 INFO                      
2026.05.31 17:06:20 INFO  Downloaded from central: https://repo.maven.apache.org/maven2/org/jacoco/org.jacoco.report/0.8.12/org.jacoco.report-0.8.12.jar (131 kB at 588 kB/s)
2026.05.31 17:06:20 INFO  [INFO] argLine set to -javaagent:C:\\Users\\ryanp\\.m2\\repository\\org\\jacoco\\org.jacoco.agent\\0.8.12\\org.jacoco.agent-0.8.12-runtime.jar=destfile=C:\\Users\\ryanp\\Desktop\\se333-demo\\target\\jacoco.exec
2026.05.31 17:06:20 INFO  [INFO] 
2026.05.31 17:06:20 INFO  [INFO] --- bloop:2.0.3:bloopInstall (default-cli) @ NumberUtils ---
2026.05.31 17:06:20 INFO  Downloading from central: https://repo.maven.apache.org/maven2/org/scala-lang/scala-library/2.13.8/scala-library-2.13.8.pom
2026.05.31 17:06:20 INFO  Progress (1): 1.2 kB
2026.05.31 17:06:20 INFO  Progress (1): 1.6 kB
2026.05.31 17:06:20 INFO                      
2026.05.31 17:06:20 INFO  Downloaded from central: https://repo.maven.apache.org/maven2/org/scala-lang/scala-library/2.13.8/scala-library-2.13.8.pom (1.6 kB at 36 kB/s)
2026.05.31 17:06:20 INFO  Downloading from central: https://repo.maven.apache.org/maven2/ch/epfl/scala/bloop-config_2.13/2.3.3/bloop-config_2.13-2.3.3.pom
2026.05.31 17:06:20 INFO  Progress (1): 1.4 kB
2026.05.31 17:06:20 INFO  Progress (1): 2.3 kB
2026.05.31 17:06:20 INFO                      
2026.05.31 17:06:20 INFO  Downloaded from central: https://repo.maven.apache.org/maven2/ch/epfl/scala/bloop-config_2.13/2.3.3/bloop-config_2.13-2.3.3.pom (2.3 kB at 43 kB/s)
2026.05.31 17:06:20 INFO  Downloading from central: https://repo.maven.apache.org/maven2/com/github/plokhotnyuk/jsoniter-scala/jsoniter-scala-core_2.13/2.13.5.2/jsoniter-scala-core_2.13-2.13.5.2.pom
2026.05.31 17:06:20 INFO  Progress (1): 1.4 kB
2026.05.31 17:06:20 INFO  Progress (1): 2.4 kB
2026.05.31 17:06:20 INFO                      
2026.05.31 17:06:20 INFO  Downloaded from central: https://repo.maven.apache.org/maven2/com/github/plokhotnyuk/jsoniter-scala/jsoniter-scala-core_2.13/2.13.5.2/jsoniter-scala-core_2.13-2.13.5.2.pom (2.4 kB at 45 kB/s)
2026.05.31 17:06:20 INFO  Downloading from central: https://repo.maven.apache.org/maven2/com/lihaoyi/unroll-annotation_2.13/0.1.12/unroll-annotation_2.13-0.1.12.pom
2026.05.31 17:06:20 INFO  Progress (1): 1.3 kB
2026.05.31 17:06:20 INFO  Progress (1): 1.5 kB
2026.05.31 17:06:20 INFO                      
2026.05.31 17:06:20 INFO  Downloaded from central: https://repo.maven.apache.org/maven2/com/lihaoyi/unroll-annotation_2.13/0.1.12/unroll-annotation_2.13-0.1.12.pom (1.5 kB at 31 kB/s)
2026.05.31 17:06:20 INFO  Downloading from central: https://repo.maven.apache.org/maven2/org/scala-lang/scala-library/2.13.12/scala-library-2.13.12.pom
2026.05.31 17:06:20 INFO  Progress (1): 1.2 kB
2026.05.31 17:06:20 INFO  Progress (1): 1.6 kB
2026.05.31 17:06:20 INFO                      
2026.05.31 17:06:20 INFO  Downloaded from central: https://repo.maven.apache.org/maven2/org/scala-lang/scala-library/2.13.12/scala-library-2.13.12.pom (1.6 kB at 30 kB/s)
2026.05.31 17:06:20 INFO  Downloading from central: https://repo.maven.apache.org/maven2/org/scala-lang/scala-library/2.13.16/scala-library-2.13.16.pom
2026.05.31 17:06:20 INFO  Progress (1): 1.1 kB
2026.05.31 17:06:20 INFO  Progress (1): 1.6 kB
2026.05.31 17:06:20 INFO                      
2026.05.31 17:06:20 INFO  Downloaded from central: https://repo.maven.apache.org/maven2/org/scala-lang/scala-library/2.13.16/scala-library-2.13.16.pom (1.6 kB at 28 kB/s)
2026.05.31 17:06:20 INFO  Downloading from central: https://repo.maven.apache.org/maven2/net/alchim31/maven/scala-maven-plugin/4.8.0/scala-maven-plugin-4.8.0.pom
2026.05.31 17:06:20 INFO  Progress (1): 995 B
2026.05.31 17:06:20 INFO  Progress (1): 3.5 kB
2026.05.31 17:06:20 INFO  Progress (1): 5.9 kB
2026.05.31 17:06:20 INFO  Progress (1): 11 kB 
2026.05.31 17:06:20 INFO  Progress (1): 14 kB
2026.05.31 17:06:20 INFO  Progress (1): 17 kB
2026.05.31 17:06:20 INFO  Progress (1): 21 kB
2026.05.31 17:06:20 INFO  Progress (1): 24 kB
2026.05.31 17:06:20 INFO  Progress (1): 26 kB
2026.05.31 17:06:20 INFO                     
2026.05.31 17:06:20 INFO  Downloaded from central: https://repo.maven.apache.org/maven2/net/alchim31/maven/scala-maven-plugin/4.8.0/scala-maven-plugin-4.8.0.pom (26 kB at 342 kB/s)
2026.05.31 17:06:20 INFO  Downloading from central: https://repo.maven.apache.org/maven2/org/apache/maven/shared/maven-dependency-tree/3.2.1/maven-dependency-tree-3.2.1.pom
2026.05.31 17:06:20 INFO  Progress (1): 786 B
2026.05.31 17:06:20 INFO  Progress (1): 2.2 kB
2026.05.31 17:06:20 INFO  Progress (1): 4.4 kB
2026.05.31 17:06:20 INFO  Progress (1): 6.2 kB
2026.05.31 17:06:20 INFO                      
2026.05.31 17:06:20 INFO  Downloaded from central: https://repo.maven.apache.org/maven2/org/apache/maven/shared/maven-dependency-tree/3.2.1/maven-dependency-tree-3.2.1.pom (6.2 kB at 125 kB/s)
2026.05.31 17:06:20 INFO  Downloading from central: https://repo.maven.apache.org/maven2/org/apache/maven/shared/maven-shared-components/37/maven-shared-components-37.pom
2026.05.31 17:06:21 INFO  Progress (1): 781 B
2026.05.31 17:06:21 INFO  Progress (1): 2.3 kB
2026.05.31 17:06:21 INFO  Progress (1): 4.5 kB
2026.05.31 17:06:21 INFO  Progress (1): 4.9 kB
2026.05.31 17:06:21 INFO                      
2026.05.31 17:06:21 INFO  Downloaded from central: https://repo.maven.apache.org/maven2/org/apache/maven/shared/maven-shared-components/37/maven-shared-components-37.pom (4.9 kB at 84 kB/s)
2026.05.31 17:06:21 INFO  Downloading from central: https://repo.maven.apache.org/maven2/org/apache/maven/maven-parent/37/maven-parent-37.pom
2026.05.31 17:06:21 INFO  Progress (1): 721 B
2026.05.31 17:06:21 INFO  Progress (1): 1.9 kB
2026.05.31 17:06:21 INFO  Progress (1): 5.4 kB
2026.05.31 17:06:21 INFO  Progress (1): 9.5 kB
2026.05.31 17:06:21 INFO  Progress (1): 14 kB 
2026.05.31 17:06:21 INFO  Progress (1): 19 kB
2026.05.31 17:06:21 INFO  Progress (1): 23 kB
2026.05.31 17:06:21 INFO  Progress (1): 26 kB
2026.05.31 17:06:21 INFO  Progress (1): 28 kB
2026.05.31 17:06:21 INFO  Progress (1): 30 kB
2026.05.31 17:06:21 INFO  Progress (1): 34 kB
2026.05.31 17:06:21 INFO  Progress (1): 37 kB
2026.05.31 17:06:21 INFO  Progress (1): 40 kB
2026.05.31 17:06:21 INFO  Progress (1): 45 kB
2026.05.31 17:06:21 INFO  Progress (1): 46 kB
2026.05.31 17:06:21 INFO                     
2026.05.31 17:06:21 INFO  Downloaded from central: https://repo.maven.apache.org/maven2/org/apache/maven/maven-parent/37/maven-parent-37.pom (46 kB at 661 kB/s)
2026.05.31 17:06:21 INFO  Downloading from central: https://repo.maven.apache.org/maven2/org/apache/apache/27/apache-27.pom
2026.05.31 17:06:21 INFO  Progress (1): 745 B
2026.05.31 17:06:21 INFO  Progress (1): 2.1 kB
2026.05.31 17:06:21 INFO  Progress (1): 3.9 kB
2026.05.31 17:06:21 INFO  Progress (1): 7.3 kB
2026.05.31 17:06:21 INFO  Progress (1): 12 kB 
2026.05.31 17:06:21 INFO  Progress (1): 16 kB
2026.05.31 17:06:21 INFO  Progress (1): 19 kB
2026.05.31 17:06:21 INFO  Progress (1): 20 kB
2026.05.31 17:06:21 INFO                     
2026.05.31 17:06:21 INFO  Downloaded from central: https://repo.maven.apache.org/maven2/org/apache/apache/27/apache-27.pom (20 kB at 339 kB/s)
2026.05.31 17:06:21 INFO  Downloading from central: https://repo.maven.apache.org/maven2/org/apache/maven/maven-archiver/3.6.0/maven-archiver-3.6.0.pom
2026.05.31 17:06:21 INFO  Progress (1): 796 B
2026.05.31 17:06:21 INFO  Progress (1): 2.2 kB
2026.05.31 17:06:21 INFO  Progress (1): 3.9 kB
2026.05.31 17:06:21 INFO                      
2026.05.31 17:06:21 INFO  Downloaded from central: https://repo.maven.apache.org/maven2/org/apache/maven/maven-archiver/3.6.0/maven-archiver-3.6.0.pom (3.9 kB at 73 kB/s)
2026.05.31 17:06:21 INFO  Downloading from central: https://repo.maven.apache.org/maven2/org/codehaus/plexus/plexus-io/3.4.0/plexus-io-3.4.0.pom
2026.05.31 17:06:21 INFO  Progress (1): 1.2 kB
2026.05.31 17:06:21 INFO  Progress (1): 3.8 kB
2026.05.31 17:06:21 INFO  Progress (1): 6.0 kB
2026.05.31 17:06:21 INFO                      
2026.05.31 17:06:21 INFO  Downloaded from central: https://repo.maven.apache.org/maven2/org/codehaus/plexus/plexus-io/3.4.0/plexus-io-3.4.0.pom (6.0 kB at 106 kB/s)
2026.05.31 17:06:21 INFO  Downloading from central: https://repo.maven.apache.org/maven2/org/codehaus/plexus/plexus-archiver/4.4.0/plexus-archiver-4.4.0.pom
2026.05.31 17:06:21 INFO  Progress (1): 1.2 kB
2026.05.31 17:06:21 INFO  Progress (1): 4.0 kB
2026.05.31 17:06:21 INFO  Progress (1): 6.2 kB
2026.05.31 17:06:21 INFO  Progress (1): 6.3 kB
2026.05.31 17:06:21 INFO                      
2026.05.31 17:06:21 INFO  Downloaded from central: https://repo.maven.apache.org/maven2/org/codehaus/plexus/plexus-archiver/4.4.0/plexus-archiver-4.4.0.pom (6.3 kB at 104 kB/s)
2026.05.31 17:06:21 INFO  Downloading from central: https://repo.maven.apache.org/maven2/org/apache/commons/commons-exec/1.3/commons-exec-1.3.pom
2026.05.31 17:06:21 INFO  Progress (1): 788 B
2026.05.31 17:06:21 INFO  Progress (1): 2.3 kB
2026.05.31 17:06:21 INFO  Progress (1): 5.3 kB
2026.05.31 17:06:21 INFO  Progress (1): 7.8 kB
2026.05.31 17:06:21 INFO  Progress (1): 10 kB 
2026.05.31 17:06:21 INFO  Progress (1): 11 kB
2026.05.31 17:06:21 INFO                     
2026.05.31 17:06:21 INFO  Downloaded from central: https://repo.maven.apache.org/maven2/org/apache/commons/commons-exec/1.3/commons-exec-1.3.pom (11 kB at 186 kB/s)
2026.05.31 17:06:21 INFO  Downloading from central: https://repo.maven.apache.org/maven2/org/apache/commons/commons-parent/35/commons-parent-35.pom
2026.05.31 17:06:21 INFO  Progress (1): 714 B
2026.05.31 17:06:21 INFO  Progress (1): 2.0 kB
2026.05.31 17:06:21 INFO  Progress (1): 3.3 kB
2026.05.31 17:06:21 INFO  Progress (1): 4.8 kB
2026.05.31 17:06:21 INFO  Progress (1): 8.2 kB
2026.05.31 17:06:21 INFO  Progress (1): 11 kB 
2026.05.31 17:06:21 INFO  Progress (1): 15 kB
2026.05.31 17:06:21 INFO  Progress (1): 18 kB
2026.05.31 17:06:21 INFO  Progress (1): 21 kB
2026.05.31 17:06:21 INFO  Progress (1): 24 kB
2026.05.31 17:06:21 INFO  Progress (1): 26 kB
2026.05.31 17:06:21 INFO  Progress (1): 30 kB
2026.05.31 17:06:21 INFO  Progress (1): 32 kB
2026.05.31 17:06:21 INFO  Progress (1): 36 kB
2026.05.31 17:06:21 INFO  Progress (1): 41 kB
2026.05.31 17:06:21 INFO  Progress (1): 42 kB
2026.05.31 17:06:21 INFO  Progress (1): 46 kB
2026.05.31 17:06:21 INFO  Progress (1): 48 kB
2026.05.31 17:06:21 INFO  Progress (1): 51 kB
2026.05.31 17:06:21 INFO  Progress (1): 53 kB
2026.05.31 17:06:21 INFO  Progress (1): 56 kB
2026.05.31 17:06:21 INFO  Progress (1): 57 kB
2026.05.31 17:06:21 INFO  Progress (1): 58 kB
2026.05.31 17:06:21 INFO                     
2026.05.31 17:06:21 INFO  Downloaded from central: https://repo.maven.apache.org/maven2/org/apache/commons/commons-parent/35/commons-parent-35.pom (58 kB at 850 kB/s)
2026.05.31 17:06:21 INFO  Downloading from central: https://repo.maven.apache.org/maven2/org/codehaus/plexus/plexus-archiver/4.6.0/plexus-archiver-4.6.0.pom
2026.05.31 17:06:21 INFO  Progress (1): 1.2 kB
2026.05.31 17:06:21 INFO  Progress (1): 4.1 kB
2026.05.31 17:06:21 INFO  Progress (1): 6.3 kB
2026.05.31 17:06:21 INFO  Progress (1): 6.5 kB
2026.05.31 17:06:21 INFO                      
2026.05.31 17:06:21 INFO  Downloaded from central: https://repo.maven.apache.org/maven2/org/codehaus/plexus/plexus-archiver/4.6.0/plexus-archiver-4.6.0.pom (6.5 kB at 139 kB/s)
2026.05.31 17:06:21 INFO  Downloading from central: https://repo.maven.apache.org/maven2/com/github/luben/zstd-jni/1.5.2-5/zstd-jni-1.5.2-5.pom
2026.05.31 17:06:21 INFO  Progress (1): 1.1 kB
2026.05.31 17:06:21 INFO  Progress (1): 1.9 kB
2026.05.31 17:06:21 INFO                      
2026.05.31 17:06:21 INFO  Downloaded from central: https://repo.maven.apache.org/maven2/com/github/luben/zstd-jni/1.5.2-5/zstd-jni-1.5.2-5.pom (1.9 kB at 36 kB/s)
2026.05.31 17:06:21 INFO  Downloading from central: https://repo.maven.apache.org/maven2/org/codehaus/plexus/plexus-classworlds/2.7.0/plexus-classworlds-2.7.0.pom
2026.05.31 17:06:21 INFO  Progress (1): 915 B
2026.05.31 17:06:21 INFO  Progress (1): 2.5 kB
2026.05.31 17:06:21 INFO  Progress (1): 5.7 kB
2026.05.31 17:06:21 INFO  Progress (1): 7.6 kB
2026.05.31 17:06:22 INFO                      
2026.05.31 17:06:22 INFO  Downloaded from central: https://repo.maven.apache.org/maven2/org/codehaus/plexus/plexus-classworlds/2.7.0/plexus-classworlds-2.7.0.pom (7.6 kB at 132 kB/s)
2026.05.31 17:06:22 INFO  Downloading from central: https://repo.maven.apache.org/maven2/org/scala-sbt/zinc_2.13/1.8.0/zinc_2.13-1.8.0.pom
2026.05.31 17:06:22 INFO  Progress (1): 1.3 kB
2026.05.31 17:06:22 INFO  Progress (1): 4.1 kB
2026.05.31 17:06:22 INFO                      
2026.05.31 17:06:22 INFO  Downloaded from central: https://repo.maven.apache.org/maven2/org/scala-sbt/zinc_2.13/1.8.0/zinc_2.13-1.8.0.pom (4.1 kB at 76 kB/s)
2026.05.31 17:06:22 INFO  Downloading from central: https://repo.maven.apache.org/maven2/org/scala-sbt/zinc-core_2.13/1.8.0/zinc-core_2.13-1.8.0.pom
2026.05.31 17:06:22 INFO  Progress (1): 1.3 kB
2026.05.31 17:06:22 INFO  Progress (1): 5.3 kB
2026.05.31 17:06:22 INFO                      
2026.05.31 17:06:22 INFO  Downloaded from central: https://repo.maven.apache.org/maven2/org/scala-sbt/zinc-core_2.13/1.8.0/zinc-core_2.13-1.8.0.pom (5.3 kB at 88 kB/s)
2026.05.31 17:06:22 INFO  Downloading from central: https://repo.maven.apache.org/maven2/org/scala-sbt/zinc-compile-core_2.13/1.8.0/zinc-compile-core_2.13-1.8.0.pom
2026.05.31 17:06:22 INFO  Progress (1): 1.2 kB
2026.05.31 17:06:22 INFO  Progress (1): 5.5 kB
2026.05.31 17:06:22 INFO                      
2026.05.31 17:06:22 INFO  Downloaded from central: https://repo.maven.apache.org/maven2/org/scala-sbt/zinc-compile-core_2.13/1.8.0/zinc-compile-core_2.13-1.8.0.pom (5.5 kB at 94 kB/s)
2026.05.31 17:06:22 INFO  Downloading from central: https://repo.maven.apache.org/maven2/org/scala-sbt/compiler-interface/1.8.0/compiler-interface-1.8.0.pom
2026.05.31 17:06:22 INFO  Progress (1): 1.3 kB
2026.05.31 17:06:22 INFO  Progress (1): 3.0 kB
2026.05.31 17:06:22 INFO                      
2026.05.31 17:06:22 INFO  Downloaded from central: https://repo.maven.apache.org/maven2/org/scala-sbt/compiler-interface/1.8.0/compiler-interface-1.8.0.pom (3.0 kB at 57 kB/s)
2026.05.31 17:06:22 INFO  Downloading from central: https://repo.maven.apache.org/maven2/org/scala-sbt/util-interface/1.8.0/util-interface-1.8.0.pom
2026.05.31 17:06:22 INFO  Progress (1): 1.3 kB
2026.05.31 17:06:22 INFO  Progress (1): 2.6 kB
2026.05.31 17:06:22 INFO                      
2026.05.31 17:06:22 INFO  Downloaded from central: https://repo.maven.apache.org/maven2/org/scala-sbt/util-interface/1.8.0/util-interface-1.8.0.pom (2.6 kB at 45 kB/s)
2026.05.31 17:06:22 INFO  Downloading from central: https://repo.maven.apache.org/maven2/org/scala-sbt/zinc-classpath_2.13/1.8.0/zinc-classpath_2.13-1.8.0.pom
2026.05.31 17:06:22 INFO  Progress (1): 1.3 kB
2026.05.31 17:06:22 INFO  Progress (1): 3.9 kB
2026.05.31 17:06:22 INFO                      
2026.05.31 17:06:22 INFO  Downloaded from central: https://repo.maven.apache.org/maven2/org/scala-sbt/zinc-classpath_2.13/1.8.0/zinc-classpath_2.13-1.8.0.pom (3.9 kB at 69 kB/s)
2026.05.31 17:06:22 INFO  Downloading from central: https://repo.maven.apache.org/maven2/org/scala-lang/scala-compiler/2.13.8/scala-compiler-2.13.8.pom
2026.05.31 17:06:22 INFO  Progress (1): 1.2 kB
2026.05.31 17:06:22 INFO  Progress (1): 2.3 kB
2026.05.31 17:06:22 INFO                      
2026.05.31 17:06:22 INFO  Downloaded from central: https://repo.maven.apache.org/maven2/org/scala-lang/scala-compiler/2.13.8/scala-compiler-2.13.8.pom (2.3 kB at 39 kB/s)
2026.05.31 17:06:22 INFO  Downloading from central: https://repo.maven.apache.org/maven2/org/scala-lang/scala-reflect/2.13.8/scala-reflect-2.13.8.pom
2026.05.31 17:06:22 INFO  Progress (1): 1.2 kB
2026.05.31 17:06:22 INFO  Progress (1): 1.8 kB
2026.05.31 17:06:22 INFO                      
2026.05.31 17:06:22 INFO  Downloaded from central: https://repo.maven.apache.org/maven2/org/scala-lang/scala-reflect/2.13.8/scala-reflect-2.13.8.pom (1.8 kB at 33 kB/s)
2026.05.31 17:06:22 INFO  Downloading from central: https://repo.maven.apache.org/maven2/net/java/dev/jna/jna/5.9.0/jna-5.9.0.pom
2026.05.31 17:06:22 INFO  Progress (1): 1.4 kB
2026.05.31 17:06:22 INFO  Progress (1): 2.0 kB
2026.05.31 17:06:22 INFO                      
2026.05.31 17:06:22 INFO  Downloaded from central: https://repo.maven.apache.org/maven2/net/java/dev/jna/jna/5.9.0/jna-5.9.0.pom (2.0 kB at 35 kB/s)
2026.05.31 17:06:22 INFO  Downloading from central: https://repo.maven.apache.org/maven2/org/scala-sbt/io_2.13/1.8.0/io_2.13-1.8.0.pom
2026.05.31 17:06:22 INFO  Progress (1): 1.4 kB
2026.05.31 17:06:22 INFO  Progress (1): 3.3 kB
2026.05.31 17:06:22 INFO                      
2026.05.31 17:06:22 INFO  Downloaded from central: https://repo.maven.apache.org/maven2/org/scala-sbt/io_2.13/1.8.0/io_2.13-1.8.0.pom (3.3 kB at 55 kB/s)
2026.05.31 17:06:22 INFO  Downloading from central: https://repo.maven.apache.org/maven2/com/swoval/file-tree-views/2.1.9/file-tree-views-2.1.9.pom
2026.05.31 17:06:22 INFO  Progress (1): 1.4 kB
2026.05.31 17:06:22 INFO  Progress (1): 1.7 kB
2026.05.31 17:06:22 INFO                      
2026.05.31 17:06:22 INFO  Downloaded from central: https://repo.maven.apache.org/maven2/com/swoval/file-tree-views/2.1.9/file-tree-views-2.1.9.pom (1.7 kB at 27 kB/s)
2026.05.31 17:06:22 INFO  Downloading from central: https://repo.maven.apache.org/maven2/net/java/dev/jna/jna/5.12.0/jna-5.12.0.pom
2026.05.31 17:06:22 INFO  Progress (1): 1.4 kB
2026.05.31 17:06:22 INFO  Progress (1): 2.0 kB
2026.05.31 17:06:22 INFO                      
2026.05.31 17:06:22 INFO  Downloaded from central: https://repo.maven.apache.org/maven2/net/java/dev/jna/jna/5.12.0/jna-5.12.0.pom (2.0 kB at 39 kB/s)
2026.05.31 17:06:22 INFO  Downloading from central: https://repo.maven.apache.org/maven2/net/java/dev/jna/jna-platform/5.12.0/jna-platform-5.12.0.pom
2026.05.31 17:06:22 INFO  Progress (1): 1.3 kB
2026.05.31 17:06:22 INFO  Progress (1): 2.3 kB
2026.05.31 17:06:22 INFO                      
2026.05.31 17:06:22 INFO  Downloaded from central: https://repo.maven.apache.org/maven2/net/java/dev/jna/jna-platform/5.12.0/jna-platform-5.12.0.pom (2.3 kB at 40 kB/s)
2026.05.31 17:06:22 INFO  Downloading from central: https://repo.maven.apache.org/maven2/org/scala-sbt/zinc-apiinfo_2.13/1.8.0/zinc-apiinfo_2.13-1.8.0.pom
2026.05.31 17:06:24 INFO  Progress (1): 1.3 kB
2026.05.31 17:06:24 INFO  Progress (1): 3.8 kB
2026.05.31 17:06:24 INFO                      
2026.05.31 17:06:24 INFO  Downloaded from central: https://repo.maven.apache.org/maven2/org/scala-sbt/zinc-apiinfo_2.13/1.8.0/zinc-apiinfo_2.13-1.8.0.pom (3.8 kB at 59 kB/s)
2026.05.31 17:06:24 INFO  Downloading from central: https://repo.maven.apache.org/maven2/org/scala-sbt/compiler-bridge_2.13/1.8.0/compiler-bridge_2.13-1.8.0.pom
2026.05.31 17:06:24 INFO  Progress (1): 1.3 kB
2026.05.31 17:06:24 INFO  Progress (1): 2.8 kB
2026.05.31 17:06:24 INFO                      
2026.05.31 17:06:24 INFO  Downloaded from central: https://repo.maven.apache.org/maven2/org/scala-sbt/compiler-bridge_2.13/1.8.0/compiler-bridge_2.13-1.8.0.pom (2.8 kB at 56 kB/s)
2026.05.31 17:06:24 INFO  Downloading from central: https://repo.maven.apache.org/maven2/org/scala-sbt/zinc-classfile_2.13/1.8.0/zinc-classfile_2.13-1.8.0.pom
2026.05.31 17:06:24 INFO  Progress (1): 1.3 kB
2026.05.31 17:06:24 INFO  Progress (1): 4.0 kB
2026.05.31 17:06:24 INFO                      
2026.05.31 17:06:24 INFO  Downloaded from central: https://repo.maven.apache.org/maven2/org/scala-sbt/zinc-classfile_2.13/1.8.0/zinc-classfile_2.13-1.8.0.pom (4.0 kB at 65 kB/s)
2026.05.31 17:06:24 INFO  Downloading from central: https://repo.maven.apache.org/maven2/org/scala-sbt/util-logging_2.13/1.8.0/util-logging_2.13-1.8.0.pom
2026.05.31 17:06:24 INFO  Progress (1): 1.2 kB
2026.05.31 17:06:24 INFO  Progress (1): 5.6 kB
2026.05.31 17:06:24 INFO  Progress (1): 5.7 kB
2026.05.31 17:06:24 INFO                      
2026.05.31 17:06:24 INFO  Downloaded from central: https://repo.maven.apache.org/maven2/org/scala-sbt/util-logging_2.13/1.8.0/util-logging_2.13-1.8.0.pom (5.7 kB at 99 kB/s)
2026.05.31 17:06:24 INFO  Downloading from central: https://repo.maven.apache.org/maven2/org/scala-sbt/collections_2.13/1.8.0/collections_2.13-1.8.0.pom
2026.05.31 17:06:24 INFO  Progress (1): 1.3 kB
2026.05.31 17:06:24 INFO  Progress (1): 4.4 kB
2026.05.31 17:06:24 INFO                      
2026.05.31 17:06:24 INFO  Downloaded from central: https://repo.maven.apache.org/maven2/org/scala-sbt/collections_2.13/1.8.0/collections_2.13-1.8.0.pom (4.4 kB at 76 kB/s)
2026.05.31 17:06:24 INFO  Downloading from central: https://repo.maven.apache.org/maven2/org/scala-sbt/util-position_2.13/1.8.0/util-position_2.13-1.8.0.pom
2026.05.31 17:06:24 INFO  Progress (1): 1.3 kB
2026.05.31 17:06:24 INFO  Progress (1): 3.2 kB
2026.05.31 17:06:24 INFO                      
2026.05.31 17:06:24 INFO  Downloaded from central: https://repo.maven.apache.org/maven2/org/scala-sbt/util-position_2.13/1.8.0/util-position_2.13-1.8.0.pom (3.2 kB at 55 kB/s)
2026.05.31 17:06:24 INFO  Downloading from central: https://repo.maven.apache.org/maven2/org/scala-lang/modules/scala-parallel-collections_2.13/0.2.0/scala-parallel-collections_2.13-0.2.0.pom
2026.05.31 17:06:24 INFO  Progress (1): 1.4 kB
2026.05.31 17:06:24 INFO  Progress (1): 1.8 kB
2026.05.31 17:06:24 INFO                      
2026.05.31 17:06:24 INFO  Downloaded from central: https://repo.maven.apache.org/maven2/org/scala-lang/modules/scala-parallel-collections_2.13/0.2.0/scala-parallel-collections_2.13-0.2.0.pom (1.8 kB at 27 kB/s)
2026.05.31 17:06:24 INFO  Downloading from central: https://repo.maven.apache.org/maven2/org/scala-lang/scala-library/2.13.0/scala-library-2.13.0.pom
2026.05.31 17:06:24 INFO  Progress (1): 1.2 kB
2026.05.31 17:06:24 INFO  Progress (1): 1.6 kB
2026.05.31 17:06:24 INFO                      
2026.05.31 17:06:24 INFO  Downloaded from central: https://repo.maven.apache.org/maven2/org/scala-lang/scala-library/2.13.0/scala-library-2.13.0.pom (1.6 kB at 29 kB/s)
2026.05.31 17:06:24 INFO  Downloading from central: https://repo.maven.apache.org/maven2/org/scala-sbt/core-macros_2.13/1.8.0/core-macros_2.13-1.8.0.pom
2026.05.31 17:06:24 INFO  Progress (1): 1.3 kB
2026.05.31 17:06:24 INFO  Progress (1): 3.1 kB
2026.05.31 17:06:24 INFO                      
2026.05.31 17:06:24 INFO  Downloaded from central: https://repo.maven.apache.org/maven2/org/scala-sbt/core-macros_2.13/1.8.0/core-macros_2.13-1.8.0.pom (3.1 kB at 55 kB/s)
2026.05.31 17:06:24 INFO  Downloading from central: https://repo.maven.apache.org/maven2/org/jline/jline-terminal/3.19.0/jline-terminal-3.19.0.pom
2026.05.31 17:06:24 INFO  Progress (1): 1.2 kB
2026.05.31 17:06:24 INFO  Progress (1): 1.3 kB
2026.05.31 17:06:24 INFO                      
2026.05.31 17:06:24 INFO  Downloaded from central: https://repo.maven.apache.org/maven2/org/jline/jline-terminal/3.19.0/jline-terminal-3.19.0.pom (1.3 kB at 20 kB/s)
2026.05.31 17:06:24 INFO  Downloading from central: https://repo.maven.apache.org/maven2/org/jline/jline-parent/3.19.0/jline-parent-3.19.0.pom
2026.05.31 17:06:24 INFO  Progress (1): 930 B
2026.05.31 17:06:24 INFO  Progress (1): 2.9 kB
2026.05.31 17:06:24 INFO  Progress (1): 8.3 kB
2026.05.31 17:06:24 INFO  Progress (1): 13 kB 
2026.05.31 17:06:24 INFO  Progress (1): 16 kB
2026.05.31 17:06:24 INFO  Progress (1): 20 kB
2026.05.31 17:06:24 INFO  Progress (1): 24 kB
2026.05.31 17:06:24 INFO                     
2026.05.31 17:06:24 INFO  Downloaded from central: https://repo.maven.apache.org/maven2/org/jline/jline-parent/3.19.0/jline-parent-3.19.0.pom (24 kB at 386 kB/s)
2026.05.31 17:06:24 INFO  Downloading from central: https://repo.maven.apache.org/maven2/org/scala-lang/modules/scala-parser-combinators_2.13/1.1.2/scala-parser-combinators_2.13-1.1.2.pom
2026.05.31 17:06:24 INFO  Progress (1): 1.4 kB
2026.05.31 17:06:24 INFO  Progress (1): 2.2 kB
2026.05.31 17:06:24 INFO                      
2026.05.31 17:06:24 INFO  Downloaded from central: https://repo.maven.apache.org/maven2/org/scala-lang/modules/scala-parser-combinators_2.13/1.1.2/scala-parser-combinators_2.13-1.1.2.pom (2.2 kB at 35 kB/s)
2026.05.31 17:06:24 INFO  Downloading from central: https://repo.maven.apache.org/maven2/net/openhft/zero-allocation-hashing/0.10.1/zero-allocation-hashing-0.10.1.pom
2026.05.31 17:06:24 INFO  Progress (1): 805 B
2026.05.31 17:06:24 INFO  Progress (1): 2.6 kB
2026.05.31 17:06:24 INFO  Progress (1): 5.9 kB
2026.05.31 17:06:24 INFO  Progress (1): 8.1 kB
2026.05.31 17:06:24 INFO                      
2026.05.31 17:06:24 INFO  Downloaded from central: https://repo.maven.apache.org/maven2/net/openhft/zero-allocation-hashing/0.10.1/zero-allocation-hashing-0.10.1.pom (8.1 kB at 128 kB/s)
2026.05.31 17:06:24 INFO  Downloading from central: https://repo.maven.apache.org/maven2/net/openhft/root-parent-pom/1.1.13/root-parent-pom-1.1.13.pom
2026.05.31 17:06:24 INFO  Progress (1): 788 B
2026.05.31 17:06:24 INFO  Progress (1): 3.4 kB
2026.05.31 17:06:24 INFO  Progress (1): 7.4 kB
2026.05.31 17:06:24 INFO  Progress (1): 9.8 kB
2026.05.31 17:06:25 INFO                      
2026.05.31 17:06:25 INFO  Downloaded from central: https://repo.maven.apache.org/maven2/net/openhft/root-parent-pom/1.1.13/root-parent-pom-1.1.13.pom (9.8 kB at 199 kB/s)
2026.05.31 17:06:25 INFO  Downloading from central: https://repo.maven.apache.org/maven2/org/scala-sbt/util-control_2.13/1.8.0/util-control_2.13-1.8.0.pom
2026.05.31 17:06:25 INFO  Progress (1): 1.3 kB
2026.05.31 17:06:25 INFO  Progress (1): 2.8 kB
2026.05.31 17:06:25 INFO                      
2026.05.31 17:06:25 INFO  Downloaded from central: https://repo.maven.apache.org/maven2/org/scala-sbt/util-control_2.13/1.8.0/util-control_2.13-1.8.0.pom (2.8 kB at 49 kB/s)
2026.05.31 17:06:25 INFO  Downloading from central: https://repo.maven.apache.org/maven2/org/scala-sbt/zinc-persist-core-assembly/1.8.0/zinc-persist-core-assembly-1.8.0.pom
2026.05.31 17:06:25 INFO  Progress (1): 1.3 kB
2026.05.31 17:06:25 INFO  Progress (1): 2.4 kB
2026.05.31 17:06:25 INFO                      
2026.05.31 17:06:25 INFO  Downloaded from central: https://repo.maven.apache.org/maven2/org/scala-sbt/zinc-persist-core-assembly/1.8.0/zinc-persist-core-assembly-1.8.0.pom (2.4 kB at 42 kB/s)
2026.05.31 17:06:25 INFO  Downloading from central: https://repo.maven.apache.org/maven2/org/scala-sbt/util-relation_2.13/1.8.0/util-relation_2.13-1.8.0.pom
2026.05.31 17:06:25 INFO  Progress (1): 1.3 kB
2026.05.31 17:06:25 INFO  Progress (1): 3.0 kB
2026.05.31 17:06:25 INFO                      
2026.05.31 17:06:25 INFO  Downloaded from central: https://repo.maven.apache.org/maven2/org/scala-sbt/util-relation_2.13/1.8.0/util-relation_2.13-1.8.0.pom (3.0 kB at 50 kB/s)
2026.05.31 17:06:25 INFO  Downloading from central: https://repo.maven.apache.org/maven2/org/scala-sbt/zinc-persist_2.13/1.8.0/zinc-persist_2.13-1.8.0.pom
2026.05.31 17:06:25 INFO  Progress (1): 1.3 kB
2026.05.31 17:06:25 INFO  Progress (1): 4.3 kB
2026.05.31 17:06:25 INFO                      
2026.05.31 17:06:25 INFO  Downloaded from central: https://repo.maven.apache.org/maven2/org/scala-sbt/zinc-persist_2.13/1.8.0/zinc-persist_2.13-1.8.0.pom (4.3 kB at 81 kB/s)
2026.05.31 17:06:25 INFO  Downloading from central: https://repo.maven.apache.org/maven2/org/scala-lang/scala-library/2.13.8/scala-library-2.13.8.jar
2026.05.31 17:06:25 INFO  Progress (1): 0/6.0 MB
2026.05.31 17:06:25 INFO  Progress (1): 0/6.0 MB
2026.05.31 17:06:25 INFO  Progress (1): 0/6.0 MB
2026.05.31 17:06:25 INFO  Progress (1): 0/6.0 MB
2026.05.31 17:06:25 INFO  Progress (1): 0.1/6.0 MB
2026.05.31 17:06:25 INFO  Progress (1): 0.1/6.0 MB
2026.05.31 17:06:25 INFO  Progress (1): 0.1/6.0 MB
2026.05.31 17:06:25 INFO  Progress (1): 0.1/6.0 MB
2026.05.31 17:06:25 INFO  Progress (1): 0.1/6.0 MB
2026.05.31 17:06:25 INFO  Progress (1): 0.1/6.0 MB
2026.05.31 17:06:25 INFO  Progress (1): 0.1/6.0 MB
2026.05.31 17:06:25 INFO  Progress (1): 0.2/6.0 MB
2026.05.31 17:06:25 INFO  Progress (1): 0.2/6.0 MB
2026.05.31 17:06:25 INFO  Progress (1): 0.2/6.0 MB
2026.05.31 17:06:25 INFO  Progress (1): 0.2/6.0 MB
2026.05.31 17:06:25 INFO  Progress (1): 0.2/6.0 MB
2026.05.31 17:06:25 INFO  Progress (1): 0.2/6.0 MB
2026.05.31 17:06:25 INFO  Progress (1): 0.2/6.0 MB
2026.05.31 17:06:25 INFO  Progress (1): 0.2/6.0 MB
2026.05.31 17:06:25 INFO  Progress (1): 0.3/6.0 MB
2026.05.31 17:06:25 INFO  Progress (1): 0.3/6.0 MB
2026.05.31 17:06:25 INFO  Progress (1): 0.3/6.0 MB
2026.05.31 17:06:25 INFO  Progress (1): 0.3/6.0 MB
2026.05.31 17:06:25 INFO  Progress (1): 0.3/6.0 MB
2026.05.31 17:06:25 INFO  Progress (1): 0.3/6.0 MB
2026.05.31 17:06:25 INFO  Progress (1): 0.4/6.0 MB
2026.05.31 17:06:25 INFO  Progress (1): 0.4/6.0 MB
2026.05.31 17:06:25 INFO  Progress (1): 0.4/6.0 MB
2026.05.31 17:06:25 INFO  Progress (1): 0.4/6.0 MB
2026.05.31 17:06:25 INFO  Progress (1): 0.4/6.0 MB
2026.05.31 17:06:25 INFO  Progress (1): 0.4/6.0 MB
2026.05.31 17:06:25 INFO  Progress (1): 0.5/6.0 MB
2026.05.31 17:06:25 INFO  Progress (1): 0.5/6.0 MB
2026.05.31 17:06:25 INFO  Progress (1): 0.5/6.0 MB
2026.05.31 17:06:25 INFO  Progress (1): 0.5/6.0 MB
2026.05.31 17:06:25 INFO  Progress (1): 0.5/6.0 MB
2026.05.31 17:06:25 INFO  Progress (1): 0.5/6.0 MB
2026.05.31 17:06:25 INFO  Progress (1): 0.6/6.0 MB
2026.05.31 17:06:25 INFO  Progress (1): 0.6/6.0 MB
2026.05.31 17:06:25 INFO  Progress (1): 0.6/6.0 MB
2026.05.31 17:06:25 INFO  Progress (1): 0.6/6.0 MB
2026.05.31 17:06:25 INFO  Progress (1): 0.6/6.0 MB
2026.05.31 17:06:25 INFO  Progress (1): 0.6/6.0 MB
2026.05.31 17:06:25 INFO  Progress (1): 0.7/6.0 MB
2026.05.31 17:06:25 INFO  Progress (1): 0.7/6.0 MB
2026.05.31 17:06:25 INFO  Progress (1): 0.7/6.0 MB
2026.05.31 17:06:25 INFO  Progress (1): 0.7/6.0 MB
2026.05.31 17:06:25 INFO  Progress (1): 0.7/6.0 MB
2026.05.31 17:06:25 INFO  Progress (1): 0.7/6.0 MB
2026.05.31 17:06:25 INFO  Progress (1): 0.8/6.0 MB
2026.05.31 17:06:25 INFO  Progress (1): 0.8/6.0 MB
2026.05.31 17:06:25 INFO  Progress (1): 0.8/6.0 MB
2026.05.31 17:06:25 INFO  Progress (1): 0.8/6.0 MB
2026.05.31 17:06:25 INFO  Progress (1): 0.8/6.0 MB
2026.05.31 17:06:25 INFO  Progress (1): 0.8/6.0 MB
2026.05.31 17:06:25 INFO  Progress (1): 0.9/6.0 MB
2026.05.31 17:06:25 INFO  Progress (1): 0.9/6.0 MB
2026.05.31 17:06:25 INFO  Progress (1): 0.9/6.0 MB
2026.05.31 17:06:25 INFO  Progress (1): 0.9/6.0 MB
2026.05.31 17:06:25 INFO  Progress (1): 0.9/6.0 MB
2026.05.31 17:06:25 INFO  Progress (1): 0.9/6.0 MB
2026.05.31 17:06:25 INFO  Progress (1): 1.0/6.0 MB
2026.05.31 17:06:25 INFO  Progress (1): 1.0/6.0 MB
2026.05.31 17:06:25 INFO  Progress (1): 1.0/6.0 MB
2026.05.31 17:06:25 INFO  Progress (1): 1.0/6.0 MB
2026.05.31 17:06:25 INFO  Progress (1): 1.0/6.0 MB
2026.05.31 17:06:25 INFO  Progress (1): 1.0/6.0 MB
2026.05.31 17:06:25 INFO  Progress (1): 1.0/6.0 MB
2026.05.31 17:06:25 INFO  Progress (1): 1.1/6.0 MB
2026.05.31 17:06:25 INFO  Progress (1): 1.1/6.0 MB
2026.05.31 17:06:25 INFO  Progress (1): 1.1/6.0 MB
2026.05.31 17:06:25 INFO  Progress (1): 1.1/6.0 MB
2026.05.31 17:06:25 INFO  Progress (1): 1.1/6.0 MB
2026.05.31 17:06:25 INFO  Progress (1): 1.1/6.0 MB
2026.05.31 17:06:25 INFO  Progress (1): 1.2/6.0 MB
2026.05.31 17:06:25 INFO  Progress (1): 1.2/6.0 MB
2026.05.31 17:06:25 INFO  Progress (1): 1.2/6.0 MB
2026.05.31 17:06:25 INFO  Progress (1): 1.2/6.0 MB
2026.05.31 17:06:25 INFO  Progress (1): 1.2/6.0 MB
2026.05.31 17:06:25 INFO  Progress (1): 1.2/6.0 MB
2026.05.31 17:06:25 INFO  Progress (1): 1.3/6.0 MB
2026.05.31 17:06:25 INFO  Progress (1): 1.3/6.0 MB
2026.05.31 17:06:25 INFO  Progress (1): 1.3/6.0 MB
2026.05.31 17:06:25 INFO  Progress (1): 1.3/6.0 MB
2026.05.31 17:06:25 INFO  Progress (1): 1.3/6.0 MB
2026.05.31 17:06:25 INFO  Progress (1): 1.3/6.0 MB
2026.05.31 17:06:25 INFO  Progress (1): 1.4/6.0 MB
2026.05.31 17:06:25 INFO  Progress (1): 1.4/6.0 MB
2026.05.31 17:06:25 INFO  Progress (1): 1.4/6.0 MB
2026.05.31 17:06:25 INFO  Progress (1): 1.4/6.0 MB
2026.05.31 17:06:25 INFO  Progress (1): 1.4/6.0 MB
2026.05.31 17:06:25 INFO  Progress (1): 1.4/6.0 MB
2026.05.31 17:06:25 INFO  Progress (1): 1.5/6.0 MB
2026.05.31 17:06:25 INFO  Progress (1): 1.5/6.0 MB
2026.05.31 17:06:25 INFO  Progress (1): 1.5/6.0 MB
2026.05.31 17:06:25 INFO  Progress (1): 1.5/6.0 MB
2026.05.31 17:06:25 INFO  Progress (1): 1.5/6.0 MB
2026.05.31 17:06:25 INFO  Progress (1): 1.5/6.0 MB
2026.05.31 17:06:25 INFO  Progress (1): 1.6/6.0 MB
2026.05.31 17:06:25 INFO  Progress (1): 1.6/6.0 MB
2026.05.31 17:06:25 INFO  Progress (1): 1.6/6.0 MB
2026.05.31 17:06:25 INFO  Progress (1): 1.6/6.0 MB
2026.05.31 17:06:25 INFO  Progress (1): 1.6/6.0 MB
2026.05.31 17:06:25 INFO  Progress (1): 1.6/6.0 MB
2026.05.31 17:06:25 INFO  Progress (1): 1.6/6.0 MB
2026.05.31 17:06:25 INFO  Progress (1): 1.7/6.0 MB
2026.05.31 17:06:25 INFO  Progress (1): 1.7/6.0 MB
2026.05.31 17:06:25 INFO  Progress (1): 1.7/6.0 MB
2026.05.31 17:06:25 INFO  Progress (1): 1.7/6.0 MB
2026.05.31 17:06:25 INFO  Progress (1): 1.7/6.0 MB
2026.05.31 17:06:25 INFO  Progress (1): 1.7/6.0 MB
2026.05.31 17:06:25 INFO  Progress (1): 1.8/6.0 MB
2026.05.31 17:06:25 INFO  Progress (1): 1.8/6.0 MB
2026.05.31 17:06:25 INFO  Progress (1): 1.8/6.0 MB
2026.05.31 17:06:25 INFO  Progress (1): 1.8/6.0 MB
2026.05.31 17:06:25 INFO  Progress (1): 1.8/6.0 MB
2026.05.31 17:06:25 INFO  Progress (1): 1.8/6.0 MB
2026.05.31 17:06:25 INFO  Progress (1): 1.9/6.0 MB
2026.05.31 17:06:25 INFO  Progress (1): 1.9/6.0 MB
2026.05.31 17:06:25 INFO  Progress (1): 1.9/6.0 MB
2026.05.31 17:06:25 INFO  Progress (1): 1.9/6.0 MB
2026.05.31 17:06:25 INFO  Progress (1): 1.9/6.0 MB
2026.05.31 17:06:25 INFO  Progress (1): 1.9/6.0 MB
2026.05.31 17:06:25 INFO  Progress (1): 2.0/6.0 MB
2026.05.31 17:06:25 INFO  Progress (1): 2.0/6.0 MB
2026.05.31 17:06:25 INFO  Progress (1): 2.0/6.0 MB
2026.05.31 17:06:25 INFO  Progress (1): 2.0/6.0 MB
2026.05.31 17:06:25 INFO  Progress (1): 2.0/6.0 MB
2026.05.31 17:06:25 INFO  Progress (1): 2.0/6.0 MB
2026.05.31 17:06:25 INFO  Progress (1): 2.0/6.0 MB
2026.05.31 17:06:25 INFO  Progress (1): 2.1/6.0 MB
2026.05.31 17:06:25 INFO  Progress (1): 2.1/6.0 MB
2026.05.31 17:06:25 INFO  Progress (1): 2.1/6.0 MB
2026.05.31 17:06:25 INFO  Progress (1): 2.1/6.0 MB
2026.05.31 17:06:25 INFO  Progress (1): 2.1/6.0 MB
2026.05.31 17:06:25 INFO  Progress (1): 2.1/6.0 MB
2026.05.31 17:06:25 INFO  Progress (1): 2.2/6.0 MB
2026.05.31 17:06:25 INFO  Progress (1): 2.2/6.0 MB
2026.05.31 17:06:25 INFO  Progress (1): 2.2/6.0 MB
2026.05.31 17:06:25 INFO  Progress (1): 2.2/6.0 MB
2026.05.31 17:06:25 INFO  Progress (1): 2.2/6.0 MB
2026.05.31 17:06:25 INFO  Progress (1): 2.2/6.0 MB
2026.05.31 17:06:25 INFO  Progress (1): 2.3/6.0 MB
2026.05.31 17:06:25 INFO  Progress (1): 2.3/6.0 MB
2026.05.31 17:06:25 INFO  Progress (1): 2.3/6.0 MB
2026.05.31 17:06:25 INFO  Progress (1): 2.3/6.0 MB
2026.05.31 17:06:25 INFO  Progress (1): 2.3/6.0 MB
2026.05.31 17:06:25 INFO  Progress (1): 2.3/6.0 MB
2026.05.31 17:06:25 INFO  Progress (1): 2.3/6.0 MB
2026.05.31 17:06:25 INFO  Progress (1): 2.4/6.0 MB
2026.05.31 17:06:25 INFO  Progress (1): 2.4/6.0 MB
2026.05.31 17:06:25 INFO  Progress (1): 2.4/6.0 MB
2026.05.31 17:06:25 INFO  Progress (1): 2.4/6.0 MB
2026.05.31 17:06:25 INFO  Progress (1): 2.4/6.0 MB
2026.05.31 17:06:25 INFO  Progress (1): 2.4/6.0 MB
2026.05.31 17:06:25 INFO  Progress (1): 2.5/6.0 MB
2026.05.31 17:06:25 INFO  Progress (1): 2.5/6.0 MB
2026.05.31 17:06:25 INFO  Progress (1): 2.5/6.0 MB
2026.05.31 17:06:25 INFO  Progress (1): 2.5/6.0 MB
2026.05.31 17:06:25 INFO  Progress (1): 2.5/6.0 MB
2026.05.31 17:06:25 INFO  Progress (1): 2.5/6.0 MB
2026.05.31 17:06:25 INFO  Progress (1): 2.6/6.0 MB
2026.05.31 17:06:25 INFO  Progress (1): 2.6/6.0 MB
2026.05.31 17:06:25 INFO  Progress (1): 2.6/6.0 MB
2026.05.31 17:06:25 INFO  Progress (1): 2.6/6.0 MB
2026.05.31 17:06:25 INFO  Progress (1): 2.6/6.0 MB
2026.05.31 17:06:25 INFO  Progress (1): 2.6/6.0 MB
2026.05.31 17:06:25 INFO  Progress (1): 2.7/6.0 MB
2026.05.31 17:06:25 INFO  Progress (1): 2.7/6.0 MB
2026.05.31 17:06:25 INFO  Progress (1): 2.7/6.0 MB
2026.05.31 17:06:25 INFO  Progress (1): 2.7/6.0 MB
2026.05.31 17:06:25 INFO  Progress (1): 2.7/6.0 MB
2026.05.31 17:06:25 INFO  Progress (1): 2.7/6.0 MB
2026.05.31 17:06:25 INFO  Progress (1): 2.8/6.0 MB
2026.05.31 17:06:25 INFO  Progress (1): 2.8/6.0 MB
2026.05.31 17:06:25 INFO  Progress (1): 2.8/6.0 MB
2026.05.31 17:06:25 INFO  Progress (1): 2.8/6.0 MB
2026.05.31 17:06:25 INFO  Progress (1): 2.8/6.0 MB
2026.05.31 17:06:25 INFO  Progress (1): 2.8/6.0 MB
2026.05.31 17:06:25 INFO  Progress (1): 2.9/6.0 MB
2026.05.31 17:06:25 INFO  Progress (1): 2.9/6.0 MB
2026.05.31 17:06:25 INFO  Progress (1): 2.9/6.0 MB
2026.05.31 17:06:25 INFO  Progress (1): 2.9/6.0 MB
2026.05.31 17:06:25 INFO  Progress (1): 2.9/6.0 MB
2026.05.31 17:06:25 INFO  Progress (1): 2.9/6.0 MB
2026.05.31 17:06:25 INFO  Progress (1): 3.0/6.0 MB
2026.05.31 17:06:25 INFO  Progress (1): 3.0/6.0 MB
2026.05.31 17:06:25 INFO  Progress (1): 3.0/6.0 MB
2026.05.31 17:06:25 INFO  Progress (1): 3.0/6.0 MB
2026.05.31 17:06:25 INFO  Progress (1): 3.0/6.0 MB
2026.05.31 17:06:25 INFO  Progress (1): 3.0/6.0 MB
2026.05.31 17:06:25 INFO  Progress (1): 3.1/6.0 MB
2026.05.31 17:06:25 INFO  Progress (1): 3.1/6.0 MB
2026.05.31 17:06:25 INFO  Progress (1): 3.1/6.0 MB
2026.05.31 17:06:25 INFO  Progress (1): 3.1/6.0 MB
2026.05.31 17:06:25 INFO  Progress (1): 3.1/6.0 MB
2026.05.31 17:06:25 INFO  Progress (1): 3.1/6.0 MB
2026.05.31 17:06:25 INFO  Progress (1): 3.1/6.0 MB
2026.05.31 17:06:25 INFO  Progress (1): 3.2/6.0 MB
2026.05.31 17:06:25 INFO  Progress (1): 3.2/6.0 MB
2026.05.31 17:06:25 INFO  Progress (1): 3.2/6.0 MB
2026.05.31 17:06:25 INFO  Progress (1): 3.2/6.0 MB
2026.05.31 17:06:25 INFO  Progress (1): 3.2/6.0 MB
2026.05.31 17:06:25 INFO  Progress (1): 3.2/6.0 MB
2026.05.31 17:06:25 INFO  Progress (1): 3.3/6.0 MB
2026.05.31 17:06:25 INFO  Progress (1): 3.3/6.0 MB
2026.05.31 17:06:25 INFO  Progress (1): 3.3/6.0 MB
2026.05.31 17:06:25 INFO  Progress (1): 3.3/6.0 MB
2026.05.31 17:06:25 INFO  Progress (1): 3.3/6.0 MB
2026.05.31 17:06:25 INFO  Progress (1): 3.3/6.0 MB
2026.05.31 17:06:25 INFO  Progress (1): 3.4/6.0 MB
2026.05.31 17:06:25 INFO  Progress (1): 3.4/6.0 MB
2026.05.31 17:06:25 INFO  Progress (1): 3.4/6.0 MB
2026.05.31 17:06:25 INFO  Progress (1): 3.4/6.0 MB
2026.05.31 17:06:25 INFO  Progress (1): 3.4/6.0 MB
2026.05.31 17:06:25 INFO  Progress (1): 3.4/6.0 MB
2026.05.31 17:06:25 INFO  Progress (1): 3.5/6.0 MB
2026.05.31 17:06:25 INFO  Progress (1): 3.5/6.0 MB
2026.05.31 17:06:25 INFO  Progress (1): 3.5/6.0 MB
2026.05.31 17:06:25 INFO  Progress (1): 3.5/6.0 MB
2026.05.31 17:06:25 INFO  Progress (1): 3.5/6.0 MB
2026.05.31 17:06:25 INFO  Progress (1): 3.5/6.0 MB
2026.05.31 17:06:25 INFO  Progress (1): 3.6/6.0 MB
2026.05.31 17:06:25 INFO  Progress (1): 3.6/6.0 MB
2026.05.31 17:06:25 INFO  Progress (1): 3.6/6.0 MB
2026.05.31 17:06:25 INFO  Progress (1): 3.6/6.0 MB
2026.05.31 17:06:25 INFO  Progress (1): 3.6/6.0 MB
2026.05.31 17:06:25 INFO  Progress (1): 3.6/6.0 MB
2026.05.31 17:06:25 INFO  Progress (1): 3.6/6.0 MB
2026.05.31 17:06:25 INFO  Progress (1): 3.7/6.0 MB
2026.05.31 17:06:25 INFO  Progress (1): 3.7/6.0 MB
2026.05.31 17:06:25 INFO  Progress (1): 3.7/6.0 MB
2026.05.31 17:06:25 INFO  Progress (1): 3.7/6.0 MB
2026.05.31 17:06:25 INFO  Progress (1): 3.7/6.0 MB
2026.05.31 17:06:25 INFO  Progress (1): 3.7/6.0 MB
2026.05.31 17:06:25 INFO  Progress (1): 3.8/6.0 MB
2026.05.31 17:06:25 INFO  Progress (1): 3.8/6.0 MB
2026.05.31 17:06:25 INFO  Progress (1): 3.8/6.0 MB
2026.05.31 17:06:25 INFO  Progress (1): 3.8/6.0 MB
2026.05.31 17:06:25 INFO  Progress (1): 3.8/6.0 MB
2026.05.31 17:06:25 INFO  Progress (1): 3.8/6.0 MB
2026.05.31 17:06:25 INFO  Progress (1): 3.9/6.0 MB
2026.05.31 17:06:25 INFO  Progress (1): 3.9/6.0 MB
2026.05.31 17:06:25 INFO  Progress (1): 3.9/6.0 MB
2026.05.31 17:06:25 INFO  Progress (1): 3.9/6.0 MB
2026.05.31 17:06:25 INFO  Progress (1): 3.9/6.0 MB
2026.05.31 17:06:25 INFO  Progress (1): 3.9/6.0 MB
2026.05.31 17:06:25 INFO  Progress (1): 4.0/6.0 MB
2026.05.31 17:06:25 INFO  Progress (1): 4.0/6.0 MB
2026.05.31 17:06:25 INFO  Progress (1): 4.0/6.0 MB
2026.05.31 17:06:25 INFO  Progress (1): 4.0/6.0 MB
2026.05.31 17:06:25 INFO  Progress (1): 4.0/6.0 MB
2026.05.31 17:06:25 INFO  Progress (1): 4.0/6.0 MB
2026.05.31 17:06:25 INFO  Progress (1): 4.0/6.0 MB
2026.05.31 17:06:25 INFO  Progress (1): 4.1/6.0 MB
2026.05.31 17:06:25 INFO  Progress (1): 4.1/6.0 MB
2026.05.31 17:06:25 INFO  Progress (1): 4.1/6.0 MB
2026.05.31 17:06:25 INFO  Progress (1): 4.1/6.0 MB
2026.05.31 17:06:25 INFO  Progress (1): 4.1/6.0 MB
2026.05.31 17:06:25 INFO  Progress (1): 4.1/6.0 MB
2026.05.31 17:06:25 INFO  Progress (1): 4.2/6.0 MB
2026.05.31 17:06:25 INFO  Progress (1): 4.2/6.0 MB
2026.05.31 17:06:25 INFO  Progress (1): 4.2/6.0 MB
2026.05.31 17:06:25 INFO  Progress (1): 4.2/6.0 MB
2026.05.31 17:06:25 INFO  Progress (1): 4.2/6.0 MB
2026.05.31 17:06:25 INFO  Progress (1): 4.2/6.0 MB
2026.05.31 17:06:25 INFO  Progress (1): 4.3/6.0 MB
2026.05.31 17:06:25 INFO  Progress (1): 4.3/6.0 MB
2026.05.31 17:06:25 INFO  Progress (1): 4.3/6.0 MB
2026.05.31 17:06:25 INFO  Progress (1): 4.3/6.0 MB
2026.05.31 17:06:25 INFO  Progress (1): 4.3/6.0 MB
2026.05.31 17:06:25 INFO  Progress (1): 4.3/6.0 MB
2026.05.31 17:06:25 INFO  Progress (1): 4.4/6.0 MB
2026.05.31 17:06:25 INFO  Progress (1): 4.4/6.0 MB
2026.05.31 17:06:25 INFO  Progress (1): 4.4/6.0 MB
2026.05.31 17:06:25 INFO  Progress (1): 4.4/6.0 MB
2026.05.31 17:06:25 INFO  Progress (1): 4.4/6.0 MB
2026.05.31 17:06:25 INFO  Progress (1): 4.4/6.0 MB
2026.05.31 17:06:25 INFO  Progress (1): 4.5/6.0 MB
2026.05.31 17:06:25 INFO  Progress (1): 4.5/6.0 MB
2026.05.31 17:06:25 INFO  Progress (1): 4.5/6.0 MB
2026.05.31 17:06:25 INFO  Progress (1): 4.5/6.0 MB
2026.05.31 17:06:25 INFO  Progress (1): 4.5/6.0 MB
2026.05.31 17:06:25 INFO  Progress (1): 4.5/6.0 MB
2026.05.31 17:06:25 INFO  Progress (1): 4.6/6.0 MB
2026.05.31 17:06:25 INFO  Progress (1): 4.6/6.0 MB
2026.05.31 17:06:25 INFO  Progress (1): 4.6/6.0 MB
2026.05.31 17:06:25 INFO  Progress (1): 4.6/6.0 MB
2026.05.31 17:06:25 INFO  Progress (1): 4.6/6.0 MB
2026.05.31 17:06:25 INFO  Progress (1): 4.6/6.0 MB
2026.05.31 17:06:25 INFO  Progress (1): 4.7/6.0 MB
2026.05.31 17:06:25 INFO  Progress (1): 4.7/6.0 MB
2026.05.31 17:06:25 INFO  Progress (1): 4.7/6.0 MB
2026.05.31 17:06:25 INFO  Progress (1): 4.7/6.0 MB
2026.05.31 17:06:25 INFO  Progress (1): 4.7/6.0 MB
2026.05.31 17:06:25 INFO  Progress (1): 4.7/6.0 MB
2026.05.31 17:06:25 INFO  Progress (1): 4.8/6.0 MB
2026.05.31 17:06:25 INFO  Progress (1): 4.8/6.0 MB
2026.05.31 17:06:25 INFO  Progress (1): 4.8/6.0 MB
2026.05.31 17:06:25 INFO  Progress (1): 4.8/6.0 MB
2026.05.31 17:06:25 INFO  Progress (1): 4.8/6.0 MB
2026.05.31 17:06:25 INFO  Progress (1): 4.8/6.0 MB
2026.05.31 17:06:25 INFO  Progress (1): 4.9/6.0 MB
2026.05.31 17:06:25 INFO  Progress (1): 4.9/6.0 MB
2026.05.31 17:06:25 INFO  Progress (1): 4.9/6.0 MB
2026.05.31 17:06:25 INFO  Progress (1): 4.9/6.0 MB
2026.05.31 17:06:25 INFO  Progress (1): 4.9/6.0 MB
2026.05.31 17:06:25 INFO  Progress (1): 4.9/6.0 MB
2026.05.31 17:06:25 INFO  Progress (1): 5.0/6.0 MB
2026.05.31 17:06:25 INFO  Progress (1): 5.0/6.0 MB
2026.05.31 17:06:25 INFO  Progress (1): 5.0/6.0 MB
2026.05.31 17:06:25 INFO  Progress (1): 5.0/6.0 MB
2026.05.31 17:06:25 INFO  Progress (1): 5.0/6.0 MB
2026.05.31 17:06:25 INFO  Progress (1): 5.0/6.0 MB
2026.05.31 17:06:25 INFO  Progress (1): 5.0/6.0 MB
2026.05.31 17:06:25 INFO  Progress (1): 5.1/6.0 MB
2026.05.31 17:06:25 INFO  Progress (1): 5.1/6.0 MB
2026.05.31 17:06:25 INFO  Progress (1): 5.1/6.0 MB
2026.05.31 17:06:25 INFO  Progress (1): 5.1/6.0 MB
2026.05.31 17:06:25 INFO  Progress (1): 5.1/6.0 MB
2026.05.31 17:06:25 INFO  Progress (1): 5.1/6.0 MB
2026.05.31 17:06:25 INFO  Progress (1): 5.2/6.0 MB
2026.05.31 17:06:25 INFO  Progress (1): 5.2/6.0 MB
2026.05.31 17:06:25 INFO  Progress (1): 5.2/6.0 MB
2026.05.31 17:06:25 INFO  Progress (1): 5.2/6.0 MB
2026.05.31 17:06:25 INFO  Progress (1): 5.2/6.0 MB
2026.05.31 17:06:25 INFO  Progress (1): 5.2/6.0 MB
2026.05.31 17:06:25 INFO  Progress (1): 5.3/6.0 MB
2026.05.31 17:06:25 INFO  Progress (1): 5.3/6.0 MB
2026.05.31 17:06:25 INFO  Progress (1): 5.3/6.0 MB
2026.05.31 17:06:25 INFO  Progress (1): 5.3/6.0 MB
2026.05.31 17:06:25 INFO  Progress (1): 5.3/6.0 MB
2026.05.31 17:06:25 INFO  Progress (1): 5.3/6.0 MB
2026.05.31 17:06:25 INFO  Progress (1): 5.4/6.0 MB
2026.05.31 17:06:25 INFO  Progress (1): 5.4/6.0 MB
2026.05.31 17:06:25 INFO  Progress (1): 5.4/6.0 MB
2026.05.31 17:06:25 INFO  Progress (1): 5.4/6.0 MB
2026.05.31 17:06:25 INFO  Progress (1): 5.4/6.0 MB
2026.05.31 17:06:25 INFO  Progress (1): 5.4/6.0 MB
2026.05.31 17:06:25 INFO  Progress (1): 5.5/6.0 MB
2026.05.31 17:06:25 INFO  Progress (1): 5.5/6.0 MB
2026.05.31 17:06:25 INFO  Progress (1): 5.5/6.0 MB
2026.05.31 17:06:25 INFO  Progress (1): 5.5/6.0 MB
2026.05.31 17:06:25 INFO  Progress (1): 5.5/6.0 MB
2026.05.31 17:06:25 INFO  Progress (1): 5.5/6.0 MB
2026.05.31 17:06:25 INFO  Progress (1): 5.6/6.0 MB
2026.05.31 17:06:25 INFO  Progress (1): 5.6/6.0 MB
2026.05.31 17:06:25 INFO  Progress (1): 5.6/6.0 MB
2026.05.31 17:06:25 INFO  Progress (1): 5.6/6.0 MB
2026.05.31 17:06:25 INFO  Progress (1): 5.6/6.0 MB
2026.05.31 17:06:25 INFO  Progress (1): 5.6/6.0 MB
2026.05.31 17:06:25 INFO  Progress (1): 5.7/6.0 MB
2026.05.31 17:06:25 INFO  Progress (1): 5.7/6.0 MB
2026.05.31 17:06:25 INFO  Progress (1): 5.7/6.0 MB
2026.05.31 17:06:25 INFO  Progress (1): 5.7/6.0 MB
2026.05.31 17:06:25 INFO  Progress (1): 5.7/6.0 MB
2026.05.31 17:06:25 INFO  Progress (1): 5.7/6.0 MB
2026.05.31 17:06:25 INFO  Progress (1): 5.8/6.0 MB
2026.05.31 17:06:25 INFO  Progress (1): 5.8/6.0 MB
2026.05.31 17:06:25 INFO  Progress (1): 5.8/6.0 MB
2026.05.31 17:06:25 INFO  Progress (1): 5.8/6.0 MB
2026.05.31 17:06:25 INFO  Progress (1): 5.8/6.0 MB
2026.05.31 17:06:25 INFO  Progress (1): 5.8/6.0 MB
2026.05.31 17:06:25 INFO  Progress (1): 5.9/6.0 MB
2026.05.31 17:06:25 INFO  Progress (1): 5.9/6.0 MB
2026.05.31 17:06:25 INFO  Progress (1): 5.9/6.0 MB
2026.05.31 17:06:25 INFO  Progress (1): 5.9/6.0 MB
2026.05.31 17:06:25 INFO  Progress (1): 5.9/6.0 MB
2026.05.31 17:06:25 INFO  Progress (1): 5.9/6.0 MB
2026.05.31 17:06:25 INFO  Progress (1): 5.9/6.0 MB
2026.05.31 17:06:25 INFO  Progress (1): 6.0/6.0 MB
2026.05.31 17:06:25 INFO  Progress (1): 6.0/6.0 MB
2026.05.31 17:06:25 INFO  Progress (1): 6.0/6.0 MB
2026.05.31 17:06:25 INFO  Progress (1): 6.0 MB    
2026.05.31 17:06:25 INFO                      
2026.05.31 17:06:25 INFO  Downloaded from central: https://repo.maven.apache.org/maven2/org/scala-lang/scala-library/2.13.8/scala-library-2.13.8.jar (6.0 MB at 18 MB/s)
2026.05.31 17:06:25 INFO  Downloading from central: https://repo.maven.apache.org/maven2/ch/epfl/scala/bloop-config_2.13/2.3.3/bloop-config_2.13-2.3.3.jar
2026.05.31 17:06:25 INFO  Downloading from central: https://repo.maven.apache.org/maven2/com/github/plokhotnyuk/jsoniter-scala/jsoniter-scala-core_2.13/2.13.5.2/jsoniter-scala-core_2.13-2.13.5.2.jar
2026.05.31 17:06:25 INFO  Downloading from central: https://repo.maven.apache.org/maven2/com/lihaoyi/unroll-annotation_2.13/0.1.12/unroll-annotation_2.13-0.1.12.jar
2026.05.31 17:06:25 INFO  Downloading from central: https://repo.maven.apache.org/maven2/net/alchim31/maven/scala-maven-plugin/4.8.0/scala-maven-plugin-4.8.0.jar
2026.05.31 17:06:25 INFO  Downloading from central: https://repo.maven.apache.org/maven2/org/apache/maven/shared/maven-dependency-tree/3.2.1/maven-dependency-tree-3.2.1.jar
2026.05.31 17:06:25 INFO  Progress (1): 7.7/288 kB
2026.05.31 17:06:25 INFO  Progress (1): 7.7/288 kB
2026.05.31 17:06:25 INFO  Progress (1): 24/288 kB 
2026.05.31 17:06:25 INFO  Progress (1): 33/288 kB
2026.05.31 17:06:25 INFO  Progress (1): 49/288 kB
2026.05.31 17:06:25 INFO  Progress (1): 66/288 kB
2026.05.31 17:06:25 INFO  Progress (1): 82/288 kB
2026.05.31 17:06:25 INFO  Progress (1): 98/288 kB
2026.05.31 17:06:25 INFO  Progress (1): 115/288 kB
2026.05.31 17:06:25 INFO  Progress (1): 123/288 kB
2026.05.31 17:06:25 INFO  Progress (1): 131/288 kB
2026.05.31 17:06:25 INFO  Progress (1): 147/288 kB
2026.05.31 17:06:25 INFO  Progress (1): 164/288 kB
2026.05.31 17:06:25 INFO  Progress (1): 180/288 kB
2026.05.31 17:06:25 INFO  Progress (1): 188/288 kB
2026.05.31 17:06:25 INFO  Progress (1): 205/288 kB
2026.05.31 17:06:25 INFO  Progress (1): 213/288 kB
2026.05.31 17:06:25 INFO  Progress (1): 229/288 kB
2026.05.31 17:06:25 INFO  Progress (1): 246/288 kB
2026.05.31 17:06:25 INFO  Progress (1): 254/288 kB
2026.05.31 17:06:25 INFO  Progress (1): 262/288 kB
2026.05.31 17:06:25 INFO  Progress (1): 279/288 kB
2026.05.31 17:06:25 INFO  Progress (1): 288 kB    
2026.05.31 17:06:25 INFO  Progress (2): 288 kB | 3.8/43 kB
2026.05.31 17:06:25 INFO  Progress (2): 288 kB | 8.0/43 kB
2026.05.31 17:06:25 INFO  Progress (2): 288 kB | 24/43 kB 
2026.05.31 17:06:25 INFO  Progress (2): 288 kB | 41/43 kB
2026.05.31 17:06:25 INFO  Progress (2): 288 kB | 43 kB   
2026.05.31 17:06:25 INFO  Progress (3): 288 kB | 43 kB | 7.7/159 kB
2026.05.31 17:06:25 INFO  Progress (3): 288 kB | 43 kB | 7.7/159 kB
2026.05.31 17:06:25 INFO  Progress (3): 288 kB | 43 kB | 24/159 kB 
2026.05.31 17:06:25 INFO  Progress (3): 288 kB | 43 kB | 40/159 kB
2026.05.31 17:06:25 INFO  Progress (3): 288 kB | 43 kB | 57/159 kB
2026.05.31 17:06:25 INFO  Progress (3): 288 kB | 43 kB | 73/159 kB
2026.05.31 17:06:25 INFO  Progress (3): 288 kB | 43 kB | 90/159 kB
2026.05.31 17:06:25 INFO  Progress (3): 288 kB | 43 kB | 98/159 kB
2026.05.31 17:06:25 INFO  Progress (3): 288 kB | 43 kB | 115/159 kB
2026.05.31 17:06:25 INFO  Progress (3): 288 kB | 43 kB | 131/159 kB
2026.05.31 17:06:25 INFO  Progress (4): 288 kB | 43 kB | 131/159 kB | 1.3 kB
2026.05.31 17:06:25 INFO  Progress (4): 288 kB | 43 kB | 147/159 kB | 1.3 kB
2026.05.31 17:06:25 INFO  Progress (4): 288 kB | 43 kB | 159 kB | 1.3 kB    
2026.05.31 17:06:25 INFO  Progress (5): 288 kB | 43 kB | 159 kB | 1.3 kB | 3.8/176 kB
2026.05.31 17:06:25 INFO  Progress (5): 288 kB | 43 kB | 159 kB | 1.3 kB | 8.0/176 kB
2026.05.31 17:06:25 INFO  Progress (5): 288 kB | 43 kB | 159 kB | 1.3 kB | 12/176 kB 
2026.05.31 17:06:25 INFO  Progress (5): 288 kB | 43 kB | 159 kB | 1.3 kB | 16/176 kB
2026.05.31 17:06:25 INFO  Progress (5): 288 kB | 43 kB | 159 kB | 1.3 kB | 21/176 kB
2026.05.31 17:06:25 INFO  Progress (5): 288 kB | 43 kB | 159 kB | 1.3 kB | 25/176 kB
2026.05.31 17:06:25 INFO  Progress (5): 288 kB | 43 kB | 159 kB | 1.3 kB | 29/176 kB
2026.05.31 17:06:25 INFO  Progress (5): 288 kB | 43 kB | 159 kB | 1.3 kB | 32/176 kB
2026.05.31 17:06:25 INFO  Progress (5): 288 kB | 43 kB | 159 kB | 1.3 kB | 36/176 kB
2026.05.31 17:06:25 INFO  Progress (5): 288 kB | 43 kB | 159 kB | 1.3 kB | 40/176 kB
2026.05.31 17:06:25 INFO  Progress (5): 288 kB | 43 kB | 159 kB | 1.3 kB | 45/176 kB
2026.05.31 17:06:25 INFO  Progress (5): 288 kB | 43 kB | 159 kB | 1.3 kB | 49/176 kB
2026.05.31 17:06:25 INFO  Progress (5): 288 kB | 43 kB | 159 kB | 1.3 kB | 49/176 kB
2026.05.31 17:06:25 INFO  Progress (5): 288 kB | 43 kB | 159 kB | 1.3 kB | 53/176 kB
2026.05.31 17:06:25 INFO  Progress (5): 288 kB | 43 kB | 159 kB | 1.3 kB | 58/176 kB
2026.05.31 17:06:25 INFO  Progress (5): 288 kB | 43 kB | 159 kB | 1.3 kB | 62/176 kB
2026.05.31 17:06:25 INFO                                                            
2026.05.31 17:06:25 INFO  Downloaded from central: https://repo.maven.apache.org/maven2/ch/epfl/scala/bloop-config_2.13/2.3.3/bloop-config_2.13-2.3.3.jar (288 kB at 3.3 MB/s)
2026.05.31 17:06:25 INFO  Downloading from central: https://repo.maven.apache.org/maven2/org/eclipse/aether/aether-util/1.0.0.v20140518/aether-util-1.0.0.v20140518.jar
2026.05.31 17:06:25 INFO  Downloaded from central: https://repo.maven.apache.org/maven2/org/apache/maven/shared/maven-dependency-tree/3.2.1/maven-dependency-tree-3.2.1.jar (43 kB at 490 kB/s)
2026.05.31 17:06:25 INFO  Downloading from central: https://repo.maven.apache.org/maven2/org/eclipse/aether/aether-api/1.0.0.v20140518/aether-api-1.0.0.v20140518.jar
2026.05.31 17:06:25 INFO  Downloaded from central: https://repo.maven.apache.org/maven2/com/lihaoyi/unroll-annotation_2.13/0.1.12/unroll-annotation_2.13-0.1.12.jar (1.3 kB at 14 kB/s)
2026.05.31 17:06:25 INFO  Downloading from central: https://repo.maven.apache.org/maven2/org/apache/maven/reporting/maven-reporting-api/3.1.1/maven-reporting-api-3.1.1.jar
2026.05.31 17:06:25 INFO  Progress (2): 159 kB | 66/176 kB
2026.05.31 17:06:25 INFO  Progress (2): 159 kB | 70/176 kB
2026.05.31 17:06:25 INFO  Progress (2): 159 kB | 75/176 kB
2026.05.31 17:06:25 INFO  Progress (2): 159 kB | 79/176 kB
2026.05.31 17:06:25 INFO                                  
2026.05.31 17:06:25 INFO  Downloaded from central: https://repo.maven.apache.org/maven2/net/alchim31/maven/scala-maven-plugin/4.8.0/scala-maven-plugin-4.8.0.jar (159 kB at 1.6 MB/s)
2026.05.31 17:06:25 INFO  Progress (1): 82/176 kB
2026.05.31 17:06:25 INFO                         
2026.05.31 17:06:25 INFO  Downloading from central: https://repo.maven.apache.org/maven2/org/apache/maven/doxia/doxia-sink-api/1.11.1/doxia-sink-api-1.11.1.jar
2026.05.31 17:06:25 INFO  Progress (1): 86/176 kB
2026.05.31 17:06:25 INFO  Progress (1): 90/176 kB
2026.05.31 17:06:25 INFO  Progress (1): 95/176 kB
2026.05.31 17:06:25 INFO  Progress (1): 99/176 kB
2026.05.31 17:06:25 INFO  Progress (1): 103/176 kB
2026.05.31 17:06:25 INFO  Progress (1): 107/176 kB
2026.05.31 17:06:25 INFO  Progress (1): 112/176 kB
2026.05.31 17:06:25 INFO  Progress (1): 116/176 kB
2026.05.31 17:06:25 INFO  Progress (1): 120/176 kB
2026.05.31 17:06:25 INFO  Progress (1): 124/176 kB
2026.05.31 17:06:25 INFO  Progress (1): 141/176 kB
2026.05.31 17:06:25 INFO  Progress (1): 157/176 kB
2026.05.31 17:06:25 INFO  Progress (1): 173/176 kB
2026.05.31 17:06:25 INFO  Progress (1): 176 kB    
2026.05.31 17:06:25 INFO                      
2026.05.31 17:06:25 INFO  Downloaded from central: https://repo.maven.apache.org/maven2/com/github/plokhotnyuk/jsoniter-scala/jsoniter-scala-core_2.13/2.13.5.2/jsoniter-scala-core_2.13-2.13.5.2.jar (176 kB at 1.5 MB/s)
2026.05.31 17:06:25 INFO  Downloading from central: https://repo.maven.apache.org/maven2/org/apache/maven/doxia/doxia-logging-api/1.11.1/doxia-logging-api-1.11.1.jar
2026.05.31 17:06:25 INFO  Progress (1): 7.7/146 kB
2026.05.31 17:06:25 INFO  Progress (1): 16/146 kB 
2026.05.31 17:06:25 INFO  Progress (1): 24/146 kB
2026.05.31 17:06:25 INFO  Progress (1): 40/146 kB
2026.05.31 17:06:25 INFO  Progress (1): 57/146 kB
2026.05.31 17:06:25 INFO  Progress (1): 66/146 kB
2026.05.31 17:06:25 INFO  Progress (1): 82/146 kB
2026.05.31 17:06:25 INFO  Progress (1): 98/146 kB
2026.05.31 17:06:25 INFO  Progress (1): 115/146 kB
2026.05.31 17:06:25 INFO  Progress (1): 131/146 kB
2026.05.31 17:06:25 INFO  Progress (1): 146 kB    
2026.05.31 17:06:25 INFO  Progress (2): 146 kB | 7.7/136 kB
2026.05.31 17:06:25 INFO  Progress (2): 146 kB | 11/136 kB 
2026.05.31 17:06:25 INFO  Progress (2): 146 kB | 28/136 kB
2026.05.31 17:06:25 INFO  Progress (2): 146 kB | 44/136 kB
2026.05.31 17:06:25 INFO  Progress (3): 146 kB | 44/136 kB | 7.7/11 kB
2026.05.31 17:06:25 INFO  Progress (3): 146 kB | 44/136 kB | 11 kB    
2026.05.31 17:06:25 INFO  Progress (3): 146 kB | 61/136 kB | 11 kB
2026.05.31 17:06:25 INFO  Progress (3): 146 kB | 77/136 kB | 11 kB
2026.05.31 17:06:25 INFO  Progress (3): 146 kB | 93/136 kB | 11 kB
2026.05.31 17:06:25 INFO  Progress (3): 146 kB | 110/136 kB | 11 kB
2026.05.31 17:06:25 INFO  Progress (3): 146 kB | 126/136 kB | 11 kB
2026.05.31 17:06:25 INFO  Progress (4): 146 kB | 126/136 kB | 11 kB | 3.2/12 kB
2026.05.31 17:06:25 INFO  Progress (4): 146 kB | 126/136 kB | 11 kB | 12 kB    
2026.05.31 17:06:25 INFO  Progress (4): 146 kB | 136 kB | 11 kB | 12 kB    
2026.05.31 17:06:25 INFO                                               
2026.05.31 17:06:25 INFO  Downloaded from central: https://repo.maven.apache.org/maven2/org/eclipse/aether/aether-util/1.0.0.v20140518/aether-util-1.0.0.v20140518.jar (146 kB at 1.0 MB/s)
2026.05.31 17:06:25 INFO  Downloading from central: https://repo.maven.apache.org/maven2/org/apache/maven/maven-archiver/3.6.0/maven-archiver-3.6.0.jar
2026.05.31 17:06:25 INFO  Downloaded from central: https://repo.maven.apache.org/maven2/org/apache/maven/reporting/maven-reporting-api/3.1.1/maven-reporting-api-3.1.1.jar (11 kB at 73 kB/s)
2026.05.31 17:06:25 INFO  Downloading from central: https://repo.maven.apache.org/maven2/org/codehaus/plexus/plexus-io/3.4.0/plexus-io-3.4.0.jar
2026.05.31 17:06:25 INFO  Downloaded from central: https://repo.maven.apache.org/maven2/org/apache/maven/doxia/doxia-sink-api/1.11.1/doxia-sink-api-1.11.1.jar (12 kB at 78 kB/s)
2026.05.31 17:06:25 INFO  Downloading from central: https://repo.maven.apache.org/maven2/org/codehaus/plexus/plexus-interpolation/1.26/plexus-interpolation-1.26.jar
2026.05.31 17:06:25 INFO  Downloaded from central: https://repo.maven.apache.org/maven2/org/eclipse/aether/aether-api/1.0.0.v20140518/aether-api-1.0.0.v20140518.jar (136 kB at 903 kB/s)
2026.05.31 17:06:25 INFO  Downloading from central: https://repo.maven.apache.org/maven2/org/apache/commons/commons-exec/1.3/commons-exec-1.3.jar
2026.05.31 17:06:25 INFO  Progress (1): 7.7/12 kB
2026.05.31 17:06:25 INFO  Progress (1): 12 kB    
2026.05.31 17:06:25 INFO                     
2026.05.31 17:06:25 INFO  Downloaded from central: https://repo.maven.apache.org/maven2/org/apache/maven/doxia/doxia-logging-api/1.11.1/doxia-logging-api-1.11.1.jar (12 kB at 67 kB/s)
2026.05.31 17:06:25 INFO  Downloading from central: https://repo.maven.apache.org/maven2/org/codehaus/plexus/plexus-utils/3.5.0/plexus-utils-3.5.0.jar
2026.05.31 17:06:25 INFO  Progress (1): 3.2/79 kB
2026.05.31 17:06:25 INFO  Progress (1): 20/79 kB 
2026.05.31 17:06:25 INFO  Progress (1): 36/79 kB
2026.05.31 17:06:25 INFO  Progress (1): 52/79 kB
2026.05.31 17:06:25 INFO  Progress (1): 69/79 kB
2026.05.31 17:06:25 INFO  Progress (1): 79 kB   
2026.05.31 17:06:25 INFO  Progress (2): 79 kB | 7.7/54 kB
2026.05.31 17:06:25 INFO  Progress (2): 79 kB | 8.2/54 kB
2026.05.31 17:06:25 INFO  Progress (2): 79 kB | 16/54 kB 
2026.05.31 17:06:25 INFO  Progress (2): 79 kB | 33/54 kB
2026.05.31 17:06:25 INFO  Progress (2): 79 kB | 41/54 kB
2026.05.31 17:06:25 INFO  Progress (2): 79 kB | 49/54 kB
2026.05.31 17:06:25 INFO  Progress (2): 79 kB | 54 kB   
2026.05.31 17:06:25 INFO  Progress (3): 79 kB | 54 kB | 7.7/26 kB
2026.05.31 17:06:25 INFO  Progress (3): 79 kB | 54 kB | 16/26 kB 
2026.05.31 17:06:25 INFO  Progress (3): 79 kB | 54 kB | 26 kB   
2026.05.31 17:06:25 INFO  Progress (4): 79 kB | 54 kB | 26 kB | 7.7/85 kB
2026.05.31 17:06:25 INFO  Progress (4): 79 kB | 54 kB | 26 kB | 16/85 kB 
2026.05.31 17:06:25 INFO  Progress (4): 79 kB | 54 kB | 26 kB | 24/85 kB
2026.05.31 17:06:25 INFO  Progress (4): 79 kB | 54 kB | 26 kB | 40/85 kB
2026.05.31 17:06:25 INFO  Progress (4): 79 kB | 54 kB | 26 kB | 57/85 kB
2026.05.31 17:06:25 INFO  Progress (4): 79 kB | 54 kB | 26 kB | 73/85 kB
2026.05.31 17:06:25 INFO  Progress (4): 79 kB | 54 kB | 26 kB | 85 kB   
2026.05.31 17:06:25 INFO                                             
2026.05.31 17:06:25 INFO  Downloaded from central: https://repo.maven.apache.org/maven2/org/codehaus/plexus/plexus-io/3.4.0/plexus-io-3.4.0.jar (79 kB at 399 kB/s)
2026.05.31 17:06:25 INFO  Downloading from central: https://repo.maven.apache.org/maven2/org/codehaus/plexus/plexus-archiver/4.6.0/plexus-archiver-4.6.0.jar
2026.05.31 17:06:25 INFO  Downloaded from central: https://repo.maven.apache.org/maven2/org/apache/commons/commons-exec/1.3/commons-exec-1.3.jar (54 kB at 272 kB/s)
2026.05.31 17:06:25 INFO  Downloading from central: https://repo.maven.apache.org/maven2/org/apache/commons/commons-compress/1.21/commons-compress-1.21.jar
2026.05.31 17:06:25 INFO  Downloaded from central: https://repo.maven.apache.org/maven2/org/apache/maven/maven-archiver/3.6.0/maven-archiver-3.6.0.jar (26 kB at 129 kB/s)
2026.05.31 17:06:25 INFO  Downloading from central: https://repo.maven.apache.org/maven2/org/iq80/snappy/snappy/0.4/snappy-0.4.jar
2026.05.31 17:06:25 INFO  Downloaded from central: https://repo.maven.apache.org/maven2/org/codehaus/plexus/plexus-interpolation/1.26/plexus-interpolation-1.26.jar (85 kB at 410 kB/s)
2026.05.31 17:06:25 INFO  Downloading from central: https://repo.maven.apache.org/maven2/org/tukaani/xz/1.9/xz-1.9.jar
2026.05.31 17:06:25 INFO  Progress (1): 3.2/267 kB
2026.05.31 17:06:25 INFO  Progress (1): 20/267 kB 
2026.05.31 17:06:25 INFO  Progress (1): 36/267 kB
2026.05.31 17:06:25 INFO  Progress (1): 52/267 kB
2026.05.31 17:06:25 INFO  Progress (1): 69/267 kB
2026.05.31 17:06:25 INFO  Progress (1): 85/267 kB
2026.05.31 17:06:25 INFO  Progress (1): 102/267 kB
2026.05.31 17:06:25 INFO  Progress (1): 118/267 kB
2026.05.31 17:06:25 INFO  Progress (1): 126/267 kB
2026.05.31 17:06:25 INFO  Progress (1): 142/267 kB
2026.05.31 17:06:25 INFO  Progress (1): 159/267 kB
2026.05.31 17:06:25 INFO  Progress (1): 175/267 kB
2026.05.31 17:06:25 INFO  Progress (1): 192/267 kB
2026.05.31 17:06:25 INFO  Progress (2): 192/267 kB | 7.7/58 kB
2026.05.31 17:06:25 INFO  Progress (2): 192/267 kB | 12/58 kB 
2026.05.31 17:06:25 INFO  Progress (3): 192/267 kB | 12/58 kB | 7.7/216 kB
2026.05.31 17:06:25 INFO  Progress (3): 192/267 kB | 29/58 kB | 7.7/216 kB
2026.05.31 17:06:25 INFO  Progress (3): 192/267 kB | 29/58 kB | 16/216 kB 
2026.05.31 17:06:25 INFO  Progress (3): 192/267 kB | 45/58 kB | 16/216 kB
2026.05.31 17:06:25 INFO  Progress (3): 192/267 kB | 58 kB | 16/216 kB   
2026.05.31 17:06:25 INFO  Progress (3): 192/267 kB | 58 kB | 32/216 kB
2026.05.31 17:06:25 INFO  Progress (3): 192/267 kB | 58 kB | 49/216 kB
2026.05.31 17:06:25 INFO  Progress (3): 208/267 kB | 58 kB | 49/216 kB
2026.05.31 17:06:25 INFO  Progress (3): 208/267 kB | 58 kB | 65/216 kB
2026.05.31 17:06:25 INFO  Progress (3): 208/267 kB | 58 kB | 66/216 kB
2026.05.31 17:06:25 INFO  Progress (3): 224/267 kB | 58 kB | 66/216 kB
2026.05.31 17:06:25 INFO  Progress (3): 224/267 kB | 58 kB | 82/216 kB
2026.05.31 17:06:25 INFO  Progress (3): 224/267 kB | 58 kB | 98/216 kB
2026.05.31 17:06:25 INFO  Progress (3): 241/267 kB | 58 kB | 98/216 kB
2026.05.31 17:06:25 INFO  Progress (3): 241/267 kB | 58 kB | 115/216 kB
2026.05.31 17:06:25 INFO  Progress (3): 241/267 kB | 58 kB | 131/216 kB
2026.05.31 17:06:25 INFO  Progress (4): 241/267 kB | 58 kB | 131/216 kB | 0/1.0 MB
2026.05.31 17:06:25 INFO  Progress (5): 241/267 kB | 58 kB | 131/216 kB | 0/1.0 MB | 7.7/116 kB
2026.05.31 17:06:25 INFO  Progress (5): 241/267 kB | 58 kB | 131/216 kB | 0/1.0 MB | 11/116 kB 
2026.05.31 17:06:25 INFO  Progress (5): 241/267 kB | 58 kB | 131/216 kB | 0/1.0 MB | 11/116 kB
2026.05.31 17:06:25 INFO  Progress (5): 241/267 kB | 58 kB | 131/216 kB | 0/1.0 MB | 28/116 kB
2026.05.31 17:06:25 INFO  Progress (5): 241/267 kB | 58 kB | 131/216 kB | 0/1.0 MB | 28/116 kB
2026.05.31 17:06:25 INFO  Progress (5): 241/267 kB | 58 kB | 131/216 kB | 0/1.0 MB | 44/116 kB
2026.05.31 17:06:25 INFO  Progress (5): 241/267 kB | 58 kB | 131/216 kB | 0.1/1.0 MB | 44/116 kB
2026.05.31 17:06:25 INFO  Progress (5): 241/267 kB | 58 kB | 147/216 kB | 0.1/1.0 MB | 44/116 kB
2026.05.31 17:06:25 INFO  Progress (5): 241/267 kB | 58 kB | 147/216 kB | 0.1/1.0 MB | 61/116 kB
2026.05.31 17:06:25 INFO  Progress (5): 241/267 kB | 58 kB | 147/216 kB | 0.1/1.0 MB | 61/116 kB
2026.05.31 17:06:25 INFO  Progress (5): 241/267 kB | 58 kB | 147/216 kB | 0.1/1.0 MB | 77/116 kB
2026.05.31 17:06:25 INFO  Progress (5): 241/267 kB | 58 kB | 164/216 kB | 0.1/1.0 MB | 77/116 kB
2026.05.31 17:06:25 INFO  Progress (5): 241/267 kB | 58 kB | 164/216 kB | 0.1/1.0 MB | 77/116 kB
2026.05.31 17:06:25 INFO  Progress (5): 241/267 kB | 58 kB | 164/216 kB | 0.1/1.0 MB | 93/116 kB
2026.05.31 17:06:25 INFO  Progress (5): 241/267 kB | 58 kB | 164/216 kB | 0.1/1.0 MB | 93/116 kB
2026.05.31 17:06:25 INFO  Progress (5): 241/267 kB | 58 kB | 180/216 kB | 0.1/1.0 MB | 93/116 kB
2026.05.31 17:06:25 INFO  Progress (5): 241/267 kB | 58 kB | 180/216 kB | 0.1/1.0 MB | 93/116 kB
2026.05.31 17:06:25 INFO  Progress (5): 241/267 kB | 58 kB | 180/216 kB | 0.1/1.0 MB | 110/116 kB
2026.05.31 17:06:25 INFO                                                                         
2026.05.31 17:06:25 INFO  Downloaded from central: https://repo.maven.apache.org/maven2/org/iq80/snappy/snappy/0.4/snappy-0.4.jar (58 kB at 225 kB/s)
2026.05.31 17:06:25 INFO  Downloading from central: https://repo.maven.apache.org/maven2/com/github/luben/zstd-jni/1.5.2-5/zstd-jni-1.5.2-5.jar
2026.05.31 17:06:25 INFO  Progress (4): 241/267 kB | 180/216 kB | 0.1/1.0 MB | 116 kB
2026.05.31 17:06:25 INFO  Progress (4): 241/267 kB | 197/216 kB | 0.1/1.0 MB | 116 kB
2026.05.31 17:06:25 INFO  Progress (4): 241/267 kB | 197/216 kB | 0.1/1.0 MB | 116 kB
2026.05.31 17:06:25 INFO  Progress (4): 241/267 kB | 197/216 kB | 0.1/1.0 MB | 116 kB
2026.05.31 17:06:25 INFO  Progress (4): 241/267 kB | 213/216 kB | 0.1/1.0 MB | 116 kB
2026.05.31 17:06:25 INFO  Progress (4): 241/267 kB | 213/216 kB | 0.2/1.0 MB | 116 kB
2026.05.31 17:06:25 INFO  Progress (4): 241/267 kB | 213/216 kB | 0.2/1.0 MB | 116 kB
2026.05.31 17:06:25 INFO  Progress (4): 241/267 kB | 213/216 kB | 0.2/1.0 MB | 116 kB
2026.05.31 17:06:25 INFO  Progress (4): 241/267 kB | 213/216 kB | 0.2/1.0 MB | 116 kB
2026.05.31 17:06:25 INFO  Progress (4): 241/267 kB | 216 kB | 0.2/1.0 MB | 116 kB    
2026.05.31 17:06:25 INFO  Progress (4): 241/267 kB | 216 kB | 0.2/1.0 MB | 116 kB
2026.05.31 17:06:25 INFO  Progress (4): 257/267 kB | 216 kB | 0.2/1.0 MB | 116 kB
2026.05.31 17:06:25 INFO  Progress (4): 267 kB | 216 kB | 0.2/1.0 MB | 116 kB    
2026.05.31 17:06:25 INFO  Progress (4): 267 kB | 216 kB | 0.2/1.0 MB | 116 kB
2026.05.31 17:06:25 INFO  Progress (4): 267 kB | 216 kB | 0.2/1.0 MB | 116 kB
2026.05.31 17:06:25 INFO  Progress (4): 267 kB | 216 kB | 0.2/1.0 MB | 116 kB
2026.05.31 17:06:25 INFO  Progress (4): 267 kB | 216 kB | 0.2/1.0 MB | 116 kB
2026.05.31 17:06:25 INFO  Progress (4): 267 kB | 216 kB | 0.3/1.0 MB | 116 kB
2026.05.31 17:06:25 INFO  Progress (4): 267 kB | 216 kB | 0.3/1.0 MB | 116 kB
2026.05.31 17:06:25 INFO  Progress (4): 267 kB | 216 kB | 0.3/1.0 MB | 116 kB
2026.05.31 17:06:25 INFO                                                     
2026.05.31 17:06:25 INFO  Downloaded from central: https://repo.maven.apache.org/maven2/org/tukaani/xz/1.9/xz-1.9.jar (116 kB at 427 kB/s)
2026.05.31 17:06:25 INFO  Downloading from central: https://repo.maven.apache.org/maven2/org/codehaus/plexus/plexus-classworlds/2.7.0/plexus-classworlds-2.7.0.jar
2026.05.31 17:06:25 INFO  Progress (3): 267 kB | 216 kB | 0.3/1.0 MB
2026.05.31 17:06:25 INFO  Progress (3): 267 kB | 216 kB | 0.3/1.0 MB
2026.05.31 17:06:25 INFO  Progress (3): 267 kB | 216 kB | 0.3/1.0 MB
2026.05.31 17:06:25 INFO  Progress (3): 267 kB | 216 kB | 0.4/1.0 MB
2026.05.31 17:06:25 INFO  Progress (3): 267 kB | 216 kB | 0.4/1.0 MB
2026.05.31 17:06:25 INFO  Progress (3): 267 kB | 216 kB | 0.4/1.0 MB
2026.05.31 17:06:25 INFO                                            
2026.05.31 17:06:25 INFO  Downloaded from central: https://repo.maven.apache.org/maven2/org/codehaus/plexus/plexus-utils/3.5.0/plexus-utils-3.5.0.jar (267 kB at 968 kB/s)
2026.05.31 17:06:25 INFO  Downloaded from central: https://repo.maven.apache.org/maven2/org/codehaus/plexus/plexus-archiver/4.6.0/plexus-archiver-4.6.0.jar (216 kB at 782 kB/s)
2026.05.31 17:06:25 INFO  Downloading from central: https://repo.maven.apache.org/maven2/org/scala-sbt/zinc-core_2.13/1.8.0/zinc-core_2.13-1.8.0.jar
2026.05.31 17:06:25 INFO  Downloading from central: https://repo.maven.apache.org/maven2/org/scala-sbt/zinc_2.13/1.8.0/zinc_2.13-1.8.0.jar
2026.05.31 17:06:25 INFO  Progress (1): 0.4/1.0 MB
2026.05.31 17:06:25 INFO  Progress (1): 0.4/1.0 MB
2026.05.31 17:06:25 INFO  Progress (1): 0.4/1.0 MB
2026.05.31 17:06:25 INFO  Progress (1): 0.5/1.0 MB
2026.05.31 17:06:25 INFO  Progress (1): 0.5/1.0 MB
2026.05.31 17:06:25 INFO  Progress (1): 0.5/1.0 MB
2026.05.31 17:06:25 INFO  Progress (1): 0.5/1.0 MB
2026.05.31 17:06:25 INFO  Progress (1): 0.5/1.0 MB
2026.05.31 17:06:25 INFO  Progress (1): 0.5/1.0 MB
2026.05.31 17:06:25 INFO  Progress (1): 0.5/1.0 MB
2026.05.31 17:06:25 INFO  Progress (1): 0.6/1.0 MB
2026.05.31 17:06:25 INFO  Progress (1): 0.6/1.0 MB
2026.05.31 17:06:26 INFO  Progress (1): 0.6/1.0 MB
2026.05.31 17:06:26 INFO  Progress (1): 0.6/1.0 MB
2026.05.31 17:06:26 INFO  Progress (1): 0.6/1.0 MB
2026.05.31 17:06:26 INFO  Progress (1): 0.6/1.0 MB
2026.05.31 17:06:26 INFO  Progress (1): 0.7/1.0 MB
2026.05.31 17:06:26 INFO  Progress (1): 0.7/1.0 MB
2026.05.31 17:06:26 INFO  Progress (1): 0.7/1.0 MB
2026.05.31 17:06:26 INFO  Progress (1): 0.7/1.0 MB
2026.05.31 17:06:26 INFO  Progress (2): 0.7/1.0 MB | 0/6.3 MB
2026.05.31 17:06:26 INFO  Progress (2): 0.7/1.0 MB | 0/6.3 MB
2026.05.31 17:06:26 INFO  Progress (2): 0.7/1.0 MB | 0/6.3 MB
2026.05.31 17:06:26 INFO  Progress (2): 0.7/1.0 MB | 0/6.3 MB
2026.05.31 17:06:26 INFO  Progress (2): 0.7/1.0 MB | 0/6.3 MB
2026.05.31 17:06:26 INFO  Progress (2): 0.7/1.0 MB | 0/6.3 MB
2026.05.31 17:06:26 INFO  Progress (2): 0.7/1.0 MB | 0.1/6.3 MB
2026.05.31 17:06:26 INFO  Progress (2): 0.8/1.0 MB | 0.1/6.3 MB
2026.05.31 17:06:26 INFO  Progress (2): 0.8/1.0 MB | 0.1/6.3 MB
2026.05.31 17:06:26 INFO  Progress (2): 0.8/1.0 MB | 0.1/6.3 MB
2026.05.31 17:06:26 INFO  Progress (2): 0.8/1.0 MB | 0.1/6.3 MB
2026.05.31 17:06:26 INFO  Progress (2): 0.8/1.0 MB | 0.1/6.3 MB
2026.05.31 17:06:26 INFO  Progress (2): 0.8/1.0 MB | 0.1/6.3 MB
2026.05.31 17:06:26 INFO  Progress (2): 0.8/1.0 MB | 0.1/6.3 MB
2026.05.31 17:06:26 INFO  Progress (2): 0.8/1.0 MB | 0.1/6.3 MB
2026.05.31 17:06:26 INFO  Progress (2): 0.8/1.0 MB | 0.1/6.3 MB
2026.05.31 17:06:26 INFO  Progress (2): 0.8/1.0 MB | 0.2/6.3 MB
2026.05.31 17:06:26 INFO  Progress (2): 0.8/1.0 MB | 0.2/6.3 MB
2026.05.31 17:06:26 INFO  Progress (2): 0.8/1.0 MB | 0.2/6.3 MB
2026.05.31 17:06:26 INFO  Progress (2): 0.8/1.0 MB | 0.2/6.3 MB
2026.05.31 17:06:26 INFO  Progress (2): 0.8/1.0 MB | 0.2/6.3 MB
2026.05.31 17:06:26 INFO  Progress (2): 0.8/1.0 MB | 0.2/6.3 MB
2026.05.31 17:06:26 INFO  Progress (2): 0.8/1.0 MB | 0.3/6.3 MB
2026.05.31 17:06:26 INFO  Progress (2): 0.8/1.0 MB | 0.3/6.3 MB
2026.05.31 17:06:26 INFO  Progress (2): 0.8/1.0 MB | 0.3/6.3 MB
2026.05.31 17:06:26 INFO  Progress (2): 0.8/1.0 MB | 0.3/6.3 MB
2026.05.31 17:06:26 INFO  Progress (2): 0.8/1.0 MB | 0.3/6.3 MB
2026.05.31 17:06:26 INFO  Progress (2): 0.8/1.0 MB | 0.3/6.3 MB
2026.05.31 17:06:26 INFO  Progress (2): 0.8/1.0 MB | 0.3/6.3 MB
2026.05.31 17:06:26 INFO  Progress (2): 0.8/1.0 MB | 0.3/6.3 MB
2026.05.31 17:06:26 INFO  Progress (2): 0.8/1.0 MB | 0.3/6.3 MB
2026.05.31 17:06:26 INFO  Progress (2): 0.8/1.0 MB | 0.4/6.3 MB
2026.05.31 17:06:26 INFO  Progress (2): 0.8/1.0 MB | 0.4/6.3 MB
2026.05.31 17:06:26 INFO  Progress (2): 0.8/1.0 MB | 0.4/6.3 MB
2026.05.31 17:06:26 INFO  Progress (2): 0.8/1.0 MB | 0.4/6.3 MB
2026.05.31 17:06:26 INFO  Progress (2): 0.8/1.0 MB | 0.4/6.3 MB
2026.05.31 17:06:26 INFO  Progress (2): 0.8/1.0 MB | 0.4/6.3 MB
2026.05.31 17:06:26 INFO  Progress (2): 0.8/1.0 MB | 0.5/6.3 MB
2026.05.31 17:06:26 INFO  Progress (2): 0.8/1.0 MB | 0.5/6.3 MB
2026.05.31 17:06:26 INFO  Progress (2): 0.9/1.0 MB | 0.5/6.3 MB
2026.05.31 17:06:26 INFO  Progress (2): 0.9/1.0 MB | 0.5/6.3 MB
2026.05.31 17:06:26 INFO  Progress (2): 0.9/1.0 MB | 0.5/6.3 MB
2026.05.31 17:06:26 INFO  Progress (2): 0.9/1.0 MB | 0.5/6.3 MB
2026.05.31 17:06:26 INFO  Progress (2): 0.9/1.0 MB | 0.5/6.3 MB
2026.05.31 17:06:26 INFO  Progress (2): 0.9/1.0 MB | 0.5/6.3 MB
2026.05.31 17:06:26 INFO  Progress (2): 0.9/1.0 MB | 0.5/6.3 MB
2026.05.31 17:06:26 INFO  Progress (2): 0.9/1.0 MB | 0.5/6.3 MB
2026.05.31 17:06:26 INFO  Progress (2): 0.9/1.0 MB | 0.5/6.3 MB
2026.05.31 17:06:26 INFO  Progress (2): 0.9/1.0 MB | 0.5/6.3 MB
2026.05.31 17:06:26 INFO  Progress (2): 0.9/1.0 MB | 0.6/6.3 MB
2026.05.31 17:06:26 INFO  Progress (2): 0.9/1.0 MB | 0.6/6.3 MB
2026.05.31 17:06:26 INFO  Progress (2): 0.9/1.0 MB | 0.6/6.3 MB
2026.05.31 17:06:26 INFO  Progress (2): 0.9/1.0 MB | 0.6/6.3 MB
2026.05.31 17:06:26 INFO  Progress (2): 0.9/1.0 MB | 0.6/6.3 MB
2026.05.31 17:06:26 INFO  Progress (2): 1.0/1.0 MB | 0.6/6.3 MB
2026.05.31 17:06:26 INFO  Progress (2): 1.0/1.0 MB | 0.6/6.3 MB
2026.05.31 17:06:26 INFO  Progress (2): 1.0/1.0 MB | 0.6/6.3 MB
2026.05.31 17:06:26 INFO  Progress (2): 1.0/1.0 MB | 0.6/6.3 MB
2026.05.31 17:06:26 INFO  Progress (2): 1.0/1.0 MB | 0.7/6.3 MB
2026.05.31 17:06:26 INFO  Progress (2): 1.0/1.0 MB | 0.7/6.3 MB
2026.05.31 17:06:26 INFO  Progress (2): 1.0/1.0 MB | 0.7/6.3 MB
2026.05.31 17:06:26 INFO  Progress (2): 1.0/1.0 MB | 0.7/6.3 MB
2026.05.31 17:06:26 INFO  Progress (2): 1.0/1.0 MB | 0.7/6.3 MB
2026.05.31 17:06:26 INFO  Progress (2): 1.0/1.0 MB | 0.7/6.3 MB
2026.05.31 17:06:26 INFO  Progress (2): 1.0/1.0 MB | 0.7/6.3 MB
2026.05.31 17:06:26 INFO  Progress (2): 1.0/1.0 MB | 0.7/6.3 MB
2026.05.31 17:06:26 INFO  Progress (2): 1.0/1.0 MB | 0.7/6.3 MB
2026.05.31 17:06:26 INFO  Progress (2): 1.0 MB | 0.7/6.3 MB    
2026.05.31 17:06:26 INFO  Progress (2): 1.0 MB | 0.8/6.3 MB
2026.05.31 17:06:26 INFO  Progress (2): 1.0 MB | 0.8/6.3 MB
2026.05.31 17:06:26 INFO  Progress (2): 1.0 MB | 0.8/6.3 MB
2026.05.31 17:06:26 INFO  Progress (2): 1.0 MB | 0.8/6.3 MB
2026.05.31 17:06:26 INFO  Progress (2): 1.0 MB | 0.8/6.3 MB
2026.05.31 17:06:26 INFO  Progress (3): 1.0 MB | 0.8/6.3 MB | 7.7/490 kB
2026.05.31 17:06:26 INFO  Progress (3): 1.0 MB | 0.8/6.3 MB | 7.7/490 kB
2026.05.31 17:06:26 INFO  Progress (3): 1.0 MB | 0.8/6.3 MB | 7.7/490 kB
2026.05.31 17:06:26 INFO  Progress (4): 1.0 MB | 0.8/6.3 MB | 7.7/490 kB | 7.7/85 kB
2026.05.31 17:06:26 INFO  Progress (4): 1.0 MB | 0.8/6.3 MB | 7.7/490 kB | 7.7/85 kB
2026.05.31 17:06:26 INFO  Progress (4): 1.0 MB | 0.8/6.3 MB | 24/490 kB | 7.7/85 kB 
2026.05.31 17:06:26 INFO  Progress (4): 1.0 MB | 0.8/6.3 MB | 24/490 kB | 24/85 kB 
2026.05.31 17:06:26 INFO  Progress (4): 1.0 MB | 0.8/6.3 MB | 24/490 kB | 33/85 kB
2026.05.31 17:06:26 INFO  Progress (4): 1.0 MB | 0.8/6.3 MB | 24/490 kB | 49/85 kB
2026.05.31 17:06:26 INFO  Progress (4): 1.0 MB | 0.9/6.3 MB | 24/490 kB | 49/85 kB
2026.05.31 17:06:26 INFO                                                          
2026.05.31 17:06:26 INFO  Downloaded from central: https://repo.maven.apache.org/maven2/org/apache/commons/commons-compress/1.21/commons-compress-1.21.jar (1.0 MB at 3.0 MB/s)
2026.05.31 17:06:26 INFO  Downloading from central: https://repo.maven.apache.org/maven2/org/scala-sbt/zinc-apiinfo_2.13/1.8.0/zinc-apiinfo_2.13-1.8.0.jar
2026.05.31 17:06:26 INFO  Progress (3): 0.9/6.3 MB | 24/490 kB | 49/85 kB
2026.05.31 17:06:26 INFO  Progress (3): 0.9/6.3 MB | 24/490 kB | 66/85 kB
2026.05.31 17:06:26 INFO  Progress (3): 0.9/6.3 MB | 40/490 kB | 66/85 kB
2026.05.31 17:06:26 INFO  Progress (3): 0.9/6.3 MB | 40/490 kB | 66/85 kB
2026.05.31 17:06:26 INFO  Progress (3): 0.9/6.3 MB | 40/490 kB | 82/85 kB
2026.05.31 17:06:26 INFO  Progress (3): 0.9/6.3 MB | 40/490 kB | 85 kB   
2026.05.31 17:06:26 INFO  Progress (3): 0.9/6.3 MB | 57/490 kB | 85 kB
2026.05.31 17:06:26 INFO  Progress (3): 0.9/6.3 MB | 57/490 kB | 85 kB
2026.05.31 17:06:26 INFO  Progress (3): 0.9/6.3 MB | 57/490 kB | 85 kB
2026.05.31 17:06:26 INFO  Progress (3): 0.9/6.3 MB | 57/490 kB | 85 kB
2026.05.31 17:06:26 INFO  Progress (3): 1.0/6.3 MB | 57/490 kB | 85 kB
2026.05.31 17:06:26 INFO  Progress (3): 1.0/6.3 MB | 73/490 kB | 85 kB
2026.05.31 17:06:26 INFO  Progress (3): 1.0/6.3 MB | 90/490 kB | 85 kB
2026.05.31 17:06:26 INFO  Progress (3): 1.0/6.3 MB | 106/490 kB | 85 kB
2026.05.31 17:06:26 INFO  Progress (3): 1.0/6.3 MB | 106/490 kB | 85 kB
2026.05.31 17:06:26 INFO  Progress (3): 1.0/6.3 MB | 115/490 kB | 85 kB
2026.05.31 17:06:26 INFO  Progress (3): 1.0/6.3 MB | 131/490 kB | 85 kB
2026.05.31 17:06:26 INFO  Progress (3): 1.0/6.3 MB | 147/490 kB | 85 kB
2026.05.31 17:06:26 INFO  Progress (3): 1.0/6.3 MB | 147/490 kB | 85 kB
2026.05.31 17:06:26 INFO  Progress (4): 1.0/6.3 MB | 147/490 kB | 85 kB | 7.7/53 kB
2026.05.31 17:06:26 INFO  Progress (4): 1.0/6.3 MB | 147/490 kB | 85 kB | 16/53 kB 
2026.05.31 17:06:26 INFO                                                          
2026.05.31 17:06:26 INFO  Downloaded from central: https://repo.maven.apache.org/maven2/org/scala-sbt/zinc_2.13/1.8.0/zinc_2.13-1.8.0.jar (85 kB at 244 kB/s)
2026.05.31 17:06:26 INFO  Downloading from central: https://repo.maven.apache.org/maven2/org/scala-sbt/compiler-bridge_2.13/1.8.0/compiler-bridge_2.13-1.8.0.jar
2026.05.31 17:06:26 INFO  Progress (3): 1.0/6.3 MB | 164/490 kB | 16/53 kB
2026.05.31 17:06:26 INFO  Progress (3): 1.0/6.3 MB | 164/490 kB | 32/53 kB
2026.05.31 17:06:26 INFO  Progress (3): 1.0/6.3 MB | 164/490 kB | 32/53 kB
2026.05.31 17:06:26 INFO  Progress (3): 1.0/6.3 MB | 180/490 kB | 32/53 kB
2026.05.31 17:06:26 INFO  Progress (3): 1.0/6.3 MB | 180/490 kB | 48/53 kB
2026.05.31 17:06:26 INFO  Progress (3): 1.0/6.3 MB | 180/490 kB | 53 kB   
2026.05.31 17:06:26 INFO  Progress (3): 1.0/6.3 MB | 180/490 kB | 53 kB
2026.05.31 17:06:26 INFO  Progress (3): 1.0/6.3 MB | 197/490 kB | 53 kB
2026.05.31 17:06:26 INFO  Progress (3): 1.0/6.3 MB | 197/490 kB | 53 kB
2026.05.31 17:06:26 INFO  Progress (3): 1.0/6.3 MB | 213/490 kB | 53 kB
2026.05.31 17:06:26 INFO  Progress (3): 1.1/6.3 MB | 213/490 kB | 53 kB
2026.05.31 17:06:26 INFO  Progress (3): 1.1/6.3 MB | 213/490 kB | 53 kB
2026.05.31 17:06:26 INFO  Progress (3): 1.1/6.3 MB | 213/490 kB | 53 kB
2026.05.31 17:06:26 INFO  Progress (3): 1.1/6.3 MB | 213/490 kB | 53 kB
2026.05.31 17:06:26 INFO  Progress (3): 1.1/6.3 MB | 213/490 kB | 53 kB
2026.05.31 17:06:26 INFO  Progress (3): 1.1/6.3 MB | 213/490 kB | 53 kB
2026.05.31 17:06:26 INFO  Progress (3): 1.2/6.3 MB | 213/490 kB | 53 kB
2026.05.31 17:06:26 INFO  Progress (3): 1.2/6.3 MB | 213/490 kB | 53 kB
2026.05.31 17:06:26 INFO  Progress (3): 1.2/6.3 MB | 213/490 kB | 53 kB
2026.05.31 17:06:26 INFO  Progress (3): 1.2/6.3 MB | 213/490 kB | 53 kB
2026.05.31 17:06:26 INFO  Progress (3): 1.2/6.3 MB | 213/490 kB | 53 kB
2026.05.31 17:06:26 INFO  Progress (3): 1.2/6.3 MB | 213/490 kB | 53 kB
2026.05.31 17:06:26 INFO  Progress (3): 1.3/6.3 MB | 213/490 kB | 53 kB
2026.05.31 17:06:26 INFO  Progress (3): 1.3/6.3 MB | 213/490 kB | 53 kB
2026.05.31 17:06:26 INFO  Progress (3): 1.3/6.3 MB | 213/490 kB | 53 kB
2026.05.31 17:06:26 INFO  Progress (3): 1.3/6.3 MB | 213/490 kB | 53 kB
2026.05.31 17:06:26 INFO  Progress (3): 1.3/6.3 MB | 213/490 kB | 53 kB
2026.05.31 17:06:26 INFO  Progress (3): 1.3/6.3 MB | 213/490 kB | 53 kB
2026.05.31 17:06:26 INFO  Progress (3): 1.4/6.3 MB | 213/490 kB | 53 kB
2026.05.31 17:06:26 INFO  Progress (3): 1.4/6.3 MB | 213/490 kB | 53 kB
2026.05.31 17:06:26 INFO  Progress (3): 1.4/6.3 MB | 213/490 kB | 53 kB
2026.05.31 17:06:26 INFO  Progress (3): 1.4/6.3 MB | 213/490 kB | 53 kB
2026.05.31 17:06:26 INFO  Progress (3): 1.4/6.3 MB | 213/490 kB | 53 kB
2026.05.31 17:06:26 INFO  Progress (3): 1.4/6.3 MB | 229/490 kB | 53 kB
2026.05.31 17:06:26 INFO  Progress (3): 1.4/6.3 MB | 229/490 kB | 53 kB
2026.05.31 17:06:26 INFO                                               
2026.05.31 17:06:26 INFO  Downloaded from central: https://repo.maven.apache.org/maven2/org/codehaus/plexus/plexus-classworlds/2.7.0/plexus-classworlds-2.7.0.jar (53 kB at 147 kB/s)
2026.05.31 17:06:26 INFO  Downloading from central: https://repo.maven.apache.org/maven2/org/scala-sbt/zinc-classpath_2.13/1.8.0/zinc-classpath_2.13-1.8.0.jar
2026.05.31 17:06:26 INFO  Progress (2): 1.4/6.3 MB | 229/490 kB
2026.05.31 17:06:26 INFO  Progress (2): 1.4/6.3 MB | 246/490 kB
2026.05.31 17:06:26 INFO  Progress (2): 1.5/6.3 MB | 246/490 kB
2026.05.31 17:06:26 INFO  Progress (2): 1.5/6.3 MB | 246/490 kB
2026.05.31 17:06:26 INFO  Progress (2): 1.5/6.3 MB | 246/490 kB
2026.05.31 17:06:26 INFO  Progress (2): 1.5/6.3 MB | 246/490 kB
2026.05.31 17:06:26 INFO  Progress (2): 1.5/6.3 MB | 246/490 kB
2026.05.31 17:06:26 INFO  Progress (2): 1.5/6.3 MB | 246/490 kB
2026.05.31 17:06:26 INFO  Progress (2): 1.6/6.3 MB | 246/490 kB
2026.05.31 17:06:26 INFO  Progress (2): 1.6/6.3 MB | 246/490 kB
2026.05.31 17:06:26 INFO  Progress (2): 1.6/6.3 MB | 246/490 kB
2026.05.31 17:06:26 INFO  Progress (2): 1.6/6.3 MB | 246/490 kB
2026.05.31 17:06:26 INFO  Progress (2): 1.6/6.3 MB | 246/490 kB
2026.05.31 17:06:26 INFO  Progress (2): 1.6/6.3 MB | 246/490 kB
2026.05.31 17:06:26 INFO  Progress (2): 1.7/6.3 MB | 246/490 kB
2026.05.31 17:06:26 INFO  Progress (2): 1.7/6.3 MB | 246/490 kB
2026.05.31 17:06:26 INFO  Progress (2): 1.7/6.3 MB | 246/490 kB
2026.05.31 17:06:26 INFO  Progress (2): 1.7/6.3 MB | 246/490 kB
2026.05.31 17:06:26 INFO  Progress (2): 1.7/6.3 MB | 262/490 kB
2026.05.31 17:06:26 INFO  Progress (2): 1.7/6.3 MB | 262/490 kB
2026.05.31 17:06:26 INFO  Progress (2): 1.7/6.3 MB | 262/490 kB
2026.05.31 17:06:26 INFO  Progress (2): 1.8/6.3 MB | 262/490 kB
2026.05.31 17:06:26 INFO  Progress (2): 1.8/6.3 MB | 262/490 kB
2026.05.31 17:06:26 INFO  Progress (2): 1.8/6.3 MB | 262/490 kB
2026.05.31 17:06:26 INFO  Progress (2): 1.8/6.3 MB | 262/490 kB
2026.05.31 17:06:26 INFO  Progress (2): 1.8/6.3 MB | 262/490 kB
2026.05.31 17:06:26 INFO  Progress (2): 1.8/6.3 MB | 262/490 kB
2026.05.31 17:06:26 INFO  Progress (2): 1.9/6.3 MB | 262/490 kB
2026.05.31 17:06:26 INFO  Progress (2): 1.9/6.3 MB | 262/490 kB
2026.05.31 17:06:26 INFO  Progress (2): 1.9/6.3 MB | 262/490 kB
2026.05.31 17:06:26 INFO  Progress (2): 1.9/6.3 MB | 262/490 kB
2026.05.31 17:06:26 INFO  Progress (2): 1.9/6.3 MB | 262/490 kB
2026.05.31 17:06:26 INFO  Progress (2): 1.9/6.3 MB | 262/490 kB
2026.05.31 17:06:26 INFO  Progress (2): 2.0/6.3 MB | 262/490 kB
2026.05.31 17:06:26 INFO  Progress (2): 2.0/6.3 MB | 262/490 kB
2026.05.31 17:06:26 INFO  Progress (2): 2.0/6.3 MB | 262/490 kB
2026.05.31 17:06:26 INFO  Progress (2): 2.0/6.3 MB | 262/490 kB
2026.05.31 17:06:26 INFO  Progress (2): 2.0/6.3 MB | 262/490 kB
2026.05.31 17:06:26 INFO  Progress (2): 2.0/6.3 MB | 262/490 kB
2026.05.31 17:06:26 INFO  Progress (2): 2.1/6.3 MB | 262/490 kB
2026.05.31 17:06:26 INFO  Progress (2): 2.1/6.3 MB | 262/490 kB
2026.05.31 17:06:26 INFO  Progress (2): 2.1/6.3 MB | 262/490 kB
2026.05.31 17:06:26 INFO  Progress (2): 2.1/6.3 MB | 279/490 kB
2026.05.31 17:06:26 INFO  Progress (2): 2.1/6.3 MB | 279/490 kB
2026.05.31 17:06:26 INFO  Progress (2): 2.1/6.3 MB | 295/490 kB
2026.05.31 17:06:26 INFO  Progress (2): 2.1/6.3 MB | 295/490 kB
2026.05.31 17:06:26 INFO  Progress (2): 2.1/6.3 MB | 295/490 kB
2026.05.31 17:06:26 INFO  Progress (2): 2.2/6.3 MB | 295/490 kB
2026.05.31 17:06:26 INFO  Progress (2): 2.2/6.3 MB | 311/490 kB
2026.05.31 17:06:26 INFO  Progress (2): 2.2/6.3 MB | 311/490 kB
2026.05.31 17:06:26 INFO  Progress (2): 2.2/6.3 MB | 311/490 kB
2026.05.31 17:06:26 INFO  Progress (2): 2.2/6.3 MB | 311/490 kB
2026.05.31 17:06:26 INFO  Progress (2): 2.2/6.3 MB | 311/490 kB
2026.05.31 17:06:26 INFO  Progress (2): 2.2/6.3 MB | 311/490 kB
2026.05.31 17:06:26 INFO  Progress (2): 2.3/6.3 MB | 311/490 kB
2026.05.31 17:06:26 INFO  Progress (2): 2.3/6.3 MB | 328/490 kB
2026.05.31 17:06:26 INFO  Progress (2): 2.3/6.3 MB | 328/490 kB
2026.05.31 17:06:26 INFO  Progress (2): 2.3/6.3 MB | 344/490 kB
2026.05.31 17:06:26 INFO  Progress (2): 2.3/6.3 MB | 344/490 kB
2026.05.31 17:06:26 INFO  Progress (2): 2.3/6.3 MB | 360/490 kB
2026.05.31 17:06:26 INFO  Progress (2): 2.3/6.3 MB | 360/490 kB
2026.05.31 17:06:26 INFO  Progress (2): 2.3/6.3 MB | 360/490 kB
2026.05.31 17:06:26 INFO  Progress (2): 2.3/6.3 MB | 360/490 kB
2026.05.31 17:06:26 INFO  Progress (2): 2.3/6.3 MB | 377/490 kB
2026.05.31 17:06:26 INFO  Progress (2): 2.3/6.3 MB | 377/490 kB
2026.05.31 17:06:26 INFO  Progress (2): 2.4/6.3 MB | 377/490 kB
2026.05.31 17:06:26 INFO  Progress (2): 2.4/6.3 MB | 393/490 kB
2026.05.31 17:06:26 INFO  Progress (2): 2.4/6.3 MB | 393/490 kB
2026.05.31 17:06:26 INFO  Progress (2): 2.4/6.3 MB | 393/490 kB
2026.05.31 17:06:26 INFO  Progress (2): 2.4/6.3 MB | 393/490 kB
2026.05.31 17:06:26 INFO  Progress (2): 2.4/6.3 MB | 393/490 kB
2026.05.31 17:06:26 INFO  Progress (2): 2.4/6.3 MB | 393/490 kB
2026.05.31 17:06:26 INFO  Progress (2): 2.5/6.3 MB | 393/490 kB
2026.05.31 17:06:26 INFO  Progress (2): 2.5/6.3 MB | 393/490 kB
2026.05.31 17:06:26 INFO  Progress (2): 2.5/6.3 MB | 393/490 kB
2026.05.31 17:06:26 INFO  Progress (2): 2.5/6.3 MB | 393/490 kB
2026.05.31 17:06:26 INFO  Progress (2): 2.5/6.3 MB | 393/490 kB
2026.05.31 17:06:26 INFO  Progress (2): 2.5/6.3 MB | 393/490 kB
2026.05.31 17:06:26 INFO  Progress (2): 2.6/6.3 MB | 393/490 kB
2026.05.31 17:06:26 INFO  Progress (2): 2.6/6.3 MB | 393/490 kB
2026.05.31 17:06:26 INFO  Progress (2): 2.6/6.3 MB | 393/490 kB
2026.05.31 17:06:26 INFO  Progress (2): 2.6/6.3 MB | 393/490 kB
2026.05.31 17:06:26 INFO  Progress (2): 2.6/6.3 MB | 393/490 kB
2026.05.31 17:06:26 INFO  Progress (2): 2.6/6.3 MB | 393/490 kB
2026.05.31 17:06:26 INFO  Progress (2): 2.7/6.3 MB | 393/490 kB
2026.05.31 17:06:26 INFO  Progress (2): 2.7/6.3 MB | 393/490 kB
2026.05.31 17:06:26 INFO  Progress (2): 2.7/6.3 MB | 393/490 kB
2026.05.31 17:06:26 INFO  Progress (2): 2.7/6.3 MB | 393/490 kB
2026.05.31 17:06:26 INFO  Progress (2): 2.7/6.3 MB | 410/490 kB
2026.05.31 17:06:26 INFO  Progress (2): 2.7/6.3 MB | 426/490 kB
2026.05.31 17:06:26 INFO  Progress (2): 2.7/6.3 MB | 426/490 kB
2026.05.31 17:06:26 INFO  Progress (2): 2.7/6.3 MB | 426/490 kB
2026.05.31 17:06:26 INFO  Progress (2): 2.7/6.3 MB | 442/490 kB
2026.05.31 17:06:26 INFO  Progress (2): 2.7/6.3 MB | 459/490 kB
2026.05.31 17:06:26 INFO  Progress (2): 2.8/6.3 MB | 459/490 kB
2026.05.31 17:06:26 INFO  Progress (2): 2.8/6.3 MB | 475/490 kB
2026.05.31 17:06:26 INFO  Progress (2): 2.8/6.3 MB | 490 kB    
2026.05.31 17:06:26 INFO  Progress (3): 2.8/6.3 MB | 490 kB | 7.7/165 kB
2026.05.31 17:06:26 INFO  Progress (3): 2.8/6.3 MB | 490 kB | 16/165 kB 
2026.05.31 17:06:26 INFO  Progress (3): 2.8/6.3 MB | 490 kB | 25/165 kB
2026.05.31 17:06:26 INFO  Progress (3): 2.8/6.3 MB | 490 kB | 41/165 kB
2026.05.31 17:06:26 INFO  Progress (3): 2.8/6.3 MB | 490 kB | 57/165 kB
2026.05.31 17:06:26 INFO  Progress (3): 2.8/6.3 MB | 490 kB | 74/165 kB
2026.05.31 17:06:26 INFO  Progress (3): 2.8/6.3 MB | 490 kB | 82/165 kB
2026.05.31 17:06:26 INFO  Progress (3): 2.8/6.3 MB | 490 kB | 98/165 kB
2026.05.31 17:06:26 INFO  Progress (3): 2.8/6.3 MB | 490 kB | 106/165 kB
2026.05.31 17:06:26 INFO  Progress (3): 2.8/6.3 MB | 490 kB | 106/165 kB
2026.05.31 17:06:26 INFO  Progress (3): 2.8/6.3 MB | 490 kB | 123/165 kB
2026.05.31 17:06:26 INFO  Progress (3): 2.8/6.3 MB | 490 kB | 123/165 kB
2026.05.31 17:06:26 INFO  Progress (3): 2.8/6.3 MB | 490 kB | 139/165 kB
2026.05.31 17:06:26 INFO  Progress (3): 2.8/6.3 MB | 490 kB | 139/165 kB
2026.05.31 17:06:26 INFO  Progress (3): 2.8/6.3 MB | 490 kB | 156/165 kB
2026.05.31 17:06:26 INFO  Progress (3): 2.8/6.3 MB | 490 kB | 156/165 kB
2026.05.31 17:06:26 INFO  Progress (3): 2.8/6.3 MB | 490 kB | 165 kB    
2026.05.31 17:06:26 INFO  Progress (3): 2.8/6.3 MB | 490 kB | 165 kB
2026.05.31 17:06:26 INFO  Progress (3): 2.9/6.3 MB | 490 kB | 165 kB
2026.05.31 17:06:26 INFO  Progress (3): 2.9/6.3 MB | 490 kB | 165 kB
2026.05.31 17:06:26 INFO                                            
2026.05.31 17:06:26 INFO  Downloaded from central: https://repo.maven.apache.org/maven2/org/scala-sbt/zinc-core_2.13/1.8.0/zinc-core_2.13-1.8.0.jar (490 kB at 1.1 MB/s)
2026.05.31 17:06:26 INFO  Downloading from central: https://repo.maven.apache.org/maven2/org/scala-lang/scala-compiler/2.13.8/scala-compiler-2.13.8.jar
2026.05.31 17:06:26 INFO  Progress (2): 2.9/6.3 MB | 165 kB
2026.05.31 17:06:26 INFO  Progress (2): 2.9/6.3 MB | 165 kB
2026.05.31 17:06:26 INFO  Progress (3): 2.9/6.3 MB | 165 kB | 7.7/243 kB
2026.05.31 17:06:26 INFO  Progress (3): 2.9/6.3 MB | 165 kB | 16/243 kB 
2026.05.31 17:06:26 INFO  Progress (3): 2.9/6.3 MB | 165 kB | 16/243 kB
2026.05.31 17:06:26 INFO  Progress (3): 2.9/6.3 MB | 165 kB | 24/243 kB
2026.05.31 17:06:26 INFO  Progress (3): 2.9/6.3 MB | 165 kB | 24/243 kB
2026.05.31 17:06:26 INFO  Progress (3): 3.0/6.3 MB | 165 kB | 24/243 kB
2026.05.31 17:06:26 INFO  Progress (3): 3.0/6.3 MB | 165 kB | 24/243 kB
2026.05.31 17:06:26 INFO  Progress (3): 3.0/6.3 MB | 165 kB | 24/243 kB
2026.05.31 17:06:26 INFO  Progress (3): 3.0/6.3 MB | 165 kB | 24/243 kB
2026.05.31 17:06:26 INFO  Progress (3): 3.0/6.3 MB | 165 kB | 24/243 kB
2026.05.31 17:06:26 INFO  Progress (3): 3.0/6.3 MB | 165 kB | 24/243 kB
2026.05.31 17:06:26 INFO  Progress (3): 3.1/6.3 MB | 165 kB | 24/243 kB
2026.05.31 17:06:26 INFO  Progress (3): 3.1/6.3 MB | 165 kB | 24/243 kB
2026.05.31 17:06:26 INFO  Progress (3): 3.1/6.3 MB | 165 kB | 24/243 kB
2026.05.31 17:06:26 INFO  Progress (3): 3.1/6.3 MB | 165 kB | 24/243 kB
2026.05.31 17:06:26 INFO  Progress (3): 3.1/6.3 MB | 165 kB | 24/243 kB
2026.05.31 17:06:26 INFO  Progress (3): 3.1/6.3 MB | 165 kB | 24/243 kB
2026.05.31 17:06:26 INFO  Progress (3): 3.1/6.3 MB | 165 kB | 40/243 kB
2026.05.31 17:06:26 INFO  Progress (3): 3.2/6.3 MB | 165 kB | 40/243 kB
2026.05.31 17:06:26 INFO  Progress (3): 3.2/6.3 MB | 165 kB | 57/243 kB
2026.05.31 17:06:26 INFO  Progress (3): 3.2/6.3 MB | 165 kB | 57/243 kB
2026.05.31 17:06:26 INFO  Progress (3): 3.2/6.3 MB | 165 kB | 73/243 kB
2026.05.31 17:06:26 INFO  Progress (3): 3.2/6.3 MB | 165 kB | 73/243 kB
2026.05.31 17:06:26 INFO  Progress (3): 3.2/6.3 MB | 165 kB | 73/243 kB
2026.05.31 17:06:26 INFO  Progress (3): 3.2/6.3 MB | 165 kB | 73/243 kB
2026.05.31 17:06:26 INFO  Progress (3): 3.2/6.3 MB | 165 kB | 90/243 kB
2026.05.31 17:06:26 INFO  Progress (3): 3.2/6.3 MB | 165 kB | 90/243 kB
2026.05.31 17:06:26 INFO  Progress (3): 3.2/6.3 MB | 165 kB | 90/243 kB
2026.05.31 17:06:26 INFO  Progress (3): 3.3/6.3 MB | 165 kB | 90/243 kB
2026.05.31 17:06:26 INFO  Progress (3): 3.3/6.3 MB | 165 kB | 90/243 kB
2026.05.31 17:06:26 INFO  Progress (3): 3.3/6.3 MB | 165 kB | 90/243 kB
2026.05.31 17:06:26 INFO  Progress (3): 3.3/6.3 MB | 165 kB | 90/243 kB
2026.05.31 17:06:26 INFO  Progress (3): 3.3/6.3 MB | 165 kB | 90/243 kB
2026.05.31 17:06:26 INFO  Progress (3): 3.3/6.3 MB | 165 kB | 90/243 kB
2026.05.31 17:06:26 INFO  Progress (3): 3.4/6.3 MB | 165 kB | 90/243 kB
2026.05.31 17:06:26 INFO  Progress (3): 3.4/6.3 MB | 165 kB | 106/243 kB
2026.05.31 17:06:26 INFO  Progress (3): 3.4/6.3 MB | 165 kB | 122/243 kB
2026.05.31 17:06:26 INFO  Progress (3): 3.4/6.3 MB | 165 kB | 139/243 kB
2026.05.31 17:06:26 INFO  Progress (3): 3.4/6.3 MB | 165 kB | 155/243 kB
2026.05.31 17:06:26 INFO  Progress (3): 3.4/6.3 MB | 165 kB | 172/243 kB
2026.05.31 17:06:26 INFO                                                
2026.05.31 17:06:26 INFO  Downloaded from central: https://repo.maven.apache.org/maven2/org/scala-sbt/zinc-apiinfo_2.13/1.8.0/zinc-apiinfo_2.13-1.8.0.jar (165 kB at 370 kB/s)
2026.05.31 17:06:26 INFO  Downloading from central: https://repo.maven.apache.org/maven2/org/scala-sbt/compiler-interface/1.8.0/compiler-interface-1.8.0.jar
2026.05.31 17:06:26 INFO  Progress (2): 3.4/6.3 MB | 188/243 kB
2026.05.31 17:06:26 INFO  Progress (2): 3.4/6.3 MB | 188/243 kB
2026.05.31 17:06:26 INFO  Progress (2): 3.4/6.3 MB | 204/243 kB
2026.05.31 17:06:26 INFO  Progress (2): 3.4/6.3 MB | 204/243 kB
2026.05.31 17:06:26 INFO  Progress (2): 3.4/6.3 MB | 221/243 kB
2026.05.31 17:06:26 INFO  Progress (2): 3.4/6.3 MB | 237/243 kB
2026.05.31 17:06:26 INFO  Progress (2): 3.4/6.3 MB | 237/243 kB
2026.05.31 17:06:26 INFO  Progress (2): 3.4/6.3 MB | 243 kB    
2026.05.31 17:06:26 INFO  Progress (2): 3.4/6.3 MB | 243 kB
2026.05.31 17:06:26 INFO  Progress (2): 3.4/6.3 MB | 243 kB
2026.05.31 17:06:26 INFO  Progress (2): 3.5/6.3 MB | 243 kB
2026.05.31 17:06:26 INFO  Progress (2): 3.5/6.3 MB | 243 kB
2026.05.31 17:06:26 INFO  Progress (2): 3.5/6.3 MB | 243 kB
2026.05.31 17:06:26 INFO  Progress (2): 3.5/6.3 MB | 243 kB
2026.05.31 17:06:26 INFO  Progress (2): 3.5/6.3 MB | 243 kB
2026.05.31 17:06:26 INFO  Progress (2): 3.5/6.3 MB | 243 kB
2026.05.31 17:06:26 INFO  Progress (2): 3.6/6.3 MB | 243 kB
2026.05.31 17:06:26 INFO  Progress (2): 3.6/6.3 MB | 243 kB
2026.05.31 17:06:26 INFO  Progress (2): 3.6/6.3 MB | 243 kB
2026.05.31 17:06:26 INFO  Progress (2): 3.6/6.3 MB | 243 kB
2026.05.31 17:06:26 INFO  Progress (2): 3.6/6.3 MB | 243 kB
2026.05.31 17:06:26 INFO  Progress (2): 3.6/6.3 MB | 243 kB
2026.05.31 17:06:26 INFO  Progress (2): 3.7/6.3 MB | 243 kB
2026.05.31 17:06:26 INFO  Progress (2): 3.7/6.3 MB | 243 kB
2026.05.31 17:06:26 INFO  Progress (2): 3.7/6.3 MB | 243 kB
2026.05.31 17:06:26 INFO  Progress (2): 3.7/6.3 MB | 243 kB
2026.05.31 17:06:26 INFO                                   
2026.05.31 17:06:26 INFO  Downloaded from central: https://repo.maven.apache.org/maven2/org/scala-sbt/compiler-bridge_2.13/1.8.0/compiler-bridge_2.13-1.8.0.jar (243 kB at 526 kB/s)
2026.05.31 17:06:26 INFO  Downloading from central: https://repo.maven.apache.org/maven2/org/scala-sbt/util-interface/1.8.0/util-interface-1.8.0.jar
2026.05.31 17:06:26 INFO  Progress (1): 3.7/6.3 MB
2026.05.31 17:06:26 INFO  Progress (1): 3.7/6.3 MB
2026.05.31 17:06:26 INFO  Progress (1): 3.8/6.3 MB
2026.05.31 17:06:26 INFO  Progress (1): 3.8/6.3 MB
2026.05.31 17:06:26 INFO  Progress (1): 3.8/6.3 MB
2026.05.31 17:06:26 INFO  Progress (1): 3.8/6.3 MB
2026.05.31 17:06:26 INFO  Progress (1): 3.8/6.3 MB
2026.05.31 17:06:26 INFO  Progress (1): 3.8/6.3 MB
2026.05.31 17:06:26 INFO  Progress (1): 3.9/6.3 MB
2026.05.31 17:06:26 INFO  Progress (1): 3.9/6.3 MB
2026.05.31 17:06:26 INFO  Progress (2): 3.9/6.3 MB | 7.7/89 kB
2026.05.31 17:06:26 INFO  Progress (2): 3.9/6.3 MB | 16/89 kB 
2026.05.31 17:06:26 INFO  Progress (2): 3.9/6.3 MB | 25/89 kB
2026.05.31 17:06:26 INFO  Progress (2): 3.9/6.3 MB | 41/89 kB
2026.05.31 17:06:26 INFO  Progress (2): 3.9/6.3 MB | 57/89 kB
2026.05.31 17:06:26 INFO  Progress (2): 3.9/6.3 MB | 57/89 kB
2026.05.31 17:06:26 INFO  Progress (2): 3.9/6.3 MB | 57/89 kB
2026.05.31 17:06:26 INFO  Progress (2): 3.9/6.3 MB | 74/89 kB
2026.05.31 17:06:26 INFO  Progress (2): 3.9/6.3 MB | 74/89 kB
2026.05.31 17:06:26 INFO  Progress (2): 3.9/6.3 MB | 89 kB   
2026.05.31 17:06:26 INFO  Progress (2): 3.9/6.3 MB | 89 kB
2026.05.31 17:06:26 INFO  Progress (2): 4.0/6.3 MB | 89 kB
2026.05.31 17:06:26 INFO  Progress (2): 4.0/6.3 MB | 89 kB
2026.05.31 17:06:26 INFO  Progress (2): 4.0/6.3 MB | 89 kB
2026.05.31 17:06:26 INFO  Progress (2): 4.0/6.3 MB | 89 kB
2026.05.31 17:06:26 INFO  Progress (2): 4.0/6.3 MB | 89 kB
2026.05.31 17:06:26 INFO  Progress (2): 4.0/6.3 MB | 89 kB
2026.05.31 17:06:26 INFO  Progress (2): 4.1/6.3 MB | 89 kB
2026.05.31 17:06:26 INFO  Progress (2): 4.1/6.3 MB | 89 kB
2026.05.31 17:06:26 INFO  Progress (2): 4.1/6.3 MB | 89 kB
2026.05.31 17:06:26 INFO  Progress (2): 4.1/6.3 MB | 89 kB
2026.05.31 17:06:26 INFO  Progress (2): 4.1/6.3 MB | 89 kB
2026.05.31 17:06:26 INFO  Progress (2): 4.1/6.3 MB | 89 kB
2026.05.31 17:06:26 INFO  Progress (2): 4.1/6.3 MB | 89 kB
2026.05.31 17:06:26 INFO  Progress (2): 4.2/6.3 MB | 89 kB
2026.05.31 17:06:26 INFO  Progress (2): 4.2/6.3 MB | 89 kB
2026.05.31 17:06:26 INFO  Progress (2): 4.2/6.3 MB | 89 kB
2026.05.31 17:06:26 INFO  Progress (2): 4.2/6.3 MB | 89 kB
2026.05.31 17:06:26 INFO  Progress (2): 4.2/6.3 MB | 89 kB
2026.05.31 17:06:26 INFO  Progress (2): 4.2/6.3 MB | 89 kB
2026.05.31 17:06:26 INFO  Progress (2): 4.3/6.3 MB | 89 kB
2026.05.31 17:06:26 INFO  Progress (2): 4.3/6.3 MB | 89 kB
2026.05.31 17:06:26 INFO  Progress (2): 4.3/6.3 MB | 89 kB
2026.05.31 17:06:26 INFO  Progress (2): 4.3/6.3 MB | 89 kB
2026.05.31 17:06:26 INFO                                  
2026.05.31 17:06:26 INFO  Downloaded from central: https://repo.maven.apache.org/maven2/org/scala-sbt/zinc-classpath_2.13/1.8.0/zinc-classpath_2.13-1.8.0.jar (89 kB at 185 kB/s)
2026.05.31 17:06:26 INFO  Downloading from central: https://repo.maven.apache.org/maven2/org/scala-sbt/zinc-persist-core-assembly/1.8.0/zinc-persist-core-assembly-1.8.0.jar
2026.05.31 17:06:26 INFO  Progress (1): 4.3/6.3 MB
2026.05.31 17:06:26 INFO  Progress (1): 4.3/6.3 MB
2026.05.31 17:06:26 INFO  Progress (1): 4.4/6.3 MB
2026.05.31 17:06:26 INFO  Progress (1): 4.4/6.3 MB
2026.05.31 17:06:26 INFO  Progress (1): 4.4/6.3 MB
2026.05.31 17:06:26 INFO  Progress (1): 4.4/6.3 MB
2026.05.31 17:06:26 INFO  Progress (1): 4.4/6.3 MB
2026.05.31 17:06:26 INFO  Progress (1): 4.4/6.3 MB
2026.05.31 17:06:26 INFO  Progress (1): 4.5/6.3 MB
2026.05.31 17:06:26 INFO  Progress (1): 4.5/6.3 MB
2026.05.31 17:06:26 INFO  Progress (1): 4.5/6.3 MB
2026.05.31 17:06:26 INFO  Progress (1): 4.5/6.3 MB
2026.05.31 17:06:26 INFO  Progress (1): 4.5/6.3 MB
2026.05.31 17:06:26 INFO  Progress (1): 4.5/6.3 MB
2026.05.31 17:06:26 INFO  Progress (1): 4.6/6.3 MB
2026.05.31 17:06:26 INFO  Progress (1): 4.6/6.3 MB
2026.05.31 17:06:26 INFO  Progress (1): 4.6/6.3 MB
2026.05.31 17:06:26 INFO  Progress (1): 4.6/6.3 MB
2026.05.31 17:06:26 INFO  Progress (1): 4.6/6.3 MB
2026.05.31 17:06:26 INFO  Progress (1): 4.6/6.3 MB
2026.05.31 17:06:26 INFO  Progress (1): 4.6/6.3 MB
2026.05.31 17:06:26 INFO  Progress (1): 4.7/6.3 MB
2026.05.31 17:06:26 INFO  Progress (1): 4.7/6.3 MB
2026.05.31 17:06:26 INFO  Progress (1): 4.7/6.3 MB
2026.05.31 17:06:26 INFO  Progress (2): 4.7/6.3 MB | 0/12 MB
2026.05.31 17:06:26 INFO  Progress (2): 4.7/6.3 MB | 0/12 MB
2026.05.31 17:06:26 INFO  Progress (2): 4.7/6.3 MB | 0/12 MB
2026.05.31 17:06:26 INFO  Progress (2): 4.7/6.3 MB | 0/12 MB
2026.05.31 17:06:26 INFO  Progress (2): 4.7/6.3 MB | 0.1/12 MB
2026.05.31 17:06:26 INFO  Progress (2): 4.7/6.3 MB | 0.1/12 MB
2026.05.31 17:06:26 INFO  Progress (2): 4.7/6.3 MB | 0.1/12 MB
2026.05.31 17:06:26 INFO  Progress (2): 4.7/6.3 MB | 0.1/12 MB
2026.05.31 17:06:26 INFO  Progress (2): 4.7/6.3 MB | 0.1/12 MB
2026.05.31 17:06:26 INFO  Progress (2): 4.7/6.3 MB | 0.1/12 MB
2026.05.31 17:06:26 INFO  Progress (2): 4.7/6.3 MB | 0.1/12 MB
2026.05.31 17:06:26 INFO  Progress (2): 4.7/6.3 MB | 0.1/12 MB
2026.05.31 17:06:26 INFO  Progress (2): 4.7/6.3 MB | 0.2/12 MB
2026.05.31 17:06:26 INFO  Progress (2): 4.7/6.3 MB | 0.2/12 MB
2026.05.31 17:06:26 INFO  Progress (2): 4.7/6.3 MB | 0.2/12 MB
2026.05.31 17:06:26 INFO  Progress (2): 4.7/6.3 MB | 0.2/12 MB
2026.05.31 17:06:26 INFO  Progress (2): 4.7/6.3 MB | 0.2/12 MB
2026.05.31 17:06:26 INFO  Progress (2): 4.7/6.3 MB | 0.2/12 MB
2026.05.31 17:06:26 INFO  Progress (2): 4.7/6.3 MB | 0.3/12 MB
2026.05.31 17:06:26 INFO  Progress (2): 4.7/6.3 MB | 0.3/12 MB
2026.05.31 17:06:26 INFO  Progress (2): 4.7/6.3 MB | 0.3/12 MB
2026.05.31 17:06:26 INFO  Progress (2): 4.7/6.3 MB | 0.3/12 MB
2026.05.31 17:06:26 INFO  Progress (2): 4.7/6.3 MB | 0.3/12 MB
2026.05.31 17:06:26 INFO  Progress (2): 4.8/6.3 MB | 0.3/12 MB
2026.05.31 17:06:26 INFO  Progress (2): 4.8/6.3 MB | 0.3/12 MB
2026.05.31 17:06:26 INFO  Progress (2): 4.8/6.3 MB | 0.3/12 MB
2026.05.31 17:06:26 INFO  Progress (2): 4.8/6.3 MB | 0.3/12 MB
2026.05.31 17:06:26 INFO  Progress (2): 4.8/6.3 MB | 0.3/12 MB
2026.05.31 17:06:26 INFO  Progress (2): 4.8/6.3 MB | 0.3/12 MB
2026.05.31 17:06:26 INFO  Progress (2): 4.8/6.3 MB | 0.3/12 MB
2026.05.31 17:06:26 INFO  Progress (2): 4.9/6.3 MB | 0.3/12 MB
2026.05.31 17:06:26 INFO  Progress (2): 4.9/6.3 MB | 0.3/12 MB
2026.05.31 17:06:26 INFO  Progress (2): 4.9/6.3 MB | 0.3/12 MB
2026.05.31 17:06:26 INFO  Progress (2): 4.9/6.3 MB | 0.3/12 MB
2026.05.31 17:06:26 INFO  Progress (2): 4.9/6.3 MB | 0.3/12 MB
2026.05.31 17:06:26 INFO  Progress (3): 4.9/6.3 MB | 0.3/12 MB | 7.7/112 kB
2026.05.31 17:06:26 INFO  Progress (3): 4.9/6.3 MB | 0.3/12 MB | 15/112 kB 
2026.05.31 17:06:26 INFO  Progress (3): 4.9/6.3 MB | 0.3/12 MB | 32/112 kB
2026.05.31 17:06:26 INFO  Progress (3): 4.9/6.3 MB | 0.3/12 MB | 32/112 kB
2026.05.31 17:06:26 INFO  Progress (3): 4.9/6.3 MB | 0.3/12 MB | 32/112 kB
2026.05.31 17:06:26 INFO  Progress (3): 4.9/6.3 MB | 0.3/12 MB | 48/112 kB
2026.05.31 17:06:26 INFO  Progress (3): 4.9/6.3 MB | 0.4/12 MB | 48/112 kB
2026.05.31 17:06:26 INFO  Progress (3): 4.9/6.3 MB | 0.4/12 MB | 48/112 kB
2026.05.31 17:06:26 INFO  Progress (3): 4.9/6.3 MB | 0.4/12 MB | 48/112 kB
2026.05.31 17:06:26 INFO  Progress (3): 4.9/6.3 MB | 0.4/12 MB | 65/112 kB
2026.05.31 17:06:26 INFO  Progress (3): 4.9/6.3 MB | 0.4/12 MB | 65/112 kB
2026.05.31 17:06:26 INFO  Progress (3): 4.9/6.3 MB | 0.4/12 MB | 65/112 kB
2026.05.31 17:06:26 INFO  Progress (3): 4.9/6.3 MB | 0.4/12 MB | 65/112 kB
2026.05.31 17:06:26 INFO  Progress (3): 4.9/6.3 MB | 0.4/12 MB | 65/112 kB
2026.05.31 17:06:26 INFO  Progress (3): 4.9/6.3 MB | 0.4/12 MB | 65/112 kB
2026.05.31 17:06:26 INFO  Progress (3): 4.9/6.3 MB | 0.5/12 MB | 65/112 kB
2026.05.31 17:06:26 INFO  Progress (3): 4.9/6.3 MB | 0.5/12 MB | 81/112 kB
2026.05.31 17:06:26 INFO  Progress (3): 4.9/6.3 MB | 0.5/12 MB | 81/112 kB
2026.05.31 17:06:26 INFO  Progress (3): 4.9/6.3 MB | 0.5/12 MB | 97/112 kB
2026.05.31 17:06:26 INFO  Progress (3): 4.9/6.3 MB | 0.5/12 MB | 97/112 kB
2026.05.31 17:06:26 INFO  Progress (3): 4.9/6.3 MB | 0.5/12 MB | 97/112 kB
2026.05.31 17:06:26 INFO  Progress (3): 4.9/6.3 MB | 0.5/12 MB | 112 kB   
2026.05.31 17:06:26 INFO  Progress (3): 4.9/6.3 MB | 0.5/12 MB | 112 kB
2026.05.31 17:06:26 INFO  Progress (3): 4.9/6.3 MB | 0.5/12 MB | 112 kB
2026.05.31 17:06:26 INFO  Progress (3): 4.9/6.3 MB | 0.6/12 MB | 112 kB
2026.05.31 17:06:26 INFO  Progress (3): 4.9/6.3 MB | 0.6/12 MB | 112 kB
2026.05.31 17:06:26 INFO  Progress (3): 4.9/6.3 MB | 0.6/12 MB | 112 kB
2026.05.31 17:06:26 INFO  Progress (3): 4.9/6.3 MB | 0.6/12 MB | 112 kB
2026.05.31 17:06:26 INFO  Progress (3): 4.9/6.3 MB | 0.6/12 MB | 112 kB
2026.05.31 17:06:26 INFO  Progress (3): 4.9/6.3 MB | 0.6/12 MB | 112 kB
2026.05.31 17:06:26 INFO  Progress (3): 4.9/6.3 MB | 0.7/12 MB | 112 kB
2026.05.31 17:06:26 INFO  Progress (3): 4.9/6.3 MB | 0.7/12 MB | 112 kB
2026.05.31 17:06:26 INFO  Progress (3): 4.9/6.3 MB | 0.7/12 MB | 112 kB
2026.05.31 17:06:26 INFO  Progress (3): 4.9/6.3 MB | 0.7/12 MB | 112 kB
2026.05.31 17:06:26 INFO  Progress (3): 4.9/6.3 MB | 0.7/12 MB | 112 kB
2026.05.31 17:06:26 INFO  Progress (3): 4.9/6.3 MB | 0.7/12 MB | 112 kB
2026.05.31 17:06:26 INFO  Progress (3): 4.9/6.3 MB | 0.7/12 MB | 112 kB
2026.05.31 17:06:26 INFO  Progress (3): 4.9/6.3 MB | 0.8/12 MB | 112 kB
2026.05.31 17:06:26 INFO  Progress (3): 5.0/6.3 MB | 0.8/12 MB | 112 kB
2026.05.31 17:06:26 INFO  Progress (3): 5.0/6.3 MB | 0.8/12 MB | 112 kB
2026.05.31 17:06:26 INFO  Progress (3): 5.0/6.3 MB | 0.8/12 MB | 112 kB
2026.05.31 17:06:26 INFO                                               
2026.05.31 17:06:26 INFO  Downloaded from central: https://repo.maven.apache.org/maven2/org/scala-sbt/compiler-interface/1.8.0/compiler-interface-1.8.0.jar (112 kB at 212 kB/s)
2026.05.31 17:06:26 INFO  Downloading from central: https://repo.maven.apache.org/maven2/org/scala-lang/modules/scala-parallel-collections_2.13/0.2.0/scala-parallel-collections_2.13-0.2.0.jar
2026.05.31 17:06:26 INFO  Progress (2): 5.0/6.3 MB | 0.8/12 MB
2026.05.31 17:06:26 INFO  Progress (2): 5.0/6.3 MB | 0.8/12 MB
2026.05.31 17:06:26 INFO  Progress (2): 5.0/6.3 MB | 0.8/12 MB
2026.05.31 17:06:26 INFO  Progress (2): 5.1/6.3 MB | 0.8/12 MB
2026.05.31 17:06:26 INFO  Progress (2): 5.1/6.3 MB | 0.8/12 MB
2026.05.31 17:06:26 INFO  Progress (3): 5.1/6.3 MB | 0.8/12 MB | 3.3 kB
2026.05.31 17:06:26 INFO  Progress (3): 5.1/6.3 MB | 0.8/12 MB | 3.3 kB
2026.05.31 17:06:26 INFO  Progress (3): 5.1/6.3 MB | 0.8/12 MB | 3.3 kB
2026.05.31 17:06:26 INFO  Progress (3): 5.1/6.3 MB | 0.8/12 MB | 3.3 kB
2026.05.31 17:06:26 INFO  Progress (3): 5.1/6.3 MB | 0.8/12 MB | 3.3 kB
2026.05.31 17:06:26 INFO  Progress (3): 5.2/6.3 MB | 0.8/12 MB | 3.3 kB
2026.05.31 17:06:26 INFO  Progress (3): 5.2/6.3 MB | 0.8/12 MB | 3.3 kB
2026.05.31 17:06:26 INFO  Progress (3): 5.2/6.3 MB | 0.8/12 MB | 3.3 kB
2026.05.31 17:06:26 INFO  Progress (3): 5.2/6.3 MB | 0.8/12 MB | 3.3 kB
2026.05.31 17:06:26 INFO  Progress (3): 5.2/6.3 MB | 0.8/12 MB | 3.3 kB
2026.05.31 17:06:26 INFO  Progress (3): 5.2/6.3 MB | 0.8/12 MB | 3.3 kB
2026.05.31 17:06:26 INFO  Progress (3): 5.3/6.3 MB | 0.8/12 MB | 3.3 kB
2026.05.31 17:06:26 INFO  Progress (3): 5.3/6.3 MB | 0.8/12 MB | 3.3 kB
2026.05.31 17:06:26 INFO  Progress (3): 5.3/6.3 MB | 0.8/12 MB | 3.3 kB
2026.05.31 17:06:26 INFO  Progress (3): 5.3/6.3 MB | 0.8/12 MB | 3.3 kB
2026.05.31 17:06:26 INFO  Progress (3): 5.3/6.3 MB | 0.8/12 MB | 3.3 kB
2026.05.31 17:06:26 INFO  Progress (3): 5.3/6.3 MB | 0.8/12 MB | 3.3 kB
2026.05.31 17:06:26 INFO  Progress (3): 5.4/6.3 MB | 0.8/12 MB | 3.3 kB
2026.05.31 17:06:26 INFO  Progress (3): 5.4/6.3 MB | 0.8/12 MB | 3.3 kB
2026.05.31 17:06:26 INFO  Progress (3): 5.4/6.3 MB | 0.8/12 MB | 3.3 kB
2026.05.31 17:06:26 INFO  Progress (3): 5.4/6.3 MB | 0.8/12 MB | 3.3 kB
2026.05.31 17:06:26 INFO                                               
2026.05.31 17:06:26 INFO  Downloaded from central: https://repo.maven.apache.org/maven2/org/scala-sbt/util-interface/1.8.0/util-interface-1.8.0.jar (3.3 kB at 6.2 kB/s)
2026.05.31 17:06:26 INFO  Downloading from central: https://repo.maven.apache.org/maven2/org/scala-sbt/io_2.13/1.8.0/io_2.13-1.8.0.jar
2026.05.31 17:06:26 INFO  Progress (2): 5.4/6.3 MB | 0.8/12 MB
2026.05.31 17:06:26 INFO  Progress (2): 5.4/6.3 MB | 0.8/12 MB
2026.05.31 17:06:26 INFO  Progress (2): 5.5/6.3 MB | 0.8/12 MB
2026.05.31 17:06:26 INFO  Progress (2): 5.5/6.3 MB | 0.8/12 MB
2026.05.31 17:06:26 INFO  Progress (2): 5.5/6.3 MB | 0.8/12 MB
2026.05.31 17:06:26 INFO  Progress (2): 5.5/6.3 MB | 0.8/12 MB
2026.05.31 17:06:26 INFO  Progress (2): 5.5/6.3 MB | 0.8/12 MB
2026.05.31 17:06:26 INFO  Progress (2): 5.5/6.3 MB | 0.8/12 MB
2026.05.31 17:06:26 INFO  Progress (2): 5.5/6.3 MB | 0.8/12 MB
2026.05.31 17:06:26 INFO  Progress (2): 5.5/6.3 MB | 0.8/12 MB
2026.05.31 17:06:26 INFO  Progress (2): 5.5/6.3 MB | 0.8/12 MB
2026.05.31 17:06:26 INFO  Progress (2): 5.5/6.3 MB | 0.8/12 MB
2026.05.31 17:06:26 INFO  Progress (2): 5.5/6.3 MB | 0.8/12 MB
2026.05.31 17:06:26 INFO  Progress (2): 5.5/6.3 MB | 0.8/12 MB
2026.05.31 17:06:26 INFO  Progress (2): 5.5/6.3 MB | 0.9/12 MB
2026.05.31 17:06:26 INFO  Progress (2): 5.5/6.3 MB | 0.9/12 MB
2026.05.31 17:06:26 INFO  Progress (2): 5.5/6.3 MB | 0.9/12 MB
2026.05.31 17:06:26 INFO  Progress (2): 5.5/6.3 MB | 0.9/12 MB
2026.05.31 17:06:26 INFO  Progress (3): 5.5/6.3 MB | 0.9/12 MB | 0/2.6 MB
2026.05.31 17:06:26 INFO  Progress (3): 5.5/6.3 MB | 0.9/12 MB | 0/2.6 MB
2026.05.31 17:06:26 INFO  Progress (3): 5.6/6.3 MB | 0.9/12 MB | 0/2.6 MB
2026.05.31 17:06:26 INFO  Progress (3): 5.6/6.3 MB | 0.9/12 MB | 0/2.6 MB
2026.05.31 17:06:26 INFO  Progress (3): 5.6/6.3 MB | 0.9/12 MB | 0/2.6 MB
2026.05.31 17:06:26 INFO  Progress (3): 5.6/6.3 MB | 0.9/12 MB | 0/2.6 MB
2026.05.31 17:06:26 INFO  Progress (3): 5.6/6.3 MB | 0.9/12 MB | 0/2.6 MB
2026.05.31 17:06:26 INFO  Progress (3): 5.6/6.3 MB | 0.9/12 MB | 0.1/2.6 MB
2026.05.31 17:06:26 INFO  Progress (3): 5.6/6.3 MB | 0.9/12 MB | 0.1/2.6 MB
2026.05.31 17:06:26 INFO  Progress (3): 5.6/6.3 MB | 0.9/12 MB | 0.1/2.6 MB
2026.05.31 17:06:26 INFO  Progress (3): 5.6/6.3 MB | 0.9/12 MB | 0.1/2.6 MB
2026.05.31 17:06:26 INFO  Progress (3): 5.6/6.3 MB | 0.9/12 MB | 0.1/2.6 MB
2026.05.31 17:06:26 INFO  Progress (3): 5.6/6.3 MB | 0.9/12 MB | 0.1/2.6 MB
2026.05.31 17:06:26 INFO  Progress (3): 5.6/6.3 MB | 0.9/12 MB | 0.1/2.6 MB
2026.05.31 17:06:26 INFO  Progress (3): 5.7/6.3 MB | 0.9/12 MB | 0.1/2.6 MB
2026.05.31 17:06:26 INFO  Progress (3): 5.7/6.3 MB | 0.9/12 MB | 0.1/2.6 MB
2026.05.31 17:06:26 INFO  Progress (3): 5.7/6.3 MB | 0.9/12 MB | 0.1/2.6 MB
2026.05.31 17:06:26 INFO  Progress (3): 5.7/6.3 MB | 0.9/12 MB | 0.1/2.6 MB
2026.05.31 17:06:26 INFO  Progress (3): 5.7/6.3 MB | 0.9/12 MB | 0.1/2.6 MB
2026.05.31 17:06:26 INFO  Progress (3): 5.7/6.3 MB | 0.9/12 MB | 0.1/2.6 MB
2026.05.31 17:06:26 INFO  Progress (3): 5.7/6.3 MB | 0.9/12 MB | 0.1/2.6 MB
2026.05.31 17:06:26 INFO  Progress (3): 5.7/6.3 MB | 0.9/12 MB | 0.1/2.6 MB
2026.05.31 17:06:26 INFO  Progress (3): 5.7/6.3 MB | 0.9/12 MB | 0.1/2.6 MB
2026.05.31 17:06:26 INFO  Progress (3): 5.7/6.3 MB | 0.9/12 MB | 0.1/2.6 MB
2026.05.31 17:06:26 INFO  Progress (3): 5.8/6.3 MB | 0.9/12 MB | 0.1/2.6 MB
2026.05.31 17:06:26 INFO  Progress (3): 5.8/6.3 MB | 1.0/12 MB | 0.1/2.6 MB
2026.05.31 17:06:26 INFO  Progress (3): 5.8/6.3 MB | 1.0/12 MB | 0.1/2.6 MB
2026.05.31 17:06:26 INFO  Progress (3): 5.8/6.3 MB | 1.0/12 MB | 0.2/2.6 MB
2026.05.31 17:06:26 INFO  Progress (3): 5.8/6.3 MB | 1.0/12 MB | 0.2/2.6 MB
2026.05.31 17:06:26 INFO  Progress (3): 5.8/6.3 MB | 1.0/12 MB | 0.2/2.6 MB
2026.05.31 17:06:26 INFO  Progress (3): 5.8/6.3 MB | 1.0/12 MB | 0.2/2.6 MB
2026.05.31 17:06:26 INFO  Progress (3): 5.8/6.3 MB | 1.0/12 MB | 0.2/2.6 MB
2026.05.31 17:06:26 INFO  Progress (3): 5.8/6.3 MB | 1.0/12 MB | 0.2/2.6 MB
2026.05.31 17:06:26 INFO  Progress (3): 5.8/6.3 MB | 1.0/12 MB | 0.2/2.6 MB
2026.05.31 17:06:26 INFO  Progress (3): 5.8/6.3 MB | 1.0/12 MB | 0.2/2.6 MB
2026.05.31 17:06:26 INFO  Progress (3): 5.8/6.3 MB | 1.0/12 MB | 0.2/2.6 MB
2026.05.31 17:06:26 INFO  Progress (3): 5.8/6.3 MB | 1.0/12 MB | 0.2/2.6 MB
2026.05.31 17:06:26 INFO  Progress (3): 5.8/6.3 MB | 1.0/12 MB | 0.2/2.6 MB
2026.05.31 17:06:26 INFO  Progress (3): 5.8/6.3 MB | 1.0/12 MB | 0.2/2.6 MB
2026.05.31 17:06:26 INFO  Progress (3): 5.8/6.3 MB | 1.0/12 MB | 0.2/2.6 MB
2026.05.31 17:06:26 INFO  Progress (3): 5.8/6.3 MB | 1.0/12 MB | 0.2/2.6 MB
2026.05.31 17:06:26 INFO  Progress (3): 5.8/6.3 MB | 1.0/12 MB | 0.2/2.6 MB
2026.05.31 17:06:26 INFO  Progress (3): 5.9/6.3 MB | 1.0/12 MB | 0.2/2.6 MB
2026.05.31 17:06:26 INFO  Progress (3): 5.9/6.3 MB | 1.0/12 MB | 0.2/2.6 MB
2026.05.31 17:06:26 INFO  Progress (3): 5.9/6.3 MB | 1.0/12 MB | 0.2/2.6 MB
2026.05.31 17:06:26 INFO  Progress (3): 5.9/6.3 MB | 1.1/12 MB | 0.2/2.6 MB
2026.05.31 17:06:26 INFO  Progress (3): 5.9/6.3 MB | 1.1/12 MB | 0.2/2.6 MB
2026.05.31 17:06:26 INFO  Progress (3): 5.9/6.3 MB | 1.1/12 MB | 0.2/2.6 MB
2026.05.31 17:06:26 INFO  Progress (3): 5.9/6.3 MB | 1.1/12 MB | 0.2/2.6 MB
2026.05.31 17:06:26 INFO  Progress (3): 5.9/6.3 MB | 1.1/12 MB | 0.2/2.6 MB
2026.05.31 17:06:26 INFO  Progress (3): 5.9/6.3 MB | 1.1/12 MB | 0.2/2.6 MB
2026.05.31 17:06:26 INFO  Progress (3): 5.9/6.3 MB | 1.1/12 MB | 0.2/2.6 MB
2026.05.31 17:06:26 INFO  Progress (3): 6.0/6.3 MB | 1.1/12 MB | 0.2/2.6 MB
2026.05.31 17:06:26 INFO  Progress (3): 6.0/6.3 MB | 1.1/12 MB | 0.2/2.6 MB
2026.05.31 17:06:26 INFO  Progress (3): 6.0/6.3 MB | 1.1/12 MB | 0.2/2.6 MB
2026.05.31 17:06:26 INFO  Progress (3): 6.0/6.3 MB | 1.1/12 MB | 0.2/2.6 MB
2026.05.31 17:06:26 INFO  Progress (3): 6.0/6.3 MB | 1.2/12 MB | 0.2/2.6 MB
2026.05.31 17:06:26 INFO  Progress (3): 6.0/6.3 MB | 1.2/12 MB | 0.2/2.6 MB
2026.05.31 17:06:26 INFO  Progress (3): 6.0/6.3 MB | 1.2/12 MB | 0.2/2.6 MB
2026.05.31 17:06:26 INFO  Progress (3): 6.0/6.3 MB | 1.2/12 MB | 0.2/2.6 MB
2026.05.31 17:06:26 INFO  Progress (3): 6.0/6.3 MB | 1.2/12 MB | 0.2/2.6 MB
2026.05.31 17:06:26 INFO  Progress (3): 6.0/6.3 MB | 1.2/12 MB | 0.2/2.6 MB
2026.05.31 17:06:26 INFO  Progress (3): 6.0/6.3 MB | 1.2/12 MB | 0.2/2.6 MB
2026.05.31 17:06:26 INFO  Progress (3): 6.1/6.3 MB | 1.2/12 MB | 0.2/2.6 MB
2026.05.31 17:06:26 INFO  Progress (3): 6.1/6.3 MB | 1.2/12 MB | 0.2/2.6 MB
2026.05.31 17:06:26 INFO  Progress (3): 6.1/6.3 MB | 1.2/12 MB | 0.2/2.6 MB
2026.05.31 17:06:26 INFO  Progress (3): 6.1/6.3 MB | 1.2/12 MB | 0.2/2.6 MB
2026.05.31 17:06:26 INFO  Progress (3): 6.1/6.3 MB | 1.2/12 MB | 0.2/2.6 MB
2026.05.31 17:06:26 INFO  Progress (3): 6.1/6.3 MB | 1.2/12 MB | 0.2/2.6 MB
2026.05.31 17:06:26 INFO  Progress (3): 6.2/6.3 MB | 1.2/12 MB | 0.2/2.6 MB
2026.05.31 17:06:26 INFO  Progress (3): 6.2/6.3 MB | 1.2/12 MB | 0.2/2.6 MB
2026.05.31 17:06:26 INFO  Progress (3): 6.2/6.3 MB | 1.2/12 MB | 0.2/2.6 MB
2026.05.31 17:06:26 INFO  Progress (3): 6.2/6.3 MB | 1.2/12 MB | 0.2/2.6 MB
2026.05.31 17:06:26 INFO  Progress (3): 6.2/6.3 MB | 1.2/12 MB | 0.2/2.6 MB
2026.05.31 17:06:26 INFO  Progress (3): 6.2/6.3 MB | 1.2/12 MB | 0.2/2.6 MB
2026.05.31 17:06:26 INFO  Progress (3): 6.3/6.3 MB | 1.2/12 MB | 0.2/2.6 MB
2026.05.31 17:06:26 INFO  Progress (3): 6.3/6.3 MB | 1.2/12 MB | 0.2/2.6 MB
2026.05.31 17:06:26 INFO  Progress (3): 6.3/6.3 MB | 1.2/12 MB | 0.2/2.6 MB
2026.05.31 17:06:26 INFO  Progress (3): 6.3/6.3 MB | 1.2/12 MB | 0.2/2.6 MB
2026.05.31 17:06:26 INFO  Progress (3): 6.3/6.3 MB | 1.2/12 MB | 0.2/2.6 MB
2026.05.31 17:06:26 INFO  Progress (3): 6.3/6.3 MB | 1.2/12 MB | 0.2/2.6 MB
2026.05.31 17:06:26 INFO  Progress (3): 6.3/6.3 MB | 1.2/12 MB | 0.2/2.6 MB
2026.05.31 17:06:26 INFO  Progress (3): 6.3/6.3 MB | 1.3/12 MB | 0.2/2.6 MB
2026.05.31 17:06:26 INFO  Progress (3): 6.3/6.3 MB | 1.3/12 MB | 0.2/2.6 MB
2026.05.31 17:06:26 INFO  Progress (3): 6.3/6.3 MB | 1.3/12 MB | 0.2/2.6 MB
2026.05.31 17:06:26 INFO  Progress (3): 6.3/6.3 MB | 1.3/12 MB | 0.2/2.6 MB
2026.05.31 17:06:26 INFO  Progress (3): 6.3/6.3 MB | 1.3/12 MB | 0.2/2.6 MB
2026.05.31 17:06:26 INFO  Progress (3): 6.3/6.3 MB | 1.3/12 MB | 0.2/2.6 MB
2026.05.31 17:06:26 INFO  Progress (3): 6.3/6.3 MB | 1.4/12 MB | 0.2/2.6 MB
2026.05.31 17:06:26 INFO  Progress (3): 6.3/6.3 MB | 1.4/12 MB | 0.2/2.6 MB
2026.05.31 17:06:26 INFO  Progress (3): 6.3/6.3 MB | 1.4/12 MB | 0.2/2.6 MB
2026.05.31 17:06:26 INFO  Progress (3): 6.3/6.3 MB | 1.4/12 MB | 0.2/2.6 MB
2026.05.31 17:06:26 INFO  Progress (3): 6.3/6.3 MB | 1.4/12 MB | 0.2/2.6 MB
2026.05.31 17:06:26 INFO  Progress (3): 6.3/6.3 MB | 1.4/12 MB | 0.2/2.6 MB
2026.05.31 17:06:26 INFO  Progress (3): 6.3/6.3 MB | 1.4/12 MB | 0.2/2.6 MB
2026.05.31 17:06:26 INFO  Progress (3): 6.3/6.3 MB | 1.5/12 MB | 0.2/2.6 MB
2026.05.31 17:06:26 INFO  Progress (3): 6.3/6.3 MB | 1.5/12 MB | 0.2/2.6 MB
2026.05.31 17:06:26 INFO  Progress (3): 6.3/6.3 MB | 1.5/12 MB | 0.2/2.6 MB
2026.05.31 17:06:26 INFO  Progress (3): 6.3/6.3 MB | 1.5/12 MB | 0.2/2.6 MB
2026.05.31 17:06:26 INFO  Progress (3): 6.3 MB | 1.5/12 MB | 0.2/2.6 MB    
2026.05.31 17:06:26 INFO  Progress (3): 6.3 MB | 1.5/12 MB | 0.2/2.6 MB
2026.05.31 17:06:26 INFO  Progress (3): 6.3 MB | 1.5/12 MB | 0.2/2.6 MB
2026.05.31 17:06:26 INFO  Progress (3): 6.3 MB | 1.6/12 MB | 0.2/2.6 MB
2026.05.31 17:06:26 INFO  Progress (3): 6.3 MB | 1.6/12 MB | 0.2/2.6 MB
2026.05.31 17:06:26 INFO  Progress (3): 6.3 MB | 1.6/12 MB | 0.2/2.6 MB
2026.05.31 17:06:26 INFO  Progress (3): 6.3 MB | 1.6/12 MB | 0.2/2.6 MB
2026.05.31 17:06:26 INFO  Progress (3): 6.3 MB | 1.6/12 MB | 0.3/2.6 MB
2026.05.31 17:06:26 INFO  Progress (3): 6.3 MB | 1.6/12 MB | 0.3/2.6 MB
2026.05.31 17:06:26 INFO  Progress (3): 6.3 MB | 1.6/12 MB | 0.3/2.6 MB
2026.05.31 17:06:26 INFO  Progress (3): 6.3 MB | 1.7/12 MB | 0.3/2.6 MB
2026.05.31 17:06:26 INFO  Progress (4): 6.3 MB | 1.7/12 MB | 0.3/2.6 MB | 0/1.1 MB
2026.05.31 17:06:26 INFO  Progress (4): 6.3 MB | 1.7/12 MB | 0.3/2.6 MB | 0/1.1 MB
2026.05.31 17:06:26 INFO  Progress (4): 6.3 MB | 1.7/12 MB | 0.3/2.6 MB | 0/1.1 MB
2026.05.31 17:06:26 INFO  Progress (4): 6.3 MB | 1.7/12 MB | 0.3/2.6 MB | 0/1.1 MB
2026.05.31 17:06:26 INFO  Progress (4): 6.3 MB | 1.7/12 MB | 0.3/2.6 MB | 0/1.1 MB
2026.05.31 17:06:26 INFO  Progress (4): 6.3 MB | 1.7/12 MB | 0.3/2.6 MB | 0.1/1.1 MB
2026.05.31 17:06:26 INFO  Progress (4): 6.3 MB | 1.7/12 MB | 0.3/2.6 MB | 0.1/1.1 MB
2026.05.31 17:06:26 INFO  Progress (4): 6.3 MB | 1.7/12 MB | 0.3/2.6 MB | 0.1/1.1 MB
2026.05.31 17:06:26 INFO  Progress (4): 6.3 MB | 1.7/12 MB | 0.3/2.6 MB | 0.1/1.1 MB
2026.05.31 17:06:26 INFO  Progress (4): 6.3 MB | 1.7/12 MB | 0.3/2.6 MB | 0.1/1.1 MB
2026.05.31 17:06:26 INFO  Progress (4): 6.3 MB | 1.7/12 MB | 0.3/2.6 MB | 0.1/1.1 MB
2026.05.31 17:06:26 INFO  Progress (4): 6.3 MB | 1.7/12 MB | 0.3/2.6 MB | 0.1/1.1 MB
2026.05.31 17:06:26 INFO  Progress (4): 6.3 MB | 1.7/12 MB | 0.3/2.6 MB | 0.1/1.1 MB
2026.05.31 17:06:26 INFO  Progress (4): 6.3 MB | 1.7/12 MB | 0.3/2.6 MB | 0.1/1.1 MB
2026.05.31 17:06:26 INFO  Progress (4): 6.3 MB | 1.7/12 MB | 0.3/2.6 MB | 0.2/1.1 MB
2026.05.31 17:06:26 INFO  Progress (4): 6.3 MB | 1.7/12 MB | 0.3/2.6 MB | 0.2/1.1 MB
2026.05.31 17:06:26 INFO  Progress (4): 6.3 MB | 1.7/12 MB | 0.3/2.6 MB | 0.2/1.1 MB
2026.05.31 17:06:26 INFO  Progress (4): 6.3 MB | 1.7/12 MB | 0.3/2.6 MB | 0.2/1.1 MB
2026.05.31 17:06:26 INFO  Progress (4): 6.3 MB | 1.7/12 MB | 0.4/2.6 MB | 0.2/1.1 MB
2026.05.31 17:06:26 INFO  Progress (4): 6.3 MB | 1.7/12 MB | 0.4/2.6 MB | 0.2/1.1 MB
2026.05.31 17:06:26 INFO  Progress (4): 6.3 MB | 1.7/12 MB | 0.4/2.6 MB | 0.2/1.1 MB
2026.05.31 17:06:26 INFO  Progress (4): 6.3 MB | 1.7/12 MB | 0.4/2.6 MB | 0.2/1.1 MB
2026.05.31 17:06:26 INFO  Progress (4): 6.3 MB | 1.7/12 MB | 0.4/2.6 MB | 0.2/1.1 MB
2026.05.31 17:06:26 INFO  Progress (4): 6.3 MB | 1.7/12 MB | 0.4/2.6 MB | 0.2/1.1 MB
2026.05.31 17:06:26 INFO  Progress (4): 6.3 MB | 1.7/12 MB | 0.4/2.6 MB | 0.2/1.1 MB
2026.05.31 17:06:26 INFO  Progress (4): 6.3 MB | 1.7/12 MB | 0.4/2.6 MB | 0.2/1.1 MB
2026.05.31 17:06:26 INFO                                                            
2026.05.31 17:06:26 INFO  Downloaded from central: https://repo.maven.apache.org/maven2/com/github/luben/zstd-jni/1.5.2-5/zstd-jni-1.5.2-5.jar (6.3 MB at 10 MB/s)
2026.05.31 17:06:26 INFO  Downloading from central: https://repo.maven.apache.org/maven2/com/swoval/file-tree-views/2.1.9/file-tree-views-2.1.9.jar
2026.05.31 17:06:26 INFO  Progress (3): 1.7/12 MB | 0.4/2.6 MB | 0.2/1.1 MB
2026.05.31 17:06:26 INFO  Progress (4): 1.7/12 MB | 0.4/2.6 MB | 0.2/1.1 MB | 7.7/636 kB
2026.05.31 17:06:26 INFO  Progress (4): 1.7/12 MB | 0.4/2.6 MB | 0.2/1.1 MB | 7.7/636 kB
2026.05.31 17:06:26 INFO  Progress (4): 1.7/12 MB | 0.4/2.6 MB | 0.2/1.1 MB | 12/636 kB 
2026.05.31 17:06:26 INFO  Progress (4): 1.7/12 MB | 0.4/2.6 MB | 0.2/1.1 MB | 12/636 kB
2026.05.31 17:06:26 INFO  Progress (4): 1.7/12 MB | 0.4/2.6 MB | 0.2/1.1 MB | 12/636 kB
2026.05.31 17:06:26 INFO  Progress (4): 1.7/12 MB | 0.4/2.6 MB | 0.2/1.1 MB | 12/636 kB
2026.05.31 17:06:26 INFO  Progress (4): 1.7/12 MB | 0.4/2.6 MB | 0.3/1.1 MB | 12/636 kB
2026.05.31 17:06:26 INFO  Progress (4): 1.7/12 MB | 0.4/2.6 MB | 0.3/1.1 MB | 29/636 kB
2026.05.31 17:06:26 INFO  Progress (4): 1.7/12 MB | 0.4/2.6 MB | 0.3/1.1 MB | 29/636 kB
2026.05.31 17:06:26 INFO  Progress (4): 1.7/12 MB | 0.4/2.6 MB | 0.3/1.1 MB | 29/636 kB
2026.05.31 17:06:26 INFO  Progress (4): 1.7/12 MB | 0.4/2.6 MB | 0.3/1.1 MB | 29/636 kB
2026.05.31 17:06:26 INFO  Progress (4): 1.7/12 MB | 0.4/2.6 MB | 0.3/1.1 MB | 29/636 kB
2026.05.31 17:06:26 INFO  Progress (4): 1.7/12 MB | 0.4/2.6 MB | 0.3/1.1 MB | 29/636 kB
2026.05.31 17:06:26 INFO  Progress (4): 1.7/12 MB | 0.4/2.6 MB | 0.3/1.1 MB | 45/636 kB
2026.05.31 17:06:26 INFO  Progress (4): 1.8/12 MB | 0.4/2.6 MB | 0.3/1.1 MB | 45/636 kB
2026.05.31 17:06:26 INFO  Progress (4): 1.8/12 MB | 0.4/2.6 MB | 0.3/1.1 MB | 45/636 kB
2026.05.31 17:06:26 INFO  Progress (4): 1.8/12 MB | 0.5/2.6 MB | 0.3/1.1 MB | 45/636 kB
2026.05.31 17:06:26 INFO  Progress (4): 1.8/12 MB | 0.5/2.6 MB | 0.3/1.1 MB | 61/636 kB
2026.05.31 17:06:26 INFO  Progress (4): 1.8/12 MB | 0.5/2.6 MB | 0.3/1.1 MB | 78/636 kB
2026.05.31 17:06:26 INFO  Progress (4): 1.8/12 MB | 0.5/2.6 MB | 0.3/1.1 MB | 78/636 kB
2026.05.31 17:06:26 INFO  Progress (4): 1.8/12 MB | 0.5/2.6 MB | 0.3/1.1 MB | 94/636 kB
2026.05.31 17:06:26 INFO  Progress (4): 1.8/12 MB | 0.5/2.6 MB | 0.3/1.1 MB | 111/636 kB
2026.05.31 17:06:26 INFO  Progress (4): 1.8/12 MB | 0.5/2.6 MB | 0.3/1.1 MB | 111/636 kB
2026.05.31 17:06:26 INFO  Progress (4): 1.8/12 MB | 0.5/2.6 MB | 0.3/1.1 MB | 127/636 kB
2026.05.31 17:06:26 INFO  Progress (4): 1.8/12 MB | 0.5/2.6 MB | 0.3/1.1 MB | 127/636 kB
2026.05.31 17:06:26 INFO  Progress (4): 1.8/12 MB | 0.5/2.6 MB | 0.3/1.1 MB | 143/636 kB
2026.05.31 17:06:26 INFO  Progress (4): 1.8/12 MB | 0.5/2.6 MB | 0.3/1.1 MB | 143/636 kB
2026.05.31 17:06:26 INFO  Progress (4): 1.8/12 MB | 0.5/2.6 MB | 0.3/1.1 MB | 160/636 kB
2026.05.31 17:06:26 INFO  Progress (4): 1.8/12 MB | 0.5/2.6 MB | 0.3/1.1 MB | 160/636 kB
2026.05.31 17:06:26 INFO  Progress (4): 1.8/12 MB | 0.5/2.6 MB | 0.3/1.1 MB | 160/636 kB
2026.05.31 17:06:26 INFO  Progress (4): 1.8/12 MB | 0.5/2.6 MB | 0.3/1.1 MB | 176/636 kB
2026.05.31 17:06:26 INFO  Progress (4): 1.8/12 MB | 0.5/2.6 MB | 0.3/1.1 MB | 193/636 kB
2026.05.31 17:06:26 INFO  Progress (4): 1.8/12 MB | 0.5/2.6 MB | 0.3/1.1 MB | 193/636 kB
2026.05.31 17:06:26 INFO  Progress (4): 1.8/12 MB | 0.5/2.6 MB | 0.3/1.1 MB | 209/636 kB
2026.05.31 17:06:26 INFO  Progress (4): 1.8/12 MB | 0.5/2.6 MB | 0.3/1.1 MB | 225/636 kB
2026.05.31 17:06:26 INFO  Progress (4): 1.8/12 MB | 0.5/2.6 MB | 0.3/1.1 MB | 225/636 kB
2026.05.31 17:06:26 INFO  Progress (4): 1.8/12 MB | 0.5/2.6 MB | 0.3/1.1 MB | 242/636 kB
2026.05.31 17:06:26 INFO  Progress (4): 1.9/12 MB | 0.5/2.6 MB | 0.3/1.1 MB | 242/636 kB
2026.05.31 17:06:26 INFO  Progress (4): 1.9/12 MB | 0.5/2.6 MB | 0.3/1.1 MB | 258/636 kB
2026.05.31 17:06:26 INFO  Progress (4): 1.9/12 MB | 0.5/2.6 MB | 0.3/1.1 MB | 258/636 kB
2026.05.31 17:06:26 INFO  Progress (4): 1.9/12 MB | 0.5/2.6 MB | 0.3/1.1 MB | 258/636 kB
2026.05.31 17:06:26 INFO  Progress (4): 1.9/12 MB | 0.5/2.6 MB | 0.3/1.1 MB | 258/636 kB
2026.05.31 17:06:26 INFO  Progress (4): 1.9/12 MB | 0.5/2.6 MB | 0.3/1.1 MB | 258/636 kB
2026.05.31 17:06:26 INFO  Progress (4): 1.9/12 MB | 0.5/2.6 MB | 0.3/1.1 MB | 258/636 kB
2026.05.31 17:06:26 INFO  Progress (4): 2.0/12 MB | 0.5/2.6 MB | 0.3/1.1 MB | 258/636 kB
2026.05.31 17:06:26 INFO  Progress (4): 2.0/12 MB | 0.5/2.6 MB | 0.3/1.1 MB | 258/636 kB
2026.05.31 17:06:26 INFO  Progress (4): 2.0/12 MB | 0.5/2.6 MB | 0.3/1.1 MB | 258/636 kB
2026.05.31 17:06:26 INFO  Progress (4): 2.0/12 MB | 0.5/2.6 MB | 0.3/1.1 MB | 258/636 kB
2026.05.31 17:06:26 INFO  Progress (4): 2.0/12 MB | 0.5/2.6 MB | 0.3/1.1 MB | 258/636 kB
2026.05.31 17:06:26 INFO  Progress (4): 2.0/12 MB | 0.5/2.6 MB | 0.3/1.1 MB | 258/636 kB
2026.05.31 17:06:26 INFO  Progress (4): 2.0/12 MB | 0.5/2.6 MB | 0.3/1.1 MB | 258/636 kB
2026.05.31 17:06:26 INFO  Progress (4): 2.0/12 MB | 0.5/2.6 MB | 0.3/1.1 MB | 258/636 kB
2026.05.31 17:06:26 INFO  Progress (4): 2.0/12 MB | 0.5/2.6 MB | 0.4/1.1 MB | 258/636 kB
2026.05.31 17:06:26 INFO  Progress (4): 2.0/12 MB | 0.5/2.6 MB | 0.4/1.1 MB | 258/636 kB
2026.05.31 17:06:26 INFO  Progress (4): 2.1/12 MB | 0.5/2.6 MB | 0.4/1.1 MB | 258/636 kB
2026.05.31 17:06:26 INFO  Progress (4): 2.1/12 MB | 0.5/2.6 MB | 0.4/1.1 MB | 258/636 kB
2026.05.31 17:06:26 INFO  Progress (4): 2.1/12 MB | 0.5/2.6 MB | 0.4/1.1 MB | 258/636 kB
2026.05.31 17:06:26 INFO  Progress (4): 2.1/12 MB | 0.5/2.6 MB | 0.4/1.1 MB | 258/636 kB
2026.05.31 17:06:26 INFO  Progress (4): 2.1/12 MB | 0.5/2.6 MB | 0.4/1.1 MB | 258/636 kB
2026.05.31 17:06:26 INFO  Progress (4): 2.1/12 MB | 0.5/2.6 MB | 0.4/1.1 MB | 258/636 kB
2026.05.31 17:06:26 INFO  Progress (4): 2.1/12 MB | 0.5/2.6 MB | 0.4/1.1 MB | 258/636 kB
2026.05.31 17:06:26 INFO  Progress (4): 2.1/12 MB | 0.5/2.6 MB | 0.4/1.1 MB | 258/636 kB
2026.05.31 17:06:26 INFO  Progress (4): 2.1/12 MB | 0.5/2.6 MB | 0.4/1.1 MB | 258/636 kB
2026.05.31 17:06:26 INFO  Progress (4): 2.1/12 MB | 0.6/2.6 MB | 0.4/1.1 MB | 258/636 kB
2026.05.31 17:06:26 INFO  Progress (4): 2.2/12 MB | 0.6/2.6 MB | 0.4/1.1 MB | 258/636 kB
2026.05.31 17:06:26 INFO  Progress (4): 2.2/12 MB | 0.6/2.6 MB | 0.4/1.1 MB | 258/636 kB
2026.05.31 17:06:26 INFO  Progress (4): 2.2/12 MB | 0.6/2.6 MB | 0.4/1.1 MB | 258/636 kB
2026.05.31 17:06:26 INFO  Progress (4): 2.2/12 MB | 0.6/2.6 MB | 0.4/1.1 MB | 258/636 kB
2026.05.31 17:06:26 INFO  Progress (4): 2.2/12 MB | 0.6/2.6 MB | 0.4/1.1 MB | 258/636 kB
2026.05.31 17:06:26 INFO  Progress (4): 2.2/12 MB | 0.6/2.6 MB | 0.4/1.1 MB | 258/636 kB
2026.05.31 17:06:26 INFO  Progress (4): 2.2/12 MB | 0.6/2.6 MB | 0.4/1.1 MB | 258/636 kB
2026.05.31 17:06:26 INFO  Progress (4): 2.2/12 MB | 0.6/2.6 MB | 0.4/1.1 MB | 258/636 kB
2026.05.31 17:06:26 INFO  Progress (4): 2.2/12 MB | 0.6/2.6 MB | 0.4/1.1 MB | 258/636 kB
2026.05.31 17:06:26 INFO  Progress (4): 2.2/12 MB | 0.6/2.6 MB | 0.4/1.1 MB | 258/636 kB
2026.05.31 17:06:26 INFO  Progress (4): 2.2/12 MB | 0.6/2.6 MB | 0.4/1.1 MB | 258/636 kB
2026.05.31 17:06:26 INFO  Progress (4): 2.3/12 MB | 0.6/2.6 MB | 0.4/1.1 MB | 258/636 kB
2026.05.31 17:06:26 INFO  Progress (4): 2.3/12 MB | 0.6/2.6 MB | 0.4/1.1 MB | 258/636 kB
2026.05.31 17:06:26 INFO  Progress (4): 2.3/12 MB | 0.6/2.6 MB | 0.4/1.1 MB | 258/636 kB
2026.05.31 17:06:26 INFO  Progress (4): 2.3/12 MB | 0.7/2.6 MB | 0.4/1.1 MB | 258/636 kB
2026.05.31 17:06:26 INFO  Progress (4): 2.3/12 MB | 0.7/2.6 MB | 0.4/1.1 MB | 258/636 kB
2026.05.31 17:06:26 INFO  Progress (4): 2.3/12 MB | 0.7/2.6 MB | 0.4/1.1 MB | 258/636 kB
2026.05.31 17:06:26 INFO  Progress (4): 2.3/12 MB | 0.7/2.6 MB | 0.4/1.1 MB | 274/636 kB
2026.05.31 17:06:26 INFO  Progress (4): 2.3/12 MB | 0.7/2.6 MB | 0.4/1.1 MB | 274/636 kB
2026.05.31 17:06:26 INFO  Progress (4): 2.3/12 MB | 0.7/2.6 MB | 0.4/1.1 MB | 274/636 kB
2026.05.31 17:06:26 INFO  Progress (4): 2.3/12 MB | 0.7/2.6 MB | 0.4/1.1 MB | 291/636 kB
2026.05.31 17:06:26 INFO  Progress (4): 2.3/12 MB | 0.7/2.6 MB | 0.4/1.1 MB | 291/636 kB
2026.05.31 17:06:26 INFO  Progress (4): 2.3/12 MB | 0.7/2.6 MB | 0.5/1.1 MB | 291/636 kB
2026.05.31 17:06:26 INFO  Progress (4): 2.3/12 MB | 0.7/2.6 MB | 0.5/1.1 MB | 291/636 kB
2026.05.31 17:06:26 INFO  Progress (4): 2.3/12 MB | 0.7/2.6 MB | 0.5/1.1 MB | 291/636 kB
2026.05.31 17:06:26 INFO  Progress (4): 2.3/12 MB | 0.7/2.6 MB | 0.5/1.1 MB | 291/636 kB
2026.05.31 17:06:26 INFO  Progress (4): 2.3/12 MB | 0.7/2.6 MB | 0.5/1.1 MB | 291/636 kB
2026.05.31 17:06:26 INFO  Progress (4): 2.3/12 MB | 0.7/2.6 MB | 0.5/1.1 MB | 291/636 kB
2026.05.31 17:06:26 INFO  Progress (4): 2.3/12 MB | 0.7/2.6 MB | 0.5/1.1 MB | 291/636 kB
2026.05.31 17:06:26 INFO  Progress (4): 2.4/12 MB | 0.7/2.6 MB | 0.5/1.1 MB | 291/636 kB
2026.05.31 17:06:26 INFO  Progress (4): 2.4/12 MB | 0.7/2.6 MB | 0.5/1.1 MB | 291/636 kB
2026.05.31 17:06:26 INFO  Progress (4): 2.4/12 MB | 0.7/2.6 MB | 0.5/1.1 MB | 291/636 kB
2026.05.31 17:06:26 INFO  Progress (4): 2.4/12 MB | 0.7/2.6 MB | 0.6/1.1 MB | 291/636 kB
2026.05.31 17:06:26 INFO  Progress (4): 2.4/12 MB | 0.7/2.6 MB | 0.6/1.1 MB | 291/636 kB
2026.05.31 17:06:26 INFO  Progress (4): 2.4/12 MB | 0.7/2.6 MB | 0.6/1.1 MB | 291/636 kB
2026.05.31 17:06:26 INFO  Progress (4): 2.4/12 MB | 0.7/2.6 MB | 0.6/1.1 MB | 291/636 kB
2026.05.31 17:06:26 INFO  Progress (4): 2.4/12 MB | 0.7/2.6 MB | 0.6/1.1 MB | 291/636 kB
2026.05.31 17:06:26 INFO  Progress (4): 2.4/12 MB | 0.7/2.6 MB | 0.6/1.1 MB | 291/636 kB
2026.05.31 17:06:26 INFO  Progress (4): 2.4/12 MB | 0.7/2.6 MB | 0.6/1.1 MB | 291/636 kB
2026.05.31 17:06:26 INFO  Progress (4): 2.4/12 MB | 0.7/2.6 MB | 0.6/1.1 MB | 291/636 kB
2026.05.31 17:06:26 INFO  Progress (4): 2.4/12 MB | 0.7/2.6 MB | 0.6/1.1 MB | 291/636 kB
2026.05.31 17:06:26 INFO  Progress (4): 2.4/12 MB | 0.7/2.6 MB | 0.6/1.1 MB | 291/636 kB
2026.05.31 17:06:26 INFO  Progress (4): 2.5/12 MB | 0.7/2.6 MB | 0.6/1.1 MB | 291/636 kB
2026.05.31 17:06:26 INFO  Progress (4): 2.5/12 MB | 0.7/2.6 MB | 0.6/1.1 MB | 291/636 kB
2026.05.31 17:06:26 INFO  Progress (4): 2.5/12 MB | 0.7/2.6 MB | 0.6/1.1 MB | 291/636 kB
2026.05.31 17:06:26 INFO  Progress (4): 2.5/12 MB | 0.7/2.6 MB | 0.6/1.1 MB | 291/636 kB
2026.05.31 17:06:26 INFO  Progress (4): 2.5/12 MB | 0.7/2.6 MB | 0.6/1.1 MB | 291/636 kB
2026.05.31 17:06:26 INFO  Progress (4): 2.5/12 MB | 0.7/2.6 MB | 0.6/1.1 MB | 291/636 kB
2026.05.31 17:06:26 INFO  Progress (4): 2.5/12 MB | 0.7/2.6 MB | 0.6/1.1 MB | 291/636 kB
2026.05.31 17:06:26 INFO  Progress (4): 2.5/12 MB | 0.7/2.6 MB | 0.6/1.1 MB | 291/636 kB
2026.05.31 17:06:26 INFO  Progress (4): 2.5/12 MB | 0.7/2.6 MB | 0.6/1.1 MB | 291/636 kB
2026.05.31 17:06:26 INFO  Progress (4): 2.5/12 MB | 0.7/2.6 MB | 0.6/1.1 MB | 291/636 kB
2026.05.31 17:06:26 INFO  Progress (4): 2.5/12 MB | 0.7/2.6 MB | 0.6/1.1 MB | 291/636 kB
2026.05.31 17:06:26 INFO  Progress (4): 2.5/12 MB | 0.8/2.6 MB | 0.6/1.1 MB | 291/636 kB
2026.05.31 17:06:26 INFO  Progress (4): 2.5/12 MB | 0.8/2.6 MB | 0.6/1.1 MB | 291/636 kB
2026.05.31 17:06:26 INFO  Progress (4): 2.5/12 MB | 0.8/2.6 MB | 0.6/1.1 MB | 291/636 kB
2026.05.31 17:06:26 INFO  Progress (4): 2.5/12 MB | 0.8/2.6 MB | 0.6/1.1 MB | 291/636 kB
2026.05.31 17:06:26 INFO  Progress (4): 2.5/12 MB | 0.8/2.6 MB | 0.6/1.1 MB | 291/636 kB
2026.05.31 17:06:26 INFO  Progress (4): 2.5/12 MB | 0.8/2.6 MB | 0.6/1.1 MB | 291/636 kB
2026.05.31 17:06:26 INFO  Progress (4): 2.5/12 MB | 0.9/2.6 MB | 0.6/1.1 MB | 291/636 kB
2026.05.31 17:06:26 INFO  Progress (4): 2.5/12 MB | 0.9/2.6 MB | 0.6/1.1 MB | 291/636 kB
2026.05.31 17:06:26 INFO  Progress (4): 2.5/12 MB | 0.9/2.6 MB | 0.6/1.1 MB | 291/636 kB
2026.05.31 17:06:26 INFO  Progress (4): 2.5/12 MB | 0.9/2.6 MB | 0.6/1.1 MB | 291/636 kB
2026.05.31 17:06:26 INFO  Progress (4): 2.6/12 MB | 0.9/2.6 MB | 0.6/1.1 MB | 291/636 kB
2026.05.31 17:06:26 INFO  Progress (4): 2.6/12 MB | 0.9/2.6 MB | 0.6/1.1 MB | 291/636 kB
2026.05.31 17:06:26 INFO  Progress (4): 2.6/12 MB | 0.9/2.6 MB | 0.6/1.1 MB | 291/636 kB
2026.05.31 17:06:26 INFO  Progress (4): 2.6/12 MB | 0.9/2.6 MB | 0.6/1.1 MB | 291/636 kB
2026.05.31 17:06:26 INFO  Progress (4): 2.6/12 MB | 0.9/2.6 MB | 0.6/1.1 MB | 291/636 kB
2026.05.31 17:06:26 INFO  Progress (4): 2.6/12 MB | 0.9/2.6 MB | 0.6/1.1 MB | 291/636 kB
2026.05.31 17:06:26 INFO  Progress (4): 2.6/12 MB | 0.9/2.6 MB | 0.7/1.1 MB | 291/636 kB
2026.05.31 17:06:26 INFO  Progress (4): 2.6/12 MB | 0.9/2.6 MB | 0.7/1.1 MB | 291/636 kB
2026.05.31 17:06:26 INFO  Progress (4): 2.6/12 MB | 0.9/2.6 MB | 0.7/1.1 MB | 291/636 kB
2026.05.31 17:06:26 INFO  Progress (4): 2.6/12 MB | 0.9/2.6 MB | 0.7/1.1 MB | 291/636 kB
2026.05.31 17:06:26 INFO  Progress (4): 2.6/12 MB | 0.9/2.6 MB | 0.7/1.1 MB | 307/636 kB
2026.05.31 17:06:26 INFO  Progress (4): 2.6/12 MB | 0.9/2.6 MB | 0.7/1.1 MB | 324/636 kB
2026.05.31 17:06:26 INFO  Progress (4): 2.6/12 MB | 0.9/2.6 MB | 0.7/1.1 MB | 340/636 kB
2026.05.31 17:06:26 INFO  Progress (5): 2.6/12 MB | 0.9/2.6 MB | 0.7/1.1 MB | 340/636 kB | 7.7/229 kB
2026.05.31 17:06:26 INFO  Progress (5): 2.6/12 MB | 0.9/2.6 MB | 0.7/1.1 MB | 340/636 kB | 16/229 kB 
2026.05.31 17:06:26 INFO  Progress (5): 2.6/12 MB | 0.9/2.6 MB | 0.7/1.1 MB | 340/636 kB | 25/229 kB
2026.05.31 17:06:26 INFO  Progress (5): 2.6/12 MB | 0.9/2.6 MB | 0.7/1.1 MB | 340/636 kB | 33/229 kB
2026.05.31 17:06:26 INFO  Progress (5): 2.6/12 MB | 0.9/2.6 MB | 0.7/1.1 MB | 340/636 kB | 49/229 kB
2026.05.31 17:06:26 INFO  Progress (5): 2.6/12 MB | 1.0/2.6 MB | 0.7/1.1 MB | 340/636 kB | 49/229 kB
2026.05.31 17:06:26 INFO  Progress (5): 2.6/12 MB | 1.0/2.6 MB | 0.7/1.1 MB | 340/636 kB | 49/229 kB
2026.05.31 17:06:26 INFO  Progress (5): 2.6/12 MB | 1.0/2.6 MB | 0.7/1.1 MB | 340/636 kB | 66/229 kB
2026.05.31 17:06:26 INFO  Progress (5): 2.6/12 MB | 1.0/2.6 MB | 0.7/1.1 MB | 340/636 kB | 66/229 kB
2026.05.31 17:06:26 INFO  Progress (5): 2.6/12 MB | 1.0/2.6 MB | 0.7/1.1 MB | 356/636 kB | 66/229 kB
2026.05.31 17:06:26 INFO  Progress (5): 2.6/12 MB | 1.0/2.6 MB | 0.7/1.1 MB | 356/636 kB | 74/229 kB
2026.05.31 17:06:26 INFO  Progress (5): 2.6/12 MB | 1.0/2.6 MB | 0.7/1.1 MB | 356/636 kB | 74/229 kB
2026.05.31 17:06:26 INFO  Progress (5): 2.6/12 MB | 1.0/2.6 MB | 0.7/1.1 MB | 356/636 kB | 82/229 kB
2026.05.31 17:06:26 INFO  Progress (5): 2.6/12 MB | 1.0/2.6 MB | 0.7/1.1 MB | 356/636 kB | 98/229 kB
2026.05.31 17:06:26 INFO  Progress (5): 2.6/12 MB | 1.0/2.6 MB | 0.7/1.1 MB | 356/636 kB | 115/229 kB
2026.05.31 17:06:26 INFO  Progress (5): 2.6/12 MB | 1.0/2.6 MB | 0.7/1.1 MB | 356/636 kB | 131/229 kB
2026.05.31 17:06:26 INFO  Progress (5): 2.6/12 MB | 1.0/2.6 MB | 0.7/1.1 MB | 356/636 kB | 147/229 kB
2026.05.31 17:06:26 INFO  Progress (5): 2.6/12 MB | 1.0/2.6 MB | 0.7/1.1 MB | 356/636 kB | 164/229 kB
2026.05.31 17:06:26 INFO  Progress (5): 2.6/12 MB | 1.0/2.6 MB | 0.7/1.1 MB | 356/636 kB | 164/229 kB
2026.05.31 17:06:26 INFO  Progress (5): 2.6/12 MB | 1.0/2.6 MB | 0.7/1.1 MB | 356/636 kB | 180/229 kB
2026.05.31 17:06:26 INFO  Progress (5): 2.6/12 MB | 1.0/2.6 MB | 0.7/1.1 MB | 373/636 kB | 180/229 kB
2026.05.31 17:06:26 INFO  Progress (5): 2.6/12 MB | 1.0/2.6 MB | 0.7/1.1 MB | 389/636 kB | 180/229 kB
2026.05.31 17:06:26 INFO  Progress (5): 2.7/12 MB | 1.0/2.6 MB | 0.7/1.1 MB | 389/636 kB | 180/229 kB
2026.05.31 17:06:26 INFO  Progress (5): 2.7/12 MB | 1.0/2.6 MB | 0.7/1.1 MB | 389/636 kB | 197/229 kB
2026.05.31 17:06:26 INFO  Progress (5): 2.7/12 MB | 1.0/2.6 MB | 0.7/1.1 MB | 389/636 kB | 213/229 kB
2026.05.31 17:06:26 INFO  Progress (5): 2.7/12 MB | 1.0/2.6 MB | 0.7/1.1 MB | 389/636 kB | 213/229 kB
2026.05.31 17:06:26 INFO  Progress (5): 2.7/12 MB | 1.0/2.6 MB | 0.7/1.1 MB | 389/636 kB | 213/229 kB
2026.05.31 17:06:26 INFO  Progress (5): 2.7/12 MB | 1.0/2.6 MB | 0.7/1.1 MB | 389/636 kB | 213/229 kB
2026.05.31 17:06:26 INFO  Progress (5): 2.7/12 MB | 1.0/2.6 MB | 0.7/1.1 MB | 389/636 kB | 213/229 kB
2026.05.31 17:06:26 INFO  Progress (5): 2.7/12 MB | 1.0/2.6 MB | 0.7/1.1 MB | 389/636 kB | 229 kB    
2026.05.31 17:06:26 INFO  Progress (5): 2.7/12 MB | 1.0/2.6 MB | 0.7/1.1 MB | 406/636 kB | 229 kB
2026.05.31 17:06:26 INFO  Progress (5): 2.7/12 MB | 1.0/2.6 MB | 0.7/1.1 MB | 422/636 kB | 229 kB
2026.05.31 17:06:26 INFO  Progress (5): 2.7/12 MB | 1.0/2.6 MB | 0.7/1.1 MB | 422/636 kB | 229 kB
2026.05.31 17:06:26 INFO  Progress (5): 2.7/12 MB | 1.0/2.6 MB | 0.7/1.1 MB | 438/636 kB | 229 kB
2026.05.31 17:06:26 INFO  Progress (5): 2.7/12 MB | 1.0/2.6 MB | 0.7/1.1 MB | 438/636 kB | 229 kB
2026.05.31 17:06:26 INFO  Progress (5): 2.7/12 MB | 1.0/2.6 MB | 0.7/1.1 MB | 455/636 kB | 229 kB
2026.05.31 17:06:26 INFO  Progress (5): 2.7/12 MB | 1.0/2.6 MB | 0.7/1.1 MB | 455/636 kB | 229 kB
2026.05.31 17:06:26 INFO  Progress (5): 2.7/12 MB | 1.0/2.6 MB | 0.7/1.1 MB | 455/636 kB | 229 kB
2026.05.31 17:06:26 INFO  Progress (5): 2.7/12 MB | 1.0/2.6 MB | 0.7/1.1 MB | 471/636 kB | 229 kB
2026.05.31 17:06:26 INFO  Progress (5): 2.7/12 MB | 1.0/2.6 MB | 0.7/1.1 MB | 471/636 kB | 229 kB
2026.05.31 17:06:26 INFO  Progress (5): 2.7/12 MB | 1.0/2.6 MB | 0.7/1.1 MB | 487/636 kB | 229 kB
2026.05.31 17:06:26 INFO  Progress (5): 2.7/12 MB | 1.1/2.6 MB | 0.7/1.1 MB | 487/636 kB | 229 kB
2026.05.31 17:06:26 INFO  Progress (5): 2.8/12 MB | 1.1/2.6 MB | 0.7/1.1 MB | 487/636 kB | 229 kB
2026.05.31 17:06:26 INFO  Progress (5): 2.8/12 MB | 1.1/2.6 MB | 0.7/1.1 MB | 487/636 kB | 229 kB
2026.05.31 17:06:26 INFO  Progress (5): 2.8/12 MB | 1.1/2.6 MB | 0.7/1.1 MB | 504/636 kB | 229 kB
2026.05.31 17:06:26 INFO  Progress (5): 2.8/12 MB | 1.1/2.6 MB | 0.7/1.1 MB | 504/636 kB | 229 kB
2026.05.31 17:06:26 INFO  Progress (5): 2.8/12 MB | 1.1/2.6 MB | 0.7/1.1 MB | 520/636 kB | 229 kB
2026.05.31 17:06:26 INFO  Progress (5): 2.8/12 MB | 1.1/2.6 MB | 0.7/1.1 MB | 520/636 kB | 229 kB
2026.05.31 17:06:26 INFO  Progress (5): 2.8/12 MB | 1.1/2.6 MB | 0.7/1.1 MB | 520/636 kB | 229 kB
2026.05.31 17:06:26 INFO  Progress (5): 2.8/12 MB | 1.1/2.6 MB | 0.7/1.1 MB | 520/636 kB | 229 kB
2026.05.31 17:06:26 INFO  Progress (5): 2.8/12 MB | 1.1/2.6 MB | 0.7/1.1 MB | 537/636 kB | 229 kB
2026.05.31 17:06:26 INFO  Progress (5): 2.8/12 MB | 1.1/2.6 MB | 0.7/1.1 MB | 537/636 kB | 229 kB
2026.05.31 17:06:26 INFO  Progress (5): 2.8/12 MB | 1.1/2.6 MB | 0.7/1.1 MB | 553/636 kB | 229 kB
2026.05.31 17:06:26 INFO  Progress (5): 2.9/12 MB | 1.1/2.6 MB | 0.7/1.1 MB | 553/636 kB | 229 kB
2026.05.31 17:06:26 INFO                                                                         
2026.05.31 17:06:26 INFO  Downloaded from central: https://repo.maven.apache.org/maven2/com/swoval/file-tree-views/2.1.9/file-tree-views-2.1.9.jar (229 kB at 314 kB/s)
2026.05.31 17:06:26 INFO  Downloading from central: https://repo.maven.apache.org/maven2/net/java/dev/jna/jna/5.12.0/jna-5.12.0.jar
2026.05.31 17:06:26 INFO  Progress (4): 2.9/12 MB | 1.1/2.6 MB | 0.7/1.1 MB | 553/636 kB
2026.05.31 17:06:26 INFO  Progress (4): 2.9/12 MB | 1.1/2.6 MB | 0.7/1.1 MB | 569/636 kB
2026.05.31 17:06:26 INFO  Progress (4): 2.9/12 MB | 1.1/2.6 MB | 0.7/1.1 MB | 569/636 kB
2026.05.31 17:06:26 INFO  Progress (4): 2.9/12 MB | 1.1/2.6 MB | 0.7/1.1 MB | 569/636 kB
2026.05.31 17:06:26 INFO  Progress (4): 2.9/12 MB | 1.1/2.6 MB | 0.7/1.1 MB | 569/636 kB
2026.05.31 17:06:26 INFO  Progress (4): 2.9/12 MB | 1.1/2.6 MB | 0.7/1.1 MB | 569/636 kB
2026.05.31 17:06:26 INFO  Progress (4): 2.9/12 MB | 1.1/2.6 MB | 0.7/1.1 MB | 569/636 kB
2026.05.31 17:06:26 INFO  Progress (4): 2.9/12 MB | 1.1/2.6 MB | 0.7/1.1 MB | 569/636 kB
2026.05.31 17:06:26 INFO  Progress (4): 2.9/12 MB | 1.1/2.6 MB | 0.7/1.1 MB | 569/636 kB
2026.05.31 17:06:26 INFO  Progress (4): 2.9/12 MB | 1.1/2.6 MB | 0.7/1.1 MB | 569/636 kB
2026.05.31 17:06:26 INFO  Progress (4): 2.9/12 MB | 1.1/2.6 MB | 0.7/1.1 MB | 569/636 kB
2026.05.31 17:06:26 INFO  Progress (4): 3.0/12 MB | 1.1/2.6 MB | 0.7/1.1 MB | 569/636 kB
2026.05.31 17:06:26 INFO  Progress (4): 3.0/12 MB | 1.1/2.6 MB | 0.7/1.1 MB | 569/636 kB
2026.05.31 17:06:26 INFO  Progress (4): 3.0/12 MB | 1.1/2.6 MB | 0.7/1.1 MB | 569/636 kB
2026.05.31 17:06:26 INFO  Progress (4): 3.0/12 MB | 1.1/2.6 MB | 0.7/1.1 MB | 586/636 kB
2026.05.31 17:06:26 INFO  Progress (4): 3.0/12 MB | 1.1/2.6 MB | 0.7/1.1 MB | 586/636 kB
2026.05.31 17:06:26 INFO  Progress (4): 3.0/12 MB | 1.1/2.6 MB | 0.7/1.1 MB | 586/636 kB
2026.05.31 17:06:26 INFO  Progress (4): 3.0/12 MB | 1.1/2.6 MB | 0.7/1.1 MB | 586/636 kB
2026.05.31 17:06:26 INFO  Progress (4): 3.0/12 MB | 1.1/2.6 MB | 0.7/1.1 MB | 586/636 kB
2026.05.31 17:06:26 INFO  Progress (4): 3.0/12 MB | 1.1/2.6 MB | 0.8/1.1 MB | 586/636 kB
2026.05.31 17:06:26 INFO  Progress (4): 3.0/12 MB | 1.1/2.6 MB | 0.8/1.1 MB | 602/636 kB
2026.05.31 17:06:26 INFO  Progress (4): 3.0/12 MB | 1.1/2.6 MB | 0.8/1.1 MB | 602/636 kB
2026.05.31 17:06:26 INFO  Progress (4): 3.0/12 MB | 1.1/2.6 MB | 0.8/1.1 MB | 618/636 kB
2026.05.31 17:06:26 INFO  Progress (4): 3.0/12 MB | 1.1/2.6 MB | 0.8/1.1 MB | 618/636 kB
2026.05.31 17:06:26 INFO  Progress (4): 3.0/12 MB | 1.1/2.6 MB | 0.8/1.1 MB | 618/636 kB
2026.05.31 17:06:26 INFO  Progress (4): 3.0/12 MB | 1.1/2.6 MB | 0.8/1.1 MB | 618/636 kB
2026.05.31 17:06:26 INFO  Progress (4): 3.1/12 MB | 1.1/2.6 MB | 0.8/1.1 MB | 618/636 kB
2026.05.31 17:06:26 INFO  Progress (4): 3.1/12 MB | 1.1/2.6 MB | 0.8/1.1 MB | 618/636 kB
2026.05.31 17:06:26 INFO  Progress (4): 3.1/12 MB | 1.1/2.6 MB | 0.8/1.1 MB | 618/636 kB
2026.05.31 17:06:26 INFO  Progress (4): 3.1/12 MB | 1.1/2.6 MB | 0.8/1.1 MB | 618/636 kB
2026.05.31 17:06:26 INFO  Progress (4): 3.1/12 MB | 1.1/2.6 MB | 0.8/1.1 MB | 618/636 kB
2026.05.31 17:06:26 INFO  Progress (4): 3.1/12 MB | 1.1/2.6 MB | 0.8/1.1 MB | 618/636 kB
2026.05.31 17:06:26 INFO  Progress (4): 3.1/12 MB | 1.1/2.6 MB | 0.9/1.1 MB | 618/636 kB
2026.05.31 17:06:26 INFO  Progress (4): 3.1/12 MB | 1.1/2.6 MB | 0.9/1.1 MB | 618/636 kB
2026.05.31 17:06:26 INFO  Progress (4): 3.1/12 MB | 1.1/2.6 MB | 0.9/1.1 MB | 618/636 kB
2026.05.31 17:06:26 INFO  Progress (4): 3.1/12 MB | 1.1/2.6 MB | 0.9/1.1 MB | 618/636 kB
2026.05.31 17:06:26 INFO  Progress (4): 3.1/12 MB | 1.2/2.6 MB | 0.9/1.1 MB | 618/636 kB
2026.05.31 17:06:26 INFO  Progress (4): 3.1/12 MB | 1.2/2.6 MB | 0.9/1.1 MB | 618/636 kB
2026.05.31 17:06:26 INFO  Progress (4): 3.1/12 MB | 1.2/2.6 MB | 0.9/1.1 MB | 618/636 kB
2026.05.31 17:06:26 INFO  Progress (4): 3.1/12 MB | 1.2/2.6 MB | 0.9/1.1 MB | 618/636 kB
2026.05.31 17:06:26 INFO  Progress (4): 3.1/12 MB | 1.2/2.6 MB | 0.9/1.1 MB | 618/636 kB
2026.05.31 17:06:26 INFO  Progress (4): 3.1/12 MB | 1.2/2.6 MB | 0.9/1.1 MB | 618/636 kB
2026.05.31 17:06:26 INFO  Progress (4): 3.1/12 MB | 1.2/2.6 MB | 0.9/1.1 MB | 618/636 kB
2026.05.31 17:06:26 INFO  Progress (4): 3.1/12 MB | 1.2/2.6 MB | 0.9/1.1 MB | 618/636 kB
2026.05.31 17:06:26 INFO  Progress (4): 3.1/12 MB | 1.2/2.6 MB | 0.9/1.1 MB | 618/636 kB
2026.05.31 17:06:26 INFO  Progress (4): 3.1/12 MB | 1.2/2.6 MB | 0.9/1.1 MB | 618/636 kB
2026.05.31 17:06:26 INFO  Progress (4): 3.1/12 MB | 1.2/2.6 MB | 0.9/1.1 MB | 618/636 kB
2026.05.31 17:06:26 INFO  Progress (4): 3.1/12 MB | 1.2/2.6 MB | 0.9/1.1 MB | 618/636 kB
2026.05.31 17:06:26 INFO  Progress (4): 3.1/12 MB | 1.3/2.6 MB | 0.9/1.1 MB | 618/636 kB
2026.05.31 17:06:26 INFO  Progress (4): 3.1/12 MB | 1.3/2.6 MB | 0.9/1.1 MB | 618/636 kB
2026.05.31 17:06:26 INFO  Progress (4): 3.1/12 MB | 1.3/2.6 MB | 0.9/1.1 MB | 618/636 kB
2026.05.31 17:06:26 INFO  Progress (4): 3.1/12 MB | 1.3/2.6 MB | 0.9/1.1 MB | 618/636 kB
2026.05.31 17:06:26 INFO  Progress (4): 3.1/12 MB | 1.3/2.6 MB | 1.0/1.1 MB | 618/636 kB
2026.05.31 17:06:26 INFO  Progress (4): 3.1/12 MB | 1.3/2.6 MB | 1.0/1.1 MB | 618/636 kB
2026.05.31 17:06:26 INFO  Progress (4): 3.1/12 MB | 1.3/2.6 MB | 1.0/1.1 MB | 618/636 kB
2026.05.31 17:06:26 INFO  Progress (4): 3.1/12 MB | 1.3/2.6 MB | 1.0/1.1 MB | 618/636 kB
2026.05.31 17:06:26 INFO  Progress (4): 3.1/12 MB | 1.3/2.6 MB | 1.0/1.1 MB | 618/636 kB
2026.05.31 17:06:26 INFO  Progress (4): 3.2/12 MB | 1.3/2.6 MB | 1.0/1.1 MB | 618/636 kB
2026.05.31 17:06:26 INFO  Progress (4): 3.2/12 MB | 1.3/2.6 MB | 1.0/1.1 MB | 635/636 kB
2026.05.31 17:06:26 INFO  Progress (4): 3.2/12 MB | 1.3/2.6 MB | 1.0/1.1 MB | 636 kB    
2026.05.31 17:06:26 INFO  Progress (4): 3.2/12 MB | 1.3/2.6 MB | 1.0/1.1 MB | 636 kB
2026.05.31 17:06:26 INFO  Progress (4): 3.2/12 MB | 1.3/2.6 MB | 1.0/1.1 MB | 636 kB
2026.05.31 17:06:26 INFO  Progress (4): 3.2/12 MB | 1.4/2.6 MB | 1.0/1.1 MB | 636 kB
2026.05.31 17:06:26 INFO  Progress (4): 3.2/12 MB | 1.4/2.6 MB | 1.0/1.1 MB | 636 kB
2026.05.31 17:06:26 INFO  Progress (4): 3.2/12 MB | 1.4/2.6 MB | 1.0/1.1 MB | 636 kB
2026.05.31 17:06:26 INFO  Progress (4): 3.2/12 MB | 1.4/2.6 MB | 1.0/1.1 MB | 636 kB
2026.05.31 17:06:26 INFO  Progress (4): 3.2/12 MB | 1.4/2.6 MB | 1.0/1.1 MB | 636 kB
2026.05.31 17:06:26 INFO  Progress (4): 3.2/12 MB | 1.4/2.6 MB | 1.0/1.1 MB | 636 kB
2026.05.31 17:06:26 INFO  Progress (4): 3.2/12 MB | 1.4/2.6 MB | 1.0/1.1 MB | 636 kB
2026.05.31 17:06:26 INFO  Progress (4): 3.2/12 MB | 1.4/2.6 MB | 1.0/1.1 MB | 636 kB
2026.05.31 17:06:26 INFO  Progress (4): 3.2/12 MB | 1.4/2.6 MB | 1.0/1.1 MB | 636 kB
2026.05.31 17:06:26 INFO  Progress (4): 3.2/12 MB | 1.4/2.6 MB | 1.0/1.1 MB | 636 kB
2026.05.31 17:06:26 INFO  Progress (4): 3.2/12 MB | 1.4/2.6 MB | 1.0/1.1 MB | 636 kB
2026.05.31 17:06:26 INFO  Progress (4): 3.2/12 MB | 1.4/2.6 MB | 1.1/1.1 MB | 636 kB
2026.05.31 17:06:26 INFO  Progress (4): 3.2/12 MB | 1.4/2.6 MB | 1.1/1.1 MB | 636 kB
2026.05.31 17:06:26 INFO  Progress (4): 3.2/12 MB | 1.4/2.6 MB | 1.1/1.1 MB | 636 kB
2026.05.31 17:06:26 INFO  Progress (4): 3.2/12 MB | 1.4/2.6 MB | 1.1/1.1 MB | 636 kB
2026.05.31 17:06:26 INFO  Progress (4): 3.2/12 MB | 1.5/2.6 MB | 1.1/1.1 MB | 636 kB
2026.05.31 17:06:26 INFO  Progress (4): 3.2/12 MB | 1.5/2.6 MB | 1.1/1.1 MB | 636 kB
2026.05.31 17:06:26 INFO  Progress (4): 3.2/12 MB | 1.5/2.6 MB | 1.1/1.1 MB | 636 kB
2026.05.31 17:06:26 INFO  Progress (4): 3.2/12 MB | 1.5/2.6 MB | 1.1/1.1 MB | 636 kB
2026.05.31 17:06:26 INFO  Progress (4): 3.2/12 MB | 1.5/2.6 MB | 1.1/1.1 MB | 636 kB
2026.05.31 17:06:26 INFO  Progress (4): 3.2/12 MB | 1.5/2.6 MB | 1.1/1.1 MB | 636 kB
2026.05.31 17:06:26 INFO  Progress (4): 3.3/12 MB | 1.5/2.6 MB | 1.1/1.1 MB | 636 kB
2026.05.31 17:06:26 INFO  Progress (4): 3.3/12 MB | 1.5/2.6 MB | 1.1/1.1 MB | 636 kB
2026.05.31 17:06:26 INFO  Progress (4): 3.3/12 MB | 1.5/2.6 MB | 1.1/1.1 MB | 636 kB
2026.05.31 17:06:26 INFO  Progress (4): 3.3/12 MB | 1.5/2.6 MB | 1.1/1.1 MB | 636 kB
2026.05.31 17:06:26 INFO  Progress (4): 3.3/12 MB | 1.5/2.6 MB | 1.1/1.1 MB | 636 kB
2026.05.31 17:06:26 INFO  Progress (4): 3.3/12 MB | 1.6/2.6 MB | 1.1/1.1 MB | 636 kB
2026.05.31 17:06:26 INFO  Progress (4): 3.3/12 MB | 1.6/2.6 MB | 1.1/1.1 MB | 636 kB
2026.05.31 17:06:26 INFO  Progress (4): 3.3/12 MB | 1.6/2.6 MB | 1.1/1.1 MB | 636 kB
2026.05.31 17:06:26 INFO  Progress (4): 3.3/12 MB | 1.6/2.6 MB | 1.1/1.1 MB | 636 kB
2026.05.31 17:06:26 INFO  Progress (4): 3.3/12 MB | 1.6/2.6 MB | 1.1/1.1 MB | 636 kB
2026.05.31 17:06:26 INFO  Progress (4): 3.3/12 MB | 1.6/2.6 MB | 1.1/1.1 MB | 636 kB
2026.05.31 17:06:26 INFO  Progress (4): 3.3/12 MB | 1.6/2.6 MB | 1.1/1.1 MB | 636 kB
2026.05.31 17:06:26 INFO  Progress (4): 3.3/12 MB | 1.6/2.6 MB | 1.1/1.1 MB | 636 kB
2026.05.31 17:06:26 INFO                                                            
2026.05.31 17:06:26 INFO  Downloaded from central: https://repo.maven.apache.org/maven2/org/scala-sbt/io_2.13/1.8.0/io_2.13-1.8.0.jar (636 kB at 795 kB/s)
2026.05.31 17:06:26 INFO  Downloading from central: https://repo.maven.apache.org/maven2/net/java/dev/jna/jna-platform/5.12.0/jna-platform-5.12.0.jar
2026.05.31 17:06:26 INFO  Progress (3): 3.4/12 MB | 1.6/2.6 MB | 1.1/1.1 MB
2026.05.31 17:06:26 INFO  Progress (3): 3.4/12 MB | 1.6/2.6 MB | 1.1/1.1 MB
2026.05.31 17:06:26 INFO  Progress (3): 3.4/12 MB | 1.6/2.6 MB | 1.1/1.1 MB
2026.05.31 17:06:26 INFO  Progress (3): 3.4/12 MB | 1.6/2.6 MB | 1.1/1.1 MB
2026.05.31 17:06:26 INFO  Progress (3): 3.4/12 MB | 1.6/2.6 MB | 1.1/1.1 MB
2026.05.31 17:06:26 INFO  Progress (3): 3.4/12 MB | 1.6/2.6 MB | 1.1/1.1 MB
2026.05.31 17:06:26 INFO  Progress (4): 3.4/12 MB | 1.6/2.6 MB | 1.1/1.1 MB | 0/1.9 MB
2026.05.31 17:06:26 INFO  Progress (4): 3.4/12 MB | 1.6/2.6 MB | 1.1/1.1 MB | 0/1.9 MB
2026.05.31 17:06:26 INFO  Progress (4): 3.4/12 MB | 1.6/2.6 MB | 1.1/1.1 MB | 0/1.9 MB
2026.05.31 17:06:26 INFO  Progress (4): 3.4/12 MB | 1.6/2.6 MB | 1.1/1.1 MB | 0/1.9 MB
2026.05.31 17:06:26 INFO  Progress (4): 3.4/12 MB | 1.6/2.6 MB | 1.1/1.1 MB | 0/1.9 MB
2026.05.31 17:06:26 INFO  Progress (4): 3.4/12 MB | 1.6/2.6 MB | 1.1/1.1 MB | 0.1/1.9 MB
2026.05.31 17:06:26 INFO  Progress (4): 3.4/12 MB | 1.6/2.6 MB | 1.1 MB | 0.1/1.9 MB    
2026.05.31 17:06:26 INFO  Progress (4): 3.4/12 MB | 1.6/2.6 MB | 1.1 MB | 0.1/1.9 MB
2026.05.31 17:06:26 INFO  Progress (4): 3.4/12 MB | 1.6/2.6 MB | 1.1 MB | 0.1/1.9 MB
2026.05.31 17:06:26 INFO  Progress (4): 3.4/12 MB | 1.6/2.6 MB | 1.1 MB | 0.1/1.9 MB
2026.05.31 17:06:26 INFO  Progress (4): 3.4/12 MB | 1.6/2.6 MB | 1.1 MB | 0.1/1.9 MB
2026.05.31 17:06:26 INFO  Progress (4): 3.5/12 MB | 1.6/2.6 MB | 1.1 MB | 0.1/1.9 MB
2026.05.31 17:06:26 INFO  Progress (4): 3.5/12 MB | 1.6/2.6 MB | 1.1 MB | 0.1/1.9 MB
2026.05.31 17:06:26 INFO  Progress (4): 3.5/12 MB | 1.6/2.6 MB | 1.1 MB | 0.1/1.9 MB
2026.05.31 17:06:26 INFO  Progress (4): 3.5/12 MB | 1.6/2.6 MB | 1.1 MB | 0.1/1.9 MB
2026.05.31 17:06:26 INFO  Progress (4): 3.5/12 MB | 1.6/2.6 MB | 1.1 MB | 0.2/1.9 MB
2026.05.31 17:06:26 INFO  Progress (4): 3.5/12 MB | 1.6/2.6 MB | 1.1 MB | 0.2/1.9 MB
2026.05.31 17:06:26 INFO  Progress (4): 3.5/12 MB | 1.6/2.6 MB | 1.1 MB | 0.2/1.9 MB
2026.05.31 17:06:26 INFO  Progress (4): 3.5/12 MB | 1.6/2.6 MB | 1.1 MB | 0.2/1.9 MB
2026.05.31 17:06:26 INFO  Progress (4): 3.5/12 MB | 1.6/2.6 MB | 1.1 MB | 0.2/1.9 MB
2026.05.31 17:06:26 INFO  Progress (4): 3.5/12 MB | 1.6/2.6 MB | 1.1 MB | 0.2/1.9 MB
2026.05.31 17:06:26 INFO  Progress (4): 3.5/12 MB | 1.6/2.6 MB | 1.1 MB | 0.2/1.9 MB
2026.05.31 17:06:26 INFO  Progress (4): 3.5/12 MB | 1.6/2.6 MB | 1.1 MB | 0.2/1.9 MB
2026.05.31 17:06:26 INFO  Progress (4): 3.5/12 MB | 1.6/2.6 MB | 1.1 MB | 0.2/1.9 MB
2026.05.31 17:06:26 INFO  Progress (4): 3.5/12 MB | 1.6/2.6 MB | 1.1 MB | 0.3/1.9 MB
2026.05.31 17:06:26 INFO  Progress (4): 3.5/12 MB | 1.6/2.6 MB | 1.1 MB | 0.3/1.9 MB
2026.05.31 17:06:26 INFO  Progress (4): 3.5/12 MB | 1.6/2.6 MB | 1.1 MB | 0.3/1.9 MB
2026.05.31 17:06:26 INFO  Progress (4): 3.5/12 MB | 1.6/2.6 MB | 1.1 MB | 0.3/1.9 MB
2026.05.31 17:06:26 INFO  Progress (4): 3.5/12 MB | 1.6/2.6 MB | 1.1 MB | 0.3/1.9 MB
2026.05.31 17:06:26 INFO  Progress (4): 3.5/12 MB | 1.6/2.6 MB | 1.1 MB | 0.3/1.9 MB
2026.05.31 17:06:26 INFO  Progress (4): 3.5/12 MB | 1.6/2.6 MB | 1.1 MB | 0.3/1.9 MB
2026.05.31 17:06:26 INFO  Progress (4): 3.5/12 MB | 1.6/2.6 MB | 1.1 MB | 0.4/1.9 MB
2026.05.31 17:06:26 INFO  Progress (4): 3.5/12 MB | 1.6/2.6 MB | 1.1 MB | 0.4/1.9 MB
2026.05.31 17:06:26 INFO  Progress (4): 3.5/12 MB | 1.6/2.6 MB | 1.1 MB | 0.4/1.9 MB
2026.05.31 17:06:26 INFO  Progress (4): 3.5/12 MB | 1.6/2.6 MB | 1.1 MB | 0.4/1.9 MB
2026.05.31 17:06:26 INFO  Progress (4): 3.5/12 MB | 1.6/2.6 MB | 1.1 MB | 0.4/1.9 MB
2026.05.31 17:06:26 INFO  Progress (4): 3.5/12 MB | 1.6/2.6 MB | 1.1 MB | 0.4/1.9 MB
2026.05.31 17:06:26 INFO  Progress (4): 3.5/12 MB | 1.6/2.6 MB | 1.1 MB | 0.4/1.9 MB
2026.05.31 17:06:26 INFO  Progress (4): 3.5/12 MB | 1.6/2.6 MB | 1.1 MB | 0.5/1.9 MB
2026.05.31 17:06:26 INFO  Progress (4): 3.5/12 MB | 1.6/2.6 MB | 1.1 MB | 0.5/1.9 MB
2026.05.31 17:06:26 INFO  Progress (4): 3.5/12 MB | 1.6/2.6 MB | 1.1 MB | 0.5/1.9 MB
2026.05.31 17:06:26 INFO  Progress (4): 3.5/12 MB | 1.6/2.6 MB | 1.1 MB | 0.5/1.9 MB
2026.05.31 17:06:26 INFO  Progress (4): 3.5/12 MB | 1.6/2.6 MB | 1.1 MB | 0.5/1.9 MB
2026.05.31 17:06:26 INFO  Progress (4): 3.5/12 MB | 1.6/2.6 MB | 1.1 MB | 0.5/1.9 MB
2026.05.31 17:06:26 INFO  Progress (4): 3.5/12 MB | 1.6/2.6 MB | 1.1 MB | 0.5/1.9 MB
2026.05.31 17:06:26 INFO  Progress (4): 3.5/12 MB | 1.6/2.6 MB | 1.1 MB | 0.5/1.9 MB
2026.05.31 17:06:26 INFO  Progress (4): 3.5/12 MB | 1.6/2.6 MB | 1.1 MB | 0.6/1.9 MB
2026.05.31 17:06:26 INFO  Progress (4): 3.5/12 MB | 1.6/2.6 MB | 1.1 MB | 0.6/1.9 MB
2026.05.31 17:06:26 INFO                                                            
2026.05.31 17:06:26 INFO  Downloaded from central: https://repo.maven.apache.org/maven2/org/scala-lang/modules/scala-parallel-collections_2.13/0.2.0/scala-parallel-collections_2.13-0.2.0.jar (1.1 MB at 1.4 MB/s)
2026.05.31 17:06:26 INFO  Downloading from central: https://repo.maven.apache.org/maven2/org/scala-sbt/util-logging_2.13/1.8.0/util-logging_2.13-1.8.0.jar
2026.05.31 17:06:26 INFO  Progress (3): 3.5/12 MB | 1.6/2.6 MB | 0.6/1.9 MB
2026.05.31 17:06:26 INFO  Progress (3): 3.6/12 MB | 1.6/2.6 MB | 0.6/1.9 MB
2026.05.31 17:06:26 INFO  Progress (3): 3.6/12 MB | 1.6/2.6 MB | 0.6/1.9 MB
2026.05.31 17:06:26 INFO  Progress (3): 3.6/12 MB | 1.6/2.6 MB | 0.6/1.9 MB
2026.05.31 17:06:26 INFO  Progress (3): 3.6/12 MB | 1.6/2.6 MB | 0.6/1.9 MB
2026.05.31 17:06:26 INFO  Progress (3): 3.6/12 MB | 1.6/2.6 MB | 0.6/1.9 MB
2026.05.31 17:06:26 INFO  Progress (3): 3.6/12 MB | 1.6/2.6 MB | 0.7/1.9 MB
2026.05.31 17:06:26 INFO  Progress (3): 3.6/12 MB | 1.6/2.6 MB | 0.7/1.9 MB
2026.05.31 17:06:26 INFO  Progress (3): 3.6/12 MB | 1.6/2.6 MB | 0.7/1.9 MB
2026.05.31 17:06:26 INFO  Progress (3): 3.6/12 MB | 1.6/2.6 MB | 0.7/1.9 MB
2026.05.31 17:06:26 INFO  Progress (3): 3.6/12 MB | 1.6/2.6 MB | 0.7/1.9 MB
2026.05.31 17:06:26 INFO  Progress (3): 3.6/12 MB | 1.6/2.6 MB | 0.7/1.9 MB
2026.05.31 17:06:26 INFO  Progress (3): 3.6/12 MB | 1.6/2.6 MB | 0.7/1.9 MB
2026.05.31 17:06:26 INFO  Progress (3): 3.6/12 MB | 1.6/2.6 MB | 0.7/1.9 MB
2026.05.31 17:06:26 INFO  Progress (3): 3.6/12 MB | 1.6/2.6 MB | 0.8/1.9 MB
2026.05.31 17:06:26 INFO  Progress (3): 3.6/12 MB | 1.6/2.6 MB | 0.8/1.9 MB
2026.05.31 17:06:26 INFO  Progress (3): 3.6/12 MB | 1.6/2.6 MB | 0.8/1.9 MB
2026.05.31 17:06:26 INFO  Progress (3): 3.6/12 MB | 1.6/2.6 MB | 0.8/1.9 MB
2026.05.31 17:06:26 INFO  Progress (3): 3.6/12 MB | 1.6/2.6 MB | 0.8/1.9 MB
2026.05.31 17:06:26 INFO  Progress (3): 3.6/12 MB | 1.6/2.6 MB | 0.8/1.9 MB
2026.05.31 17:06:26 INFO  Progress (3): 3.6/12 MB | 1.6/2.6 MB | 0.8/1.9 MB
2026.05.31 17:06:26 INFO  Progress (3): 3.6/12 MB | 1.6/2.6 MB | 0.9/1.9 MB
2026.05.31 17:06:26 INFO  Progress (3): 3.6/12 MB | 1.6/2.6 MB | 0.9/1.9 MB
2026.05.31 17:06:26 INFO  Progress (3): 3.6/12 MB | 1.6/2.6 MB | 0.9/1.9 MB
2026.05.31 17:06:26 INFO  Progress (3): 3.6/12 MB | 1.6/2.6 MB | 0.9/1.9 MB
2026.05.31 17:06:26 INFO  Progress (3): 3.6/12 MB | 1.6/2.6 MB | 0.9/1.9 MB
2026.05.31 17:06:26 INFO  Progress (3): 3.6/12 MB | 1.6/2.6 MB | 0.9/1.9 MB
2026.05.31 17:06:26 INFO  Progress (3): 3.6/12 MB | 1.6/2.6 MB | 0.9/1.9 MB
2026.05.31 17:06:26 INFO  Progress (3): 3.6/12 MB | 1.6/2.6 MB | 1.0/1.9 MB
2026.05.31 17:06:26 INFO  Progress (3): 3.6/12 MB | 1.6/2.6 MB | 1.0/1.9 MB
2026.05.31 17:06:26 INFO  Progress (3): 3.6/12 MB | 1.6/2.6 MB | 1.0/1.9 MB
2026.05.31 17:06:26 INFO  Progress (3): 3.6/12 MB | 1.6/2.6 MB | 1.0/1.9 MB
2026.05.31 17:06:26 INFO  Progress (3): 3.6/12 MB | 1.6/2.6 MB | 1.0/1.9 MB
2026.05.31 17:06:26 INFO  Progress (3): 3.6/12 MB | 1.6/2.6 MB | 1.0/1.9 MB
2026.05.31 17:06:26 INFO  Progress (3): 3.6/12 MB | 1.6/2.6 MB | 1.0/1.9 MB
2026.05.31 17:06:26 INFO  Progress (3): 3.6/12 MB | 1.6/2.6 MB | 1.0/1.9 MB
2026.05.31 17:06:26 INFO  Progress (3): 3.6/12 MB | 1.6/2.6 MB | 1.0/1.9 MB
2026.05.31 17:06:26 INFO  Progress (3): 3.7/12 MB | 1.6/2.6 MB | 1.0/1.9 MB
2026.05.31 17:06:26 INFO  Progress (3): 3.7/12 MB | 1.6/2.6 MB | 1.1/1.9 MB
2026.05.31 17:06:26 INFO  Progress (3): 3.7/12 MB | 1.6/2.6 MB | 1.1/1.9 MB
2026.05.31 17:06:26 INFO  Progress (3): 3.7/12 MB | 1.6/2.6 MB | 1.1/1.9 MB
2026.05.31 17:06:26 INFO  Progress (3): 3.7/12 MB | 1.6/2.6 MB | 1.1/1.9 MB
2026.05.31 17:06:26 INFO  Progress (3): 3.7/12 MB | 1.6/2.6 MB | 1.1/1.9 MB
2026.05.31 17:06:26 INFO  Progress (3): 3.7/12 MB | 1.7/2.6 MB | 1.1/1.9 MB
2026.05.31 17:06:26 INFO  Progress (3): 3.7/12 MB | 1.7/2.6 MB | 1.1/1.9 MB
2026.05.31 17:06:26 INFO  Progress (3): 3.7/12 MB | 1.7/2.6 MB | 1.1/1.9 MB
2026.05.31 17:06:26 INFO  Progress (3): 3.7/12 MB | 1.7/2.6 MB | 1.1/1.9 MB
2026.05.31 17:06:26 INFO  Progress (3): 3.7/12 MB | 1.7/2.6 MB | 1.1/1.9 MB
2026.05.31 17:06:26 INFO  Progress (3): 3.7/12 MB | 1.7/2.6 MB | 1.1/1.9 MB
2026.05.31 17:06:26 INFO  Progress (3): 3.7/12 MB | 1.7/2.6 MB | 1.1/1.9 MB
2026.05.31 17:06:26 INFO  Progress (3): 3.7/12 MB | 1.7/2.6 MB | 1.1/1.9 MB
2026.05.31 17:06:26 INFO  Progress (3): 3.7/12 MB | 1.7/2.6 MB | 1.1/1.9 MB
2026.05.31 17:06:26 INFO  Progress (3): 3.7/12 MB | 1.7/2.6 MB | 1.1/1.9 MB
2026.05.31 17:06:26 INFO  Progress (3): 3.7/12 MB | 1.8/2.6 MB | 1.1/1.9 MB
2026.05.31 17:06:26 INFO  Progress (3): 3.7/12 MB | 1.8/2.6 MB | 1.2/1.9 MB
2026.05.31 17:06:26 INFO  Progress (3): 3.7/12 MB | 1.8/2.6 MB | 1.2/1.9 MB
2026.05.31 17:06:26 INFO  Progress (3): 3.7/12 MB | 1.8/2.6 MB | 1.2/1.9 MB
2026.05.31 17:06:26 INFO  Progress (3): 3.7/12 MB | 1.8/2.6 MB | 1.2/1.9 MB
2026.05.31 17:06:26 INFO  Progress (3): 3.7/12 MB | 1.8/2.6 MB | 1.2/1.9 MB
2026.05.31 17:06:26 INFO  Progress (3): 3.7/12 MB | 1.8/2.6 MB | 1.2/1.9 MB
2026.05.31 17:06:26 INFO  Progress (3): 3.7/12 MB | 1.8/2.6 MB | 1.2/1.9 MB
2026.05.31 17:06:26 INFO  Progress (3): 3.7/12 MB | 1.8/2.6 MB | 1.3/1.9 MB
2026.05.31 17:06:26 INFO  Progress (3): 3.7/12 MB | 1.8/2.6 MB | 1.3/1.9 MB
2026.05.31 17:06:26 INFO  Progress (3): 3.7/12 MB | 1.8/2.6 MB | 1.3/1.9 MB
2026.05.31 17:06:26 INFO  Progress (3): 3.7/12 MB | 1.8/2.6 MB | 1.3/1.9 MB
2026.05.31 17:06:26 INFO  Progress (3): 3.7/12 MB | 1.8/2.6 MB | 1.3/1.9 MB
2026.05.31 17:06:26 INFO  Progress (3): 3.7/12 MB | 1.8/2.6 MB | 1.3/1.9 MB
2026.05.31 17:06:26 INFO  Progress (3): 3.7/12 MB | 1.8/2.6 MB | 1.4/1.9 MB
2026.05.31 17:06:26 INFO  Progress (3): 3.7/12 MB | 1.8/2.6 MB | 1.4/1.9 MB
2026.05.31 17:06:26 INFO  Progress (3): 3.7/12 MB | 1.8/2.6 MB | 1.4/1.9 MB
2026.05.31 17:06:26 INFO  Progress (3): 3.7/12 MB | 1.8/2.6 MB | 1.4/1.9 MB
2026.05.31 17:06:26 INFO  Progress (3): 3.7/12 MB | 1.8/2.6 MB | 1.4/1.9 MB
2026.05.31 17:06:26 INFO  Progress (3): 3.7/12 MB | 1.8/2.6 MB | 1.4/1.9 MB
2026.05.31 17:06:26 INFO  Progress (3): 3.7/12 MB | 1.8/2.6 MB | 1.4/1.9 MB
2026.05.31 17:06:26 INFO  Progress (3): 3.7/12 MB | 1.8/2.6 MB | 1.4/1.9 MB
2026.05.31 17:06:26 INFO  Progress (3): 3.8/12 MB | 1.8/2.6 MB | 1.4/1.9 MB
2026.05.31 17:06:26 INFO  Progress (3): 3.8/12 MB | 1.8/2.6 MB | 1.4/1.9 MB
2026.05.31 17:06:26 INFO  Progress (3): 3.8/12 MB | 1.8/2.6 MB | 1.4/1.9 MB
2026.05.31 17:06:26 INFO  Progress (3): 3.8/12 MB | 1.8/2.6 MB | 1.4/1.9 MB
2026.05.31 17:06:26 INFO  Progress (3): 3.8/12 MB | 1.8/2.6 MB | 1.4/1.9 MB
2026.05.31 17:06:26 INFO  Progress (3): 3.8/12 MB | 1.8/2.6 MB | 1.4/1.9 MB
2026.05.31 17:06:26 INFO  Progress (3): 3.8/12 MB | 1.8/2.6 MB | 1.4/1.9 MB
2026.05.31 17:06:26 INFO  Progress (3): 3.8/12 MB | 1.8/2.6 MB | 1.4/1.9 MB
2026.05.31 17:06:26 INFO  Progress (3): 3.8/12 MB | 1.8/2.6 MB | 1.4/1.9 MB
2026.05.31 17:06:26 INFO  Progress (3): 3.9/12 MB | 1.8/2.6 MB | 1.4/1.9 MB
2026.05.31 17:06:26 INFO  Progress (3): 3.9/12 MB | 1.8/2.6 MB | 1.4/1.9 MB
2026.05.31 17:06:26 INFO  Progress (3): 3.9/12 MB | 1.8/2.6 MB | 1.4/1.9 MB
2026.05.31 17:06:26 INFO  Progress (3): 3.9/12 MB | 1.8/2.6 MB | 1.4/1.9 MB
2026.05.31 17:06:26 INFO  Progress (3): 3.9/12 MB | 1.8/2.6 MB | 1.4/1.9 MB
2026.05.31 17:06:26 INFO  Progress (3): 3.9/12 MB | 1.8/2.6 MB | 1.4/1.9 MB
2026.05.31 17:06:26 INFO  Progress (3): 3.9/12 MB | 1.8/2.6 MB | 1.4/1.9 MB
2026.05.31 17:06:26 INFO  Progress (3): 3.9/12 MB | 1.8/2.6 MB | 1.4/1.9 MB
2026.05.31 17:06:26 INFO  Progress (3): 3.9/12 MB | 1.9/2.6 MB | 1.4/1.9 MB
2026.05.31 17:06:26 INFO  Progress (3): 3.9/12 MB | 1.9/2.6 MB | 1.4/1.9 MB
2026.05.31 17:06:26 INFO  Progress (3): 4.0/12 MB | 1.9/2.6 MB | 1.4/1.9 MB
2026.05.31 17:06:26 INFO  Progress (3): 4.0/12 MB | 1.9/2.6 MB | 1.4/1.9 MB
2026.05.31 17:06:26 INFO  Progress (3): 4.0/12 MB | 1.9/2.6 MB | 1.4/1.9 MB
2026.05.31 17:06:26 INFO  Progress (3): 4.0/12 MB | 1.9/2.6 MB | 1.4/1.9 MB
2026.05.31 17:06:26 INFO  Progress (4): 4.0/12 MB | 1.9/2.6 MB | 1.4/1.9 MB | 0/1.4 MB
2026.05.31 17:06:26 INFO  Progress (4): 4.0/12 MB | 1.9/2.6 MB | 1.4/1.9 MB | 0/1.4 MB
2026.05.31 17:06:26 INFO  Progress (4): 4.0/12 MB | 1.9/2.6 MB | 1.4/1.9 MB | 0/1.4 MB
2026.05.31 17:06:26 INFO  Progress (4): 4.0/12 MB | 1.9/2.6 MB | 1.4/1.9 MB | 0/1.4 MB
2026.05.31 17:06:26 INFO  Progress (4): 4.0/12 MB | 1.9/2.6 MB | 1.4/1.9 MB | 0/1.4 MB
2026.05.31 17:06:26 INFO  Progress (4): 4.0/12 MB | 1.9/2.6 MB | 1.4/1.9 MB | 0/1.4 MB
2026.05.31 17:06:26 INFO  Progress (4): 4.0/12 MB | 1.9/2.6 MB | 1.4/1.9 MB | 0/1.4 MB
2026.05.31 17:06:26 INFO  Progress (4): 4.0/12 MB | 1.9/2.6 MB | 1.4/1.9 MB | 0.1/1.4 MB
2026.05.31 17:06:26 INFO  Progress (4): 4.0/12 MB | 1.9/2.6 MB | 1.4/1.9 MB | 0.1/1.4 MB
2026.05.31 17:06:26 INFO  Progress (4): 4.0/12 MB | 1.9/2.6 MB | 1.4/1.9 MB | 0.1/1.4 MB
2026.05.31 17:06:26 INFO  Progress (4): 4.1/12 MB | 1.9/2.6 MB | 1.4/1.9 MB | 0.1/1.4 MB
2026.05.31 17:06:26 INFO  Progress (4): 4.1/12 MB | 1.9/2.6 MB | 1.4/1.9 MB | 0.1/1.4 MB
2026.05.31 17:06:26 INFO  Progress (4): 4.1/12 MB | 1.9/2.6 MB | 1.4/1.9 MB | 0.1/1.4 MB
2026.05.31 17:06:26 INFO  Progress (4): 4.1/12 MB | 1.9/2.6 MB | 1.4/1.9 MB | 0.1/1.4 MB
2026.05.31 17:06:26 INFO  Progress (4): 4.1/12 MB | 1.9/2.6 MB | 1.4/1.9 MB | 0.1/1.4 MB
2026.05.31 17:06:26 INFO  Progress (4): 4.1/12 MB | 1.9/2.6 MB | 1.4/1.9 MB | 0.1/1.4 MB
2026.05.31 17:06:26 INFO  Progress (4): 4.1/12 MB | 1.9/2.6 MB | 1.4/1.9 MB | 0.1/1.4 MB
2026.05.31 17:06:26 INFO  Progress (4): 4.1/12 MB | 1.9/2.6 MB | 1.4/1.9 MB | 0.1/1.4 MB
2026.05.31 17:06:26 INFO  Progress (4): 4.1/12 MB | 1.9/2.6 MB | 1.4/1.9 MB | 0.1/1.4 MB
2026.05.31 17:06:26 INFO  Progress (4): 4.1/12 MB | 1.9/2.6 MB | 1.4/1.9 MB | 0.2/1.4 MB
2026.05.31 17:06:26 INFO  Progress (4): 4.1/12 MB | 1.9/2.6 MB | 1.4/1.9 MB | 0.2/1.4 MB
2026.05.31 17:06:26 INFO  Progress (4): 4.1/12 MB | 1.9/2.6 MB | 1.5/1.9 MB | 0.2/1.4 MB
2026.05.31 17:06:26 INFO  Progress (4): 4.1/12 MB | 1.9/2.6 MB | 1.5/1.9 MB | 0.2/1.4 MB
2026.05.31 17:06:26 INFO  Progress (4): 4.1/12 MB | 1.9/2.6 MB | 1.5/1.9 MB | 0.2/1.4 MB
2026.05.31 17:06:26 INFO  Progress (4): 4.1/12 MB | 1.9/2.6 MB | 1.5/1.9 MB | 0.2/1.4 MB
2026.05.31 17:06:26 INFO  Progress (4): 4.1/12 MB | 1.9/2.6 MB | 1.5/1.9 MB | 0.2/1.4 MB
2026.05.31 17:06:26 INFO  Progress (4): 4.1/12 MB | 1.9/2.6 MB | 1.5/1.9 MB | 0.2/1.4 MB
2026.05.31 17:06:26 INFO  Progress (4): 4.1/12 MB | 1.9/2.6 MB | 1.5/1.9 MB | 0.2/1.4 MB
2026.05.31 17:06:26 INFO  Progress (4): 4.2/12 MB | 1.9/2.6 MB | 1.5/1.9 MB | 0.2/1.4 MB
2026.05.31 17:06:26 INFO  Progress (4): 4.2/12 MB | 1.9/2.6 MB | 1.5/1.9 MB | 0.2/1.4 MB
2026.05.31 17:06:26 INFO  Progress (4): 4.2/12 MB | 1.9/2.6 MB | 1.5/1.9 MB | 0.2/1.4 MB
2026.05.31 17:06:26 INFO  Progress (4): 4.2/12 MB | 1.9/2.6 MB | 1.5/1.9 MB | 0.2/1.4 MB
2026.05.31 17:06:26 INFO  Progress (4): 4.2/12 MB | 1.9/2.6 MB | 1.6/1.9 MB | 0.2/1.4 MB
2026.05.31 17:06:26 INFO  Progress (4): 4.2/12 MB | 1.9/2.6 MB | 1.6/1.9 MB | 0.2/1.4 MB
2026.05.31 17:06:26 INFO  Progress (4): 4.2/12 MB | 1.9/2.6 MB | 1.6/1.9 MB | 0.2/1.4 MB
2026.05.31 17:06:26 INFO  Progress (4): 4.2/12 MB | 1.9/2.6 MB | 1.6/1.9 MB | 0.2/1.4 MB
2026.05.31 17:06:26 INFO  Progress (4): 4.2/12 MB | 1.9/2.6 MB | 1.6/1.9 MB | 0.2/1.4 MB
2026.05.31 17:06:26 INFO  Progress (4): 4.2/12 MB | 1.9/2.6 MB | 1.6/1.9 MB | 0.2/1.4 MB
2026.05.31 17:06:26 INFO  Progress (4): 4.2/12 MB | 1.9/2.6 MB | 1.6/1.9 MB | 0.2/1.4 MB
2026.05.31 17:06:26 INFO  Progress (4): 4.2/12 MB | 1.9/2.6 MB | 1.6/1.9 MB | 0.2/1.4 MB
2026.05.31 17:06:26 INFO  Progress (4): 4.2/12 MB | 1.9/2.6 MB | 1.6/1.9 MB | 0.2/1.4 MB
2026.05.31 17:06:26 INFO  Progress (4): 4.2/12 MB | 1.9/2.6 MB | 1.6/1.9 MB | 0.2/1.4 MB
2026.05.31 17:06:26 INFO  Progress (4): 4.2/12 MB | 2.0/2.6 MB | 1.6/1.9 MB | 0.2/1.4 MB
2026.05.31 17:06:26 INFO  Progress (4): 4.2/12 MB | 2.0/2.6 MB | 1.6/1.9 MB | 0.2/1.4 MB
2026.05.31 17:06:26 INFO  Progress (4): 4.2/12 MB | 2.0/2.6 MB | 1.6/1.9 MB | 0.2/1.4 MB
2026.05.31 17:06:26 INFO  Progress (4): 4.2/12 MB | 2.0/2.6 MB | 1.6/1.9 MB | 0.2/1.4 MB
2026.05.31 17:06:26 INFO  Progress (4): 4.2/12 MB | 2.0/2.6 MB | 1.6/1.9 MB | 0.2/1.4 MB
2026.05.31 17:06:26 INFO  Progress (4): 4.2/12 MB | 2.0/2.6 MB | 1.6/1.9 MB | 0.2/1.4 MB
2026.05.31 17:06:26 INFO  Progress (4): 4.2/12 MB | 2.0/2.6 MB | 1.6/1.9 MB | 0.3/1.4 MB
2026.05.31 17:06:26 INFO  Progress (4): 4.2/12 MB | 2.0/2.6 MB | 1.7/1.9 MB | 0.3/1.4 MB
2026.05.31 17:06:26 INFO  Progress (4): 4.3/12 MB | 2.0/2.6 MB | 1.7/1.9 MB | 0.3/1.4 MB
2026.05.31 17:06:26 INFO  Progress (4): 4.3/12 MB | 2.0/2.6 MB | 1.7/1.9 MB | 0.3/1.4 MB
2026.05.31 17:06:26 INFO  Progress (4): 4.3/12 MB | 2.0/2.6 MB | 1.7/1.9 MB | 0.3/1.4 MB
2026.05.31 17:06:26 INFO  Progress (4): 4.3/12 MB | 2.0/2.6 MB | 1.7/1.9 MB | 0.3/1.4 MB
2026.05.31 17:06:26 INFO  Progress (4): 4.3/12 MB | 2.0/2.6 MB | 1.7/1.9 MB | 0.3/1.4 MB
2026.05.31 17:06:26 INFO  Progress (4): 4.3/12 MB | 2.0/2.6 MB | 1.7/1.9 MB | 0.3/1.4 MB
2026.05.31 17:06:26 INFO  Progress (4): 4.3/12 MB | 2.0/2.6 MB | 1.7/1.9 MB | 0.3/1.4 MB
2026.05.31 17:06:26 INFO  Progress (4): 4.3/12 MB | 2.0/2.6 MB | 1.8/1.9 MB | 0.3/1.4 MB
2026.05.31 17:06:26 INFO  Progress (4): 4.3/12 MB | 2.0/2.6 MB | 1.8/1.9 MB | 0.3/1.4 MB
2026.05.31 17:06:26 INFO  Progress (4): 4.3/12 MB | 2.0/2.6 MB | 1.8/1.9 MB | 0.3/1.4 MB
2026.05.31 17:06:26 INFO  Progress (4): 4.3/12 MB | 2.0/2.6 MB | 1.8/1.9 MB | 0.3/1.4 MB
2026.05.31 17:06:26 INFO  Progress (4): 4.3/12 MB | 2.0/2.6 MB | 1.8/1.9 MB | 0.3/1.4 MB
2026.05.31 17:06:26 INFO  Progress (4): 4.3/12 MB | 2.0/2.6 MB | 1.8/1.9 MB | 0.3/1.4 MB
2026.05.31 17:06:26 INFO  Progress (4): 4.3/12 MB | 2.0/2.6 MB | 1.8/1.9 MB | 0.3/1.4 MB
2026.05.31 17:06:26 INFO  Progress (4): 4.3/12 MB | 2.0/2.6 MB | 1.8/1.9 MB | 0.3/1.4 MB
2026.05.31 17:06:26 INFO  Progress (4): 4.3/12 MB | 2.0/2.6 MB | 1.8/1.9 MB | 0.3/1.4 MB
2026.05.31 17:06:26 INFO  Progress (4): 4.3/12 MB | 2.0/2.6 MB | 1.8/1.9 MB | 0.3/1.4 MB
2026.05.31 17:06:26 INFO  Progress (4): 4.3/12 MB | 2.0/2.6 MB | 1.8/1.9 MB | 0.3/1.4 MB
2026.05.31 17:06:26 INFO  Progress (4): 4.3/12 MB | 2.0/2.6 MB | 1.9/1.9 MB | 0.3/1.4 MB
2026.05.31 17:06:26 INFO  Progress (4): 4.3/12 MB | 2.0/2.6 MB | 1.9/1.9 MB | 0.3/1.4 MB
2026.05.31 17:06:26 INFO  Progress (4): 4.3/12 MB | 2.0/2.6 MB | 1.9/1.9 MB | 0.3/1.4 MB
2026.05.31 17:06:26 INFO  Progress (4): 4.3/12 MB | 2.0/2.6 MB | 1.9 MB | 0.3/1.4 MB    
2026.05.31 17:06:26 INFO  Progress (4): 4.3/12 MB | 2.0/2.6 MB | 1.9 MB | 0.3/1.4 MB
2026.05.31 17:06:26 INFO  Progress (4): 4.3/12 MB | 2.0/2.6 MB | 1.9 MB | 0.3/1.4 MB
2026.05.31 17:06:26 INFO  Progress (4): 4.3/12 MB | 2.0/2.6 MB | 1.9 MB | 0.3/1.4 MB
2026.05.31 17:06:26 INFO  Progress (4): 4.3/12 MB | 2.0/2.6 MB | 1.9 MB | 0.3/1.4 MB
2026.05.31 17:06:26 INFO  Progress (4): 4.3/12 MB | 2.0/2.6 MB | 1.9 MB | 0.3/1.4 MB
2026.05.31 17:06:26 INFO  Progress (4): 4.3/12 MB | 2.0/2.6 MB | 1.9 MB | 0.3/1.4 MB
2026.05.31 17:06:26 INFO  Progress (4): 4.4/12 MB | 2.0/2.6 MB | 1.9 MB | 0.3/1.4 MB
2026.05.31 17:06:26 INFO  Progress (4): 4.4/12 MB | 2.0/2.6 MB | 1.9 MB | 0.3/1.4 MB
2026.05.31 17:06:26 INFO  Progress (4): 4.4/12 MB | 2.0/2.6 MB | 1.9 MB | 0.3/1.4 MB
2026.05.31 17:06:26 INFO  Progress (5): 4.4/12 MB | 2.0/2.6 MB | 1.9 MB | 0.3/1.4 MB | 7.7/463 kB
2026.05.31 17:06:26 INFO  Progress (5): 4.4/12 MB | 2.0/2.6 MB | 1.9 MB | 0.3/1.4 MB | 16/463 kB 
2026.05.31 17:06:26 INFO  Progress (5): 4.4/12 MB | 2.0/2.6 MB | 1.9 MB | 0.3/1.4 MB | 25/463 kB
2026.05.31 17:06:26 INFO  Progress (5): 4.4/12 MB | 2.0/2.6 MB | 1.9 MB | 0.3/1.4 MB | 25/463 kB
2026.05.31 17:06:26 INFO  Progress (5): 4.4/12 MB | 2.0/2.6 MB | 1.9 MB | 0.4/1.4 MB | 25/463 kB
2026.05.31 17:06:26 INFO  Progress (5): 4.4/12 MB | 2.0/2.6 MB | 1.9 MB | 0.4/1.4 MB | 25/463 kB
2026.05.31 17:06:26 INFO  Progress (5): 4.4/12 MB | 2.1/2.6 MB | 1.9 MB | 0.4/1.4 MB | 25/463 kB
2026.05.31 17:06:26 INFO  Progress (5): 4.4/12 MB | 2.1/2.6 MB | 1.9 MB | 0.4/1.4 MB | 25/463 kB
2026.05.31 17:06:26 INFO  Progress (5): 4.4/12 MB | 2.1/2.6 MB | 1.9 MB | 0.4/1.4 MB | 41/463 kB
2026.05.31 17:06:26 INFO  Progress (5): 4.4/12 MB | 2.1/2.6 MB | 1.9 MB | 0.4/1.4 MB | 57/463 kB
2026.05.31 17:06:26 INFO  Progress (5): 4.4/12 MB | 2.1/2.6 MB | 1.9 MB | 0.4/1.4 MB | 74/463 kB
2026.05.31 17:06:26 INFO  Progress (5): 4.4/12 MB | 2.1/2.6 MB | 1.9 MB | 0.4/1.4 MB | 90/463 kB
2026.05.31 17:06:26 INFO  Progress (5): 4.4/12 MB | 2.1/2.6 MB | 1.9 MB | 0.4/1.4 MB | 90/463 kB
2026.05.31 17:06:26 INFO  Progress (5): 4.4/12 MB | 2.1/2.6 MB | 1.9 MB | 0.4/1.4 MB | 90/463 kB
2026.05.31 17:06:26 INFO  Progress (5): 4.4/12 MB | 2.1/2.6 MB | 1.9 MB | 0.4/1.4 MB | 90/463 kB
2026.05.31 17:06:26 INFO  Progress (5): 4.5/12 MB | 2.1/2.6 MB | 1.9 MB | 0.4/1.4 MB | 90/463 kB
2026.05.31 17:06:26 INFO  Progress (5): 4.5/12 MB | 2.1/2.6 MB | 1.9 MB | 0.4/1.4 MB | 90/463 kB
2026.05.31 17:06:26 INFO  Progress (5): 4.5/12 MB | 2.1/2.6 MB | 1.9 MB | 0.4/1.4 MB | 90/463 kB
2026.05.31 17:06:26 INFO  Progress (5): 4.5/12 MB | 2.1/2.6 MB | 1.9 MB | 0.4/1.4 MB | 106/463 kB
2026.05.31 17:06:26 INFO  Progress (5): 4.5/12 MB | 2.1/2.6 MB | 1.9 MB | 0.4/1.4 MB | 106/463 kB
2026.05.31 17:06:26 INFO  Progress (5): 4.5/12 MB | 2.1/2.6 MB | 1.9 MB | 0.4/1.4 MB | 123/463 kB
2026.05.31 17:06:26 INFO  Progress (5): 4.5/12 MB | 2.1/2.6 MB | 1.9 MB | 0.4/1.4 MB | 123/463 kB
2026.05.31 17:06:26 INFO  Progress (5): 4.5/12 MB | 2.1/2.6 MB | 1.9 MB | 0.4/1.4 MB | 123/463 kB
2026.05.31 17:06:26 INFO  Progress (5): 4.5/12 MB | 2.1/2.6 MB | 1.9 MB | 0.4/1.4 MB | 123/463 kB
2026.05.31 17:06:26 INFO  Progress (5): 4.5/12 MB | 2.1/2.6 MB | 1.9 MB | 0.4/1.4 MB | 123/463 kB
2026.05.31 17:06:26 INFO  Progress (5): 4.5/12 MB | 2.1/2.6 MB | 1.9 MB | 0.4/1.4 MB | 123/463 kB
2026.05.31 17:06:26 INFO  Progress (5): 4.5/12 MB | 2.1/2.6 MB | 1.9 MB | 0.4/1.4 MB | 139/463 kB
2026.05.31 17:06:26 INFO  Progress (5): 4.5/12 MB | 2.1/2.6 MB | 1.9 MB | 0.4/1.4 MB | 139/463 kB
2026.05.31 17:06:26 INFO  Progress (5): 4.6/12 MB | 2.1/2.6 MB | 1.9 MB | 0.4/1.4 MB | 139/463 kB
2026.05.31 17:06:26 INFO                                                                         
2026.05.31 17:06:26 INFO  Downloaded from central: https://repo.maven.apache.org/maven2/net/java/dev/jna/jna/5.12.0/jna-5.12.0.jar (1.9 MB at 2.0 MB/s)
2026.05.31 17:06:26 INFO  Downloading from central: https://repo.maven.apache.org/maven2/org/scala-sbt/collections_2.13/1.8.0/collections_2.13-1.8.0.jar
2026.05.31 17:06:26 INFO  Progress (4): 4.6/12 MB | 2.1/2.6 MB | 0.4/1.4 MB | 139/463 kB
2026.05.31 17:06:26 INFO  Progress (4): 4.6/12 MB | 2.1/2.6 MB | 0.4/1.4 MB | 156/463 kB
2026.05.31 17:06:26 INFO  Progress (4): 4.6/12 MB | 2.1/2.6 MB | 0.4/1.4 MB | 156/463 kB
2026.05.31 17:06:26 INFO  Progress (4): 4.6/12 MB | 2.1/2.6 MB | 0.4/1.4 MB | 156/463 kB
2026.05.31 17:06:26 INFO  Progress (4): 4.6/12 MB | 2.1/2.6 MB | 0.4/1.4 MB | 156/463 kB
2026.05.31 17:06:26 INFO  Progress (4): 4.6/12 MB | 2.1/2.6 MB | 0.4/1.4 MB | 156/463 kB
2026.05.31 17:06:26 INFO  Progress (4): 4.6/12 MB | 2.1/2.6 MB | 0.4/1.4 MB | 172/463 kB
2026.05.31 17:06:26 INFO  Progress (4): 4.6/12 MB | 2.1/2.6 MB | 0.4/1.4 MB | 172/463 kB
2026.05.31 17:06:26 INFO  Progress (4): 4.6/12 MB | 2.1/2.6 MB | 0.4/1.4 MB | 172/463 kB
2026.05.31 17:06:26 INFO  Progress (4): 4.6/12 MB | 2.1/2.6 MB | 0.4/1.4 MB | 172/463 kB
2026.05.31 17:06:26 INFO  Progress (4): 4.7/12 MB | 2.1/2.6 MB | 0.4/1.4 MB | 172/463 kB
2026.05.31 17:06:26 INFO  Progress (4): 4.7/12 MB | 2.1/2.6 MB | 0.4/1.4 MB | 172/463 kB
2026.05.31 17:06:26 INFO  Progress (4): 4.7/12 MB | 2.1/2.6 MB | 0.4/1.4 MB | 172/463 kB
2026.05.31 17:06:26 INFO  Progress (4): 4.7/12 MB | 2.1/2.6 MB | 0.4/1.4 MB | 188/463 kB
2026.05.31 17:06:26 INFO  Progress (4): 4.7/12 MB | 2.1/2.6 MB | 0.4/1.4 MB | 188/463 kB
2026.05.31 17:06:26 INFO  Progress (4): 4.7/12 MB | 2.1/2.6 MB | 0.4/1.4 MB | 188/463 kB
2026.05.31 17:06:26 INFO  Progress (4): 4.7/12 MB | 2.1/2.6 MB | 0.4/1.4 MB | 188/463 kB
2026.05.31 17:06:26 INFO  Progress (4): 4.7/12 MB | 2.1/2.6 MB | 0.4/1.4 MB | 188/463 kB
2026.05.31 17:06:26 INFO  Progress (4): 4.7/12 MB | 2.1/2.6 MB | 0.5/1.4 MB | 188/463 kB
2026.05.31 17:06:26 INFO  Progress (4): 4.7/12 MB | 2.2/2.6 MB | 0.5/1.4 MB | 188/463 kB
2026.05.31 17:06:26 INFO  Progress (4): 4.7/12 MB | 2.2/2.6 MB | 0.5/1.4 MB | 188/463 kB
2026.05.31 17:06:26 INFO  Progress (4): 4.7/12 MB | 2.2/2.6 MB | 0.5/1.4 MB | 188/463 kB
2026.05.31 17:06:26 INFO  Progress (4): 4.7/12 MB | 2.2/2.6 MB | 0.5/1.4 MB | 188/463 kB
2026.05.31 17:06:26 INFO  Progress (4): 4.7/12 MB | 2.2/2.6 MB | 0.5/1.4 MB | 188/463 kB
2026.05.31 17:06:26 INFO  Progress (4): 4.7/12 MB | 2.2/2.6 MB | 0.5/1.4 MB | 188/463 kB
2026.05.31 17:06:26 INFO  Progress (4): 4.7/12 MB | 2.2/2.6 MB | 0.5/1.4 MB | 188/463 kB
2026.05.31 17:06:26 INFO  Progress (4): 4.7/12 MB | 2.2/2.6 MB | 0.5/1.4 MB | 188/463 kB
2026.05.31 17:06:26 INFO  Progress (4): 4.7/12 MB | 2.2/2.6 MB | 0.5/1.4 MB | 205/463 kB
2026.05.31 17:06:26 INFO  Progress (4): 4.7/12 MB | 2.2/2.6 MB | 0.5/1.4 MB | 205/463 kB
2026.05.31 17:06:26 INFO  Progress (4): 4.7/12 MB | 2.2/2.6 MB | 0.5/1.4 MB | 221/463 kB
2026.05.31 17:06:26 INFO  Progress (4): 4.7/12 MB | 2.2/2.6 MB | 0.5/1.4 MB | 221/463 kB
2026.05.31 17:06:26 INFO  Progress (4): 4.7/12 MB | 2.2/2.6 MB | 0.5/1.4 MB | 221/463 kB
2026.05.31 17:06:26 INFO  Progress (4): 4.7/12 MB | 2.3/2.6 MB | 0.5/1.4 MB | 221/463 kB
2026.05.31 17:06:26 INFO  Progress (4): 4.7/12 MB | 2.3/2.6 MB | 0.5/1.4 MB | 221/463 kB
2026.05.31 17:06:26 INFO  Progress (4): 4.7/12 MB | 2.3/2.6 MB | 0.5/1.4 MB | 221/463 kB
2026.05.31 17:06:26 INFO  Progress (4): 4.7/12 MB | 2.3/2.6 MB | 0.5/1.4 MB | 221/463 kB
2026.05.31 17:06:26 INFO  Progress (4): 4.7/12 MB | 2.3/2.6 MB | 0.5/1.4 MB | 221/463 kB
2026.05.31 17:06:26 INFO  Progress (4): 4.7/12 MB | 2.3/2.6 MB | 0.5/1.4 MB | 221/463 kB
2026.05.31 17:06:26 INFO  Progress (4): 4.8/12 MB | 2.3/2.6 MB | 0.5/1.4 MB | 221/463 kB
2026.05.31 17:06:26 INFO  Progress (4): 4.8/12 MB | 2.3/2.6 MB | 0.5/1.4 MB | 221/463 kB
2026.05.31 17:06:26 INFO  Progress (4): 4.8/12 MB | 2.3/2.6 MB | 0.5/1.4 MB | 221/463 kB
2026.05.31 17:06:26 INFO  Progress (4): 4.8/12 MB | 2.3/2.6 MB | 0.6/1.4 MB | 221/463 kB
2026.05.31 17:06:26 INFO  Progress (4): 4.8/12 MB | 2.3/2.6 MB | 0.6/1.4 MB | 221/463 kB
2026.05.31 17:06:26 INFO  Progress (4): 4.8/12 MB | 2.3/2.6 MB | 0.6/1.4 MB | 221/463 kB
2026.05.31 17:06:26 INFO  Progress (4): 4.8/12 MB | 2.3/2.6 MB | 0.6/1.4 MB | 238/463 kB
2026.05.31 17:06:26 INFO  Progress (4): 4.8/12 MB | 2.3/2.6 MB | 0.6/1.4 MB | 238/463 kB
2026.05.31 17:06:26 INFO  Progress (4): 4.8/12 MB | 2.3/2.6 MB | 0.6/1.4 MB | 254/463 kB
2026.05.31 17:06:26 INFO  Progress (4): 4.8/12 MB | 2.4/2.6 MB | 0.6/1.4 MB | 254/463 kB
2026.05.31 17:06:26 INFO  Progress (4): 4.8/12 MB | 2.4/2.6 MB | 0.6/1.4 MB | 254/463 kB
2026.05.31 17:06:26 INFO  Progress (4): 4.8/12 MB | 2.4/2.6 MB | 0.6/1.4 MB | 254/463 kB
2026.05.31 17:06:26 INFO  Progress (4): 4.8/12 MB | 2.4/2.6 MB | 0.6/1.4 MB | 254/463 kB
2026.05.31 17:06:26 INFO  Progress (4): 4.8/12 MB | 2.4/2.6 MB | 0.6/1.4 MB | 254/463 kB
2026.05.31 17:06:26 INFO  Progress (4): 4.8/12 MB | 2.4/2.6 MB | 0.6/1.4 MB | 254/463 kB
2026.05.31 17:06:26 INFO  Progress (4): 4.9/12 MB | 2.4/2.6 MB | 0.6/1.4 MB | 254/463 kB
2026.05.31 17:06:26 INFO  Progress (4): 4.9/12 MB | 2.4/2.6 MB | 0.6/1.4 MB | 254/463 kB
2026.05.31 17:06:26 INFO  Progress (4): 4.9/12 MB | 2.4/2.6 MB | 0.6/1.4 MB | 254/463 kB
2026.05.31 17:06:26 INFO  Progress (4): 4.9/12 MB | 2.4/2.6 MB | 0.6/1.4 MB | 254/463 kB
2026.05.31 17:06:26 INFO  Progress (4): 4.9/12 MB | 2.4/2.6 MB | 0.6/1.4 MB | 254/463 kB
2026.05.31 17:06:26 INFO  Progress (4): 4.9/12 MB | 2.4/2.6 MB | 0.6/1.4 MB | 254/463 kB
2026.05.31 17:06:26 INFO  Progress (4): 4.9/12 MB | 2.4/2.6 MB | 0.6/1.4 MB | 254/463 kB
2026.05.31 17:06:26 INFO  Progress (4): 4.9/12 MB | 2.4/2.6 MB | 0.6/1.4 MB | 254/463 kB
2026.05.31 17:06:26 INFO  Progress (4): 4.9/12 MB | 2.4/2.6 MB | 0.6/1.4 MB | 254/463 kB
2026.05.31 17:06:26 INFO  Progress (4): 4.9/12 MB | 2.4/2.6 MB | 0.6/1.4 MB | 254/463 kB
2026.05.31 17:06:26 INFO  Progress (4): 5.0/12 MB | 2.4/2.6 MB | 0.6/1.4 MB | 254/463 kB
2026.05.31 17:06:26 INFO  Progress (4): 5.0/12 MB | 2.4/2.6 MB | 0.6/1.4 MB | 254/463 kB
2026.05.31 17:06:26 INFO  Progress (4): 5.0/12 MB | 2.5/2.6 MB | 0.6/1.4 MB | 254/463 kB
2026.05.31 17:06:26 INFO  Progress (4): 5.0/12 MB | 2.5/2.6 MB | 0.6/1.4 MB | 254/463 kB
2026.05.31 17:06:26 INFO  Progress (4): 5.0/12 MB | 2.5/2.6 MB | 0.6/1.4 MB | 254/463 kB
2026.05.31 17:06:26 INFO  Progress (4): 5.0/12 MB | 2.5/2.6 MB | 0.6/1.4 MB | 270/463 kB
2026.05.31 17:06:26 INFO  Progress (4): 5.0/12 MB | 2.5/2.6 MB | 0.6/1.4 MB | 270/463 kB
2026.05.31 17:06:26 INFO  Progress (4): 5.0/12 MB | 2.5/2.6 MB | 0.6/1.4 MB | 270/463 kB
2026.05.31 17:06:26 INFO  Progress (4): 5.0/12 MB | 2.5/2.6 MB | 0.6/1.4 MB | 270/463 kB
2026.05.31 17:06:26 INFO  Progress (4): 5.0/12 MB | 2.5/2.6 MB | 0.6/1.4 MB | 270/463 kB
2026.05.31 17:06:26 INFO  Progress (4): 5.1/12 MB | 2.5/2.6 MB | 0.6/1.4 MB | 270/463 kB
2026.05.31 17:06:26 INFO  Progress (4): 5.1/12 MB | 2.5/2.6 MB | 0.6/1.4 MB | 287/463 kB
2026.05.31 17:06:26 INFO  Progress (4): 5.1/12 MB | 2.5/2.6 MB | 0.6/1.4 MB | 287/463 kB
2026.05.31 17:06:26 INFO  Progress (4): 5.1/12 MB | 2.5/2.6 MB | 0.6/1.4 MB | 303/463 kB
2026.05.31 17:06:26 INFO  Progress (4): 5.1/12 MB | 2.5/2.6 MB | 0.6/1.4 MB | 303/463 kB
2026.05.31 17:06:26 INFO  Progress (4): 5.1/12 MB | 2.5/2.6 MB | 0.6/1.4 MB | 303/463 kB
2026.05.31 17:06:26 INFO  Progress (4): 5.1/12 MB | 2.5/2.6 MB | 0.6/1.4 MB | 319/463 kB
2026.05.31 17:06:26 INFO  Progress (4): 5.1/12 MB | 2.5/2.6 MB | 0.6/1.4 MB | 319/463 kB
2026.05.31 17:06:26 INFO  Progress (4): 5.1/12 MB | 2.5/2.6 MB | 0.6/1.4 MB | 319/463 kB
2026.05.31 17:06:26 INFO  Progress (4): 5.1/12 MB | 2.5/2.6 MB | 0.6/1.4 MB | 336/463 kB
2026.05.31 17:06:26 INFO  Progress (4): 5.1/12 MB | 2.5/2.6 MB | 0.6/1.4 MB | 336/463 kB
2026.05.31 17:06:26 INFO  Progress (4): 5.1/12 MB | 2.5/2.6 MB | 0.6/1.4 MB | 336/463 kB
2026.05.31 17:06:26 INFO  Progress (4): 5.1/12 MB | 2.5/2.6 MB | 0.6/1.4 MB | 352/463 kB
2026.05.31 17:06:26 INFO  Progress (4): 5.1/12 MB | 2.5/2.6 MB | 0.6/1.4 MB | 369/463 kB
2026.05.31 17:06:26 INFO  Progress (4): 5.1/12 MB | 2.5/2.6 MB | 0.6/1.4 MB | 369/463 kB
2026.05.31 17:06:26 INFO  Progress (4): 5.1/12 MB | 2.5/2.6 MB | 0.6/1.4 MB | 385/463 kB
2026.05.31 17:06:26 INFO  Progress (4): 5.1/12 MB | 2.5/2.6 MB | 0.6/1.4 MB | 385/463 kB
2026.05.31 17:06:26 INFO  Progress (4): 5.2/12 MB | 2.5/2.6 MB | 0.6/1.4 MB | 385/463 kB
2026.05.31 17:06:26 INFO  Progress (4): 5.2/12 MB | 2.5/2.6 MB | 0.6/1.4 MB | 385/463 kB
2026.05.31 17:06:26 INFO  Progress (4): 5.2/12 MB | 2.5/2.6 MB | 0.6/1.4 MB | 401/463 kB
2026.05.31 17:06:26 INFO  Progress (4): 5.2/12 MB | 2.5/2.6 MB | 0.6/1.4 MB | 401/463 kB
2026.05.31 17:06:26 INFO  Progress (4): 5.2/12 MB | 2.5/2.6 MB | 0.6/1.4 MB | 401/463 kB
2026.05.31 17:06:26 INFO  Progress (4): 5.2/12 MB | 2.5/2.6 MB | 0.6/1.4 MB | 418/463 kB
2026.05.31 17:06:26 INFO  Progress (4): 5.2/12 MB | 2.5/2.6 MB | 0.6/1.4 MB | 418/463 kB
2026.05.31 17:06:26 INFO  Progress (4): 5.2/12 MB | 2.5/2.6 MB | 0.6/1.4 MB | 434/463 kB
2026.05.31 17:06:26 INFO  Progress (4): 5.2/12 MB | 2.5/2.6 MB | 0.6/1.4 MB | 451/463 kB
2026.05.31 17:06:26 INFO  Progress (4): 5.2/12 MB | 2.5/2.6 MB | 0.6/1.4 MB | 451/463 kB
2026.05.31 17:06:26 INFO  Progress (4): 5.2/12 MB | 2.5/2.6 MB | 0.6/1.4 MB | 463 kB    
2026.05.31 17:06:26 INFO  Progress (4): 5.2/12 MB | 2.5/2.6 MB | 0.6/1.4 MB | 463 kB
2026.05.31 17:06:26 INFO  Progress (4): 5.2/12 MB | 2.6/2.6 MB | 0.6/1.4 MB | 463 kB
2026.05.31 17:06:26 INFO  Progress (4): 5.3/12 MB | 2.6/2.6 MB | 0.6/1.4 MB | 463 kB
2026.05.31 17:06:26 INFO  Progress (4): 5.3/12 MB | 2.6/2.6 MB | 0.6/1.4 MB | 463 kB
2026.05.31 17:06:26 INFO  Progress (4): 5.3/12 MB | 2.6/2.6 MB | 0.6/1.4 MB | 463 kB
2026.05.31 17:06:26 INFO  Progress (4): 5.3/12 MB | 2.6/2.6 MB | 0.6/1.4 MB | 463 kB
2026.05.31 17:06:26 INFO  Progress (4): 5.3/12 MB | 2.6/2.6 MB | 0.6/1.4 MB | 463 kB
2026.05.31 17:06:26 INFO  Progress (4): 5.3/12 MB | 2.6/2.6 MB | 0.6/1.4 MB | 463 kB
2026.05.31 17:06:26 INFO  Progress (4): 5.3/12 MB | 2.6/2.6 MB | 0.6/1.4 MB | 463 kB
2026.05.31 17:06:26 INFO  Progress (4): 5.3/12 MB | 2.6/2.6 MB | 0.6/1.4 MB | 463 kB
2026.05.31 17:06:26 INFO  Progress (4): 5.3/12 MB | 2.6/2.6 MB | 0.6/1.4 MB | 463 kB
2026.05.31 17:06:26 INFO  Progress (4): 5.3/12 MB | 2.6/2.6 MB | 0.7/1.4 MB | 463 kB
2026.05.31 17:06:26 INFO  Progress (4): 5.4/12 MB | 2.6/2.6 MB | 0.7/1.4 MB | 463 kB
2026.05.31 17:06:26 INFO  Progress (4): 5.4/12 MB | 2.6/2.6 MB | 0.7/1.4 MB | 463 kB
2026.05.31 17:06:26 INFO  Progress (4): 5.4/12 MB | 2.6/2.6 MB | 0.7/1.4 MB | 463 kB
2026.05.31 17:06:26 INFO  Progress (4): 5.4/12 MB | 2.6/2.6 MB | 0.7/1.4 MB | 463 kB
2026.05.31 17:06:26 INFO  Progress (4): 5.4/12 MB | 2.6/2.6 MB | 0.7/1.4 MB | 463 kB
2026.05.31 17:06:26 INFO  Progress (4): 5.4/12 MB | 2.6/2.6 MB | 0.7/1.4 MB | 463 kB
2026.05.31 17:06:26 INFO  Progress (4): 5.4/12 MB | 2.6 MB | 0.7/1.4 MB | 463 kB    
2026.05.31 17:06:26 INFO  Progress (4): 5.4/12 MB | 2.6 MB | 0.7/1.4 MB | 463 kB
2026.05.31 17:06:26 INFO  Progress (4): 5.4/12 MB | 2.6 MB | 0.7/1.4 MB | 463 kB
2026.05.31 17:06:26 INFO  Progress (4): 5.4/12 MB | 2.6 MB | 0.7/1.4 MB | 463 kB
2026.05.31 17:06:26 INFO  Progress (4): 5.4/12 MB | 2.6 MB | 0.7/1.4 MB | 463 kB
2026.05.31 17:06:26 INFO  Progress (4): 5.4/12 MB | 2.6 MB | 0.8/1.4 MB | 463 kB
2026.05.31 17:06:26 INFO  Progress (4): 5.4/12 MB | 2.6 MB | 0.8/1.4 MB | 463 kB
2026.05.31 17:06:26 INFO                                                        
2026.05.31 17:06:26 INFO  Downloaded from central: https://repo.maven.apache.org/maven2/org/scala-sbt/util-logging_2.13/1.8.0/util-logging_2.13-1.8.0.jar (463 kB at 459 kB/s)
2026.05.31 17:06:26 INFO  Downloading from central: https://repo.maven.apache.org/maven2/org/scala-sbt/util-position_2.13/1.8.0/util-position_2.13-1.8.0.jar
2026.05.31 17:06:26 INFO  Progress (3): 5.4/12 MB | 2.6 MB | 0.8/1.4 MB
2026.05.31 17:06:26 INFO  Progress (3): 5.4/12 MB | 2.6 MB | 0.8/1.4 MB
2026.05.31 17:06:26 INFO  Progress (3): 5.4/12 MB | 2.6 MB | 0.8/1.4 MB
2026.05.31 17:06:26 INFO  Progress (3): 5.5/12 MB | 2.6 MB | 0.8/1.4 MB
2026.05.31 17:06:26 INFO  Progress (3): 5.5/12 MB | 2.6 MB | 0.8/1.4 MB
2026.05.31 17:06:26 INFO  Progress (3): 5.5/12 MB | 2.6 MB | 0.8/1.4 MB
2026.05.31 17:06:26 INFO  Progress (3): 5.5/12 MB | 2.6 MB | 0.8/1.4 MB
2026.05.31 17:06:26 INFO  Progress (3): 5.5/12 MB | 2.6 MB | 0.8/1.4 MB
2026.05.31 17:06:26 INFO  Progress (3): 5.5/12 MB | 2.6 MB | 0.8/1.4 MB
2026.05.31 17:06:26 INFO  Progress (3): 5.5/12 MB | 2.6 MB | 0.8/1.4 MB
2026.05.31 17:06:26 INFO  Progress (3): 5.5/12 MB | 2.6 MB | 0.8/1.4 MB
2026.05.31 17:06:26 INFO  Progress (3): 5.5/12 MB | 2.6 MB | 0.8/1.4 MB
2026.05.31 17:06:26 INFO  Progress (3): 5.5/12 MB | 2.6 MB | 0.8/1.4 MB
2026.05.31 17:06:26 INFO  Progress (3): 5.6/12 MB | 2.6 MB | 0.8/1.4 MB
2026.05.31 17:06:26 INFO  Progress (3): 5.6/12 MB | 2.6 MB | 0.8/1.4 MB
2026.05.31 17:06:26 INFO  Progress (3): 5.6/12 MB | 2.6 MB | 0.9/1.4 MB
2026.05.31 17:06:26 INFO  Progress (3): 5.6/12 MB | 2.6 MB | 0.9/1.4 MB
2026.05.31 17:06:26 INFO  Progress (3): 5.6/12 MB | 2.6 MB | 0.9/1.4 MB
2026.05.31 17:06:26 INFO  Progress (3): 5.6/12 MB | 2.6 MB | 0.9/1.4 MB
2026.05.31 17:06:26 INFO  Progress (3): 5.6/12 MB | 2.6 MB | 0.9/1.4 MB
2026.05.31 17:06:26 INFO  Progress (3): 5.6/12 MB | 2.6 MB | 0.9/1.4 MB
2026.05.31 17:06:26 INFO  Progress (3): 5.6/12 MB | 2.6 MB | 0.9/1.4 MB
2026.05.31 17:06:26 INFO  Progress (3): 5.7/12 MB | 2.6 MB | 0.9/1.4 MB
2026.05.31 17:06:26 INFO                                               
2026.05.31 17:06:26 INFO  Downloaded from central: https://repo.maven.apache.org/maven2/org/scala-sbt/zinc-persist-core-assembly/1.8.0/zinc-persist-core-assembly-1.8.0.jar (2.6 MB at 2.6 MB/s)
2026.05.31 17:06:26 INFO  Downloading from central: https://repo.maven.apache.org/maven2/org/scala-sbt/core-macros_2.13/1.8.0/core-macros_2.13-1.8.0.jar
2026.05.31 17:06:26 INFO  Progress (2): 5.7/12 MB | 0.9/1.4 MB
2026.05.31 17:06:26 INFO  Progress (2): 5.7/12 MB | 0.9/1.4 MB
2026.05.31 17:06:26 INFO  Progress (2): 5.7/12 MB | 0.9/1.4 MB
2026.05.31 17:06:26 INFO  Progress (2): 5.7/12 MB | 0.9/1.4 MB
2026.05.31 17:06:26 INFO  Progress (2): 5.7/12 MB | 0.9/1.4 MB
2026.05.31 17:06:26 INFO  Progress (2): 5.7/12 MB | 0.9/1.4 MB
2026.05.31 17:06:26 INFO  Progress (2): 5.8/12 MB | 0.9/1.4 MB
2026.05.31 17:06:26 INFO  Progress (2): 5.8/12 MB | 0.9/1.4 MB
2026.05.31 17:06:26 INFO  Progress (2): 5.8/12 MB | 0.9/1.4 MB
2026.05.31 17:06:26 INFO  Progress (2): 5.8/12 MB | 0.9/1.4 MB
2026.05.31 17:06:26 INFO  Progress (2): 5.8/12 MB | 0.9/1.4 MB
2026.05.31 17:06:26 INFO  Progress (2): 5.8/12 MB | 0.9/1.4 MB
2026.05.31 17:06:26 INFO  Progress (2): 5.8/12 MB | 0.9/1.4 MB
2026.05.31 17:06:26 INFO  Progress (3): 5.8/12 MB | 0.9/1.4 MB | 7.7/365 kB
2026.05.31 17:06:26 INFO  Progress (3): 5.8/12 MB | 0.9/1.4 MB | 16/365 kB 
2026.05.31 17:06:26 INFO  Progress (3): 5.8/12 MB | 0.9/1.4 MB | 25/365 kB
2026.05.31 17:06:26 INFO  Progress (3): 5.8/12 MB | 0.9/1.4 MB | 41/365 kB
2026.05.31 17:06:26 INFO  Progress (3): 5.8/12 MB | 0.9/1.4 MB | 57/365 kB
2026.05.31 17:06:26 INFO  Progress (3): 5.8/12 MB | 0.9/1.4 MB | 57/365 kB
2026.05.31 17:06:26 INFO  Progress (3): 5.8/12 MB | 0.9/1.4 MB | 74/365 kB
2026.05.31 17:06:26 INFO  Progress (3): 5.8/12 MB | 0.9/1.4 MB | 90/365 kB
2026.05.31 17:06:26 INFO  Progress (3): 5.8/12 MB | 0.9/1.4 MB | 106/365 kB
2026.05.31 17:06:26 INFO  Progress (3): 5.8/12 MB | 0.9/1.4 MB | 123/365 kB
2026.05.31 17:06:26 INFO  Progress (3): 5.8/12 MB | 0.9/1.4 MB | 139/365 kB
2026.05.31 17:06:26 INFO  Progress (3): 5.8/12 MB | 0.9/1.4 MB | 156/365 kB
2026.05.31 17:06:26 INFO  Progress (3): 5.8/12 MB | 0.9/1.4 MB | 172/365 kB
2026.05.31 17:06:26 INFO  Progress (3): 5.8/12 MB | 0.9/1.4 MB | 188/365 kB
2026.05.31 17:06:26 INFO  Progress (3): 5.8/12 MB | 0.9/1.4 MB | 188/365 kB
2026.05.31 17:06:26 INFO  Progress (3): 5.8/12 MB | 0.9/1.4 MB | 205/365 kB
2026.05.31 17:06:26 INFO  Progress (3): 5.8/12 MB | 0.9/1.4 MB | 221/365 kB
2026.05.31 17:06:26 INFO  Progress (3): 5.8/12 MB | 0.9/1.4 MB | 238/365 kB
2026.05.31 17:06:26 INFO  Progress (3): 5.9/12 MB | 0.9/1.4 MB | 238/365 kB
2026.05.31 17:06:26 INFO  Progress (3): 5.9/12 MB | 0.9/1.4 MB | 254/365 kB
2026.05.31 17:06:26 INFO  Progress (3): 5.9/12 MB | 0.9/1.4 MB | 270/365 kB
2026.05.31 17:06:26 INFO  Progress (3): 5.9/12 MB | 0.9/1.4 MB | 287/365 kB
2026.05.31 17:06:26 INFO  Progress (3): 5.9/12 MB | 0.9/1.4 MB | 303/365 kB
2026.05.31 17:06:26 INFO  Progress (3): 5.9/12 MB | 0.9/1.4 MB | 303/365 kB
2026.05.31 17:06:26 INFO  Progress (3): 5.9/12 MB | 0.9/1.4 MB | 319/365 kB
2026.05.31 17:06:26 INFO  Progress (3): 5.9/12 MB | 0.9/1.4 MB | 336/365 kB
2026.05.31 17:06:26 INFO  Progress (3): 5.9/12 MB | 1.0/1.4 MB | 336/365 kB
2026.05.31 17:06:26 INFO  Progress (3): 5.9/12 MB | 1.0/1.4 MB | 352/365 kB
2026.05.31 17:06:26 INFO  Progress (3): 5.9/12 MB | 1.0/1.4 MB | 352/365 kB
2026.05.31 17:06:26 INFO  Progress (3): 5.9/12 MB | 1.0/1.4 MB | 365 kB    
2026.05.31 17:06:26 INFO  Progress (3): 5.9/12 MB | 1.0/1.4 MB | 365 kB
2026.05.31 17:06:26 INFO  Progress (3): 5.9/12 MB | 1.0/1.4 MB | 365 kB
2026.05.31 17:06:26 INFO  Progress (3): 5.9/12 MB | 1.0/1.4 MB | 365 kB
2026.05.31 17:06:26 INFO  Progress (3): 6.0/12 MB | 1.0/1.4 MB | 365 kB
2026.05.31 17:06:26 INFO  Progress (3): 6.0/12 MB | 1.0/1.4 MB | 365 kB
2026.05.31 17:06:26 INFO  Progress (3): 6.0/12 MB | 1.0/1.4 MB | 365 kB
2026.05.31 17:06:26 INFO  Progress (3): 6.0/12 MB | 1.0/1.4 MB | 365 kB
2026.05.31 17:06:26 INFO  Progress (3): 6.0/12 MB | 1.0/1.4 MB | 365 kB
2026.05.31 17:06:26 INFO  Progress (3): 6.0/12 MB | 1.0/1.4 MB | 365 kB
2026.05.31 17:06:26 INFO  Progress (3): 6.0/12 MB | 1.0/1.4 MB | 365 kB
2026.05.31 17:06:26 INFO  Progress (3): 6.0/12 MB | 1.0/1.4 MB | 365 kB
2026.05.31 17:06:26 INFO  Progress (3): 6.1/12 MB | 1.0/1.4 MB | 365 kB
2026.05.31 17:06:26 INFO  Progress (3): 6.1/12 MB | 1.0/1.4 MB | 365 kB
2026.05.31 17:06:26 INFO                                               
2026.05.31 17:06:26 INFO  Downloaded from central: https://repo.maven.apache.org/maven2/org/scala-sbt/collections_2.13/1.8.0/collections_2.13-1.8.0.jar (365 kB at 344 kB/s)
2026.05.31 17:06:26 INFO  Downloading from central: https://repo.maven.apache.org/maven2/org/jline/jline-terminal/3.19.0/jline-terminal-3.19.0.jar
2026.05.31 17:06:26 INFO  Progress (2): 6.1/12 MB | 1.0/1.4 MB
2026.05.31 17:06:26 INFO  Progress (2): 6.1/12 MB | 1.0/1.4 MB
2026.05.31 17:06:26 INFO  Progress (2): 6.1/12 MB | 1.0/1.4 MB
2026.05.31 17:06:26 INFO  Progress (2): 6.1/12 MB | 1.0/1.4 MB
2026.05.31 17:06:26 INFO  Progress (2): 6.1/12 MB | 1.0/1.4 MB
2026.05.31 17:06:26 INFO  Progress (2): 6.1/12 MB | 1.0/1.4 MB
2026.05.31 17:06:26 INFO  Progress (2): 6.2/12 MB | 1.0/1.4 MB
2026.05.31 17:06:26 INFO  Progress (2): 6.2/12 MB | 1.0/1.4 MB
2026.05.31 17:06:26 INFO  Progress (3): 6.2/12 MB | 1.0/1.4 MB | 7.7/28 kB
2026.05.31 17:06:26 INFO  Progress (3): 6.2/12 MB | 1.0/1.4 MB | 15/28 kB 
2026.05.31 17:06:26 INFO  Progress (3): 6.2/12 MB | 1.0/1.4 MB | 28 kB   
2026.05.31 17:06:26 INFO  Progress (3): 6.2/12 MB | 1.0/1.4 MB | 28 kB
2026.05.31 17:06:26 INFO  Progress (3): 6.2/12 MB | 1.0/1.4 MB | 28 kB
2026.05.31 17:06:26 INFO  Progress (3): 6.2/12 MB | 1.0/1.4 MB | 28 kB
2026.05.31 17:06:26 INFO  Progress (3): 6.2/12 MB | 1.0/1.4 MB | 28 kB
2026.05.31 17:06:26 INFO  Progress (3): 6.2/12 MB | 1.1/1.4 MB | 28 kB
2026.05.31 17:06:26 INFO  Progress (3): 6.2/12 MB | 1.1/1.4 MB | 28 kB
2026.05.31 17:06:26 INFO  Progress (3): 6.3/12 MB | 1.1/1.4 MB | 28 kB
2026.05.31 17:06:26 INFO  Progress (3): 6.3/12 MB | 1.1/1.4 MB | 28 kB
2026.05.31 17:06:26 INFO  Progress (3): 6.3/12 MB | 1.1/1.4 MB | 28 kB
2026.05.31 17:06:26 INFO  Progress (3): 6.3/12 MB | 1.1/1.4 MB | 28 kB
2026.05.31 17:06:26 INFO  Progress (3): 6.3/12 MB | 1.1/1.4 MB | 28 kB
2026.05.31 17:06:26 INFO  Progress (3): 6.3/12 MB | 1.1/1.4 MB | 28 kB
2026.05.31 17:06:26 INFO  Progress (3): 6.4/12 MB | 1.1/1.4 MB | 28 kB
2026.05.31 17:06:26 INFO  Progress (3): 6.4/12 MB | 1.1/1.4 MB | 28 kB
2026.05.31 17:06:26 INFO  Progress (3): 6.4/12 MB | 1.1/1.4 MB | 28 kB
2026.05.31 17:06:26 INFO  Progress (3): 6.4/12 MB | 1.1/1.4 MB | 28 kB
2026.05.31 17:06:26 INFO  Progress (3): 6.4/12 MB | 1.1/1.4 MB | 28 kB
2026.05.31 17:06:26 INFO  Progress (3): 6.4/12 MB | 1.1/1.4 MB | 28 kB
2026.05.31 17:06:26 INFO  Progress (3): 6.4/12 MB | 1.1/1.4 MB | 28 kB
2026.05.31 17:06:26 INFO  Progress (3): 6.4/12 MB | 1.1/1.4 MB | 28 kB
2026.05.31 17:06:26 INFO  Progress (4): 6.4/12 MB | 1.1/1.4 MB | 28 kB | 7.7/87 kB
2026.05.31 17:06:26 INFO  Progress (4): 6.4/12 MB | 1.1/1.4 MB | 28 kB | 8.2/87 kB
2026.05.31 17:06:26 INFO  Progress (4): 6.4/12 MB | 1.1/1.4 MB | 28 kB | 8.2/87 kB
2026.05.31 17:06:26 INFO  Progress (4): 6.4/12 MB | 1.1/1.4 MB | 28 kB | 25/87 kB 
2026.05.31 17:06:26 INFO  Progress (4): 6.5/12 MB | 1.1/1.4 MB | 28 kB | 25/87 kB
2026.05.31 17:06:26 INFO  Progress (4): 6.5/12 MB | 1.1/1.4 MB | 28 kB | 25/87 kB
2026.05.31 17:06:26 INFO  Progress (4): 6.5/12 MB | 1.1/1.4 MB | 28 kB | 25/87 kB
2026.05.31 17:06:26 INFO  Progress (4): 6.5/12 MB | 1.1/1.4 MB | 28 kB | 25/87 kB
2026.05.31 17:06:26 INFO                                                         
2026.05.31 17:06:26 INFO  Downloaded from central: https://repo.maven.apache.org/maven2/org/scala-sbt/util-position_2.13/1.8.0/util-position_2.13-1.8.0.jar (28 kB at 26 kB/s)
2026.05.31 17:06:26 INFO  Downloading from central: https://repo.maven.apache.org/maven2/org/scala-lang/scala-reflect/2.13.8/scala-reflect-2.13.8.jar
2026.05.31 17:06:26 INFO  Progress (3): 6.5/12 MB | 1.1/1.4 MB | 41/87 kB
2026.05.31 17:06:26 INFO  Progress (3): 6.5/12 MB | 1.1/1.4 MB | 41/87 kB
2026.05.31 17:06:26 INFO  Progress (3): 6.5/12 MB | 1.1/1.4 MB | 41/87 kB
2026.05.31 17:06:26 INFO  Progress (3): 6.5/12 MB | 1.1/1.4 MB | 41/87 kB
2026.05.31 17:06:26 INFO  Progress (3): 6.5/12 MB | 1.1/1.4 MB | 57/87 kB
2026.05.31 17:06:26 INFO  Progress (3): 6.5/12 MB | 1.1/1.4 MB | 57/87 kB
2026.05.31 17:06:26 INFO  Progress (3): 6.5/12 MB | 1.1/1.4 MB | 57/87 kB
2026.05.31 17:06:26 INFO  Progress (3): 6.6/12 MB | 1.1/1.4 MB | 57/87 kB
2026.05.31 17:06:26 INFO  Progress (3): 6.6/12 MB | 1.1/1.4 MB | 74/87 kB
2026.05.31 17:06:26 INFO  Progress (3): 6.6/12 MB | 1.2/1.4 MB | 74/87 kB
2026.05.31 17:06:26 INFO  Progress (3): 6.6/12 MB | 1.2/1.4 MB | 74/87 kB
2026.05.31 17:06:26 INFO  Progress (3): 6.6/12 MB | 1.2/1.4 MB | 74/87 kB
2026.05.31 17:06:26 INFO  Progress (3): 6.6/12 MB | 1.2/1.4 MB | 87 kB   
2026.05.31 17:06:26 INFO  Progress (3): 6.6/12 MB | 1.2/1.4 MB | 87 kB
2026.05.31 17:06:26 INFO  Progress (3): 6.6/12 MB | 1.2/1.4 MB | 87 kB
2026.05.31 17:06:26 INFO  Progress (3): 6.6/12 MB | 1.2/1.4 MB | 87 kB
2026.05.31 17:06:26 INFO  Progress (3): 6.6/12 MB | 1.2/1.4 MB | 87 kB
2026.05.31 17:06:26 INFO  Progress (3): 6.6/12 MB | 1.2/1.4 MB | 87 kB
2026.05.31 17:06:26 INFO  Progress (3): 6.6/12 MB | 1.2/1.4 MB | 87 kB
2026.05.31 17:06:26 INFO  Progress (3): 6.7/12 MB | 1.2/1.4 MB | 87 kB
2026.05.31 17:06:26 INFO  Progress (3): 6.7/12 MB | 1.2/1.4 MB | 87 kB
2026.05.31 17:06:26 INFO  Progress (3): 6.7/12 MB | 1.2/1.4 MB | 87 kB
2026.05.31 17:06:26 INFO  Progress (3): 6.7/12 MB | 1.2/1.4 MB | 87 kB
2026.05.31 17:06:26 INFO  Progress (3): 6.7/12 MB | 1.2/1.4 MB | 87 kB
2026.05.31 17:06:26 INFO  Progress (3): 6.7/12 MB | 1.2/1.4 MB | 87 kB
2026.05.31 17:06:26 INFO  Progress (3): 6.7/12 MB | 1.2/1.4 MB | 87 kB
2026.05.31 17:06:26 INFO  Progress (3): 6.8/12 MB | 1.2/1.4 MB | 87 kB
2026.05.31 17:06:26 INFO  Progress (3): 6.8/12 MB | 1.2/1.4 MB | 87 kB
2026.05.31 17:06:26 INFO  Progress (3): 6.8/12 MB | 1.2/1.4 MB | 87 kB
2026.05.31 17:06:26 INFO  Progress (3): 6.8/12 MB | 1.2/1.4 MB | 87 kB
2026.05.31 17:06:26 INFO  Progress (3): 6.8/12 MB | 1.2/1.4 MB | 87 kB
2026.05.31 17:06:26 INFO  Progress (3): 6.8/12 MB | 1.2/1.4 MB | 87 kB
2026.05.31 17:06:26 INFO  Progress (3): 6.8/12 MB | 1.3/1.4 MB | 87 kB
2026.05.31 17:06:26 INFO  Progress (3): 6.8/12 MB | 1.3/1.4 MB | 87 kB
2026.05.31 17:06:26 INFO  Progress (3): 6.9/12 MB | 1.3/1.4 MB | 87 kB
2026.05.31 17:06:26 INFO  Progress (3): 6.9/12 MB | 1.3/1.4 MB | 87 kB
2026.05.31 17:06:26 INFO  Progress (3): 6.9/12 MB | 1.3/1.4 MB | 87 kB
2026.05.31 17:06:26 INFO  Progress (3): 6.9/12 MB | 1.3/1.4 MB | 87 kB
2026.05.31 17:06:26 INFO  Progress (3): 6.9/12 MB | 1.3/1.4 MB | 87 kB
2026.05.31 17:06:26 INFO  Progress (3): 6.9/12 MB | 1.3/1.4 MB | 87 kB
2026.05.31 17:06:26 INFO  Progress (3): 6.9/12 MB | 1.3/1.4 MB | 87 kB
2026.05.31 17:06:26 INFO                                              
2026.05.31 17:06:26 INFO  Downloaded from central: https://repo.maven.apache.org/maven2/org/scala-sbt/core-macros_2.13/1.8.0/core-macros_2.13-1.8.0.jar (87 kB at 79 kB/s)
2026.05.31 17:06:26 INFO  Downloading from central: https://repo.maven.apache.org/maven2/org/scala-sbt/util-relation_2.13/1.8.0/util-relation_2.13-1.8.0.jar
2026.05.31 17:06:26 INFO  Progress (2): 6.9/12 MB | 1.3/1.4 MB
2026.05.31 17:06:26 INFO  Progress (2): 7.0/12 MB | 1.3/1.4 MB
2026.05.31 17:06:26 INFO  Progress (2): 7.0/12 MB | 1.3/1.4 MB
2026.05.31 17:06:26 INFO  Progress (2): 7.0/12 MB | 1.3/1.4 MB
2026.05.31 17:06:26 INFO  Progress (3): 7.0/12 MB | 1.3/1.4 MB | 3.2/228 kB
2026.05.31 17:06:26 INFO  Progress (3): 7.0/12 MB | 1.3/1.4 MB | 20/228 kB 
2026.05.31 17:06:26 INFO  Progress (3): 7.0/12 MB | 1.3/1.4 MB | 20/228 kB
2026.05.31 17:06:26 INFO  Progress (3): 7.0/12 MB | 1.3/1.4 MB | 20/228 kB
2026.05.31 17:06:26 INFO  Progress (3): 7.0/12 MB | 1.3/1.4 MB | 36/228 kB
2026.05.31 17:06:26 INFO  Progress (3): 7.0/12 MB | 1.3/1.4 MB | 52/228 kB
2026.05.31 17:06:26 INFO  Progress (3): 7.0/12 MB | 1.3/1.4 MB | 52/228 kB
2026.05.31 17:06:26 INFO  Progress (3): 7.0/12 MB | 1.3/1.4 MB | 69/228 kB
2026.05.31 17:06:26 INFO  Progress (3): 7.0/12 MB | 1.3/1.4 MB | 69/228 kB
2026.05.31 17:06:26 INFO  Progress (3): 7.0/12 MB | 1.3/1.4 MB | 85/228 kB
2026.05.31 17:06:26 INFO  Progress (3): 7.0/12 MB | 1.3/1.4 MB | 85/228 kB
2026.05.31 17:06:26 INFO  Progress (3): 7.0/12 MB | 1.3/1.4 MB | 102/228 kB
2026.05.31 17:06:26 INFO  Progress (3): 7.0/12 MB | 1.3/1.4 MB | 118/228 kB
2026.05.31 17:06:26 INFO  Progress (3): 7.0/12 MB | 1.3/1.4 MB | 134/228 kB
2026.05.31 17:06:26 INFO  Progress (3): 7.0/12 MB | 1.3/1.4 MB | 151/228 kB
2026.05.31 17:06:26 INFO  Progress (3): 7.0/12 MB | 1.3/1.4 MB | 167/228 kB
2026.05.31 17:06:26 INFO  Progress (3): 7.0/12 MB | 1.3/1.4 MB | 183/228 kB
2026.05.31 17:06:26 INFO  Progress (3): 7.1/12 MB | 1.3/1.4 MB | 183/228 kB
2026.05.31 17:06:26 INFO  Progress (3): 7.1/12 MB | 1.3/1.4 MB | 200/228 kB
2026.05.31 17:06:26 INFO  Progress (3): 7.1/12 MB | 1.3/1.4 MB | 200/228 kB
2026.05.31 17:06:26 INFO  Progress (3): 7.1/12 MB | 1.3/1.4 MB | 216/228 kB
2026.05.31 17:06:26 INFO  Progress (3): 7.1/12 MB | 1.3/1.4 MB | 228 kB    
2026.05.31 17:06:26 INFO  Progress (3): 7.1/12 MB | 1.3/1.4 MB | 228 kB
2026.05.31 17:06:26 INFO  Progress (3): 7.1/12 MB | 1.3/1.4 MB | 228 kB
2026.05.31 17:06:26 INFO  Progress (3): 7.1/12 MB | 1.3/1.4 MB | 228 kB
2026.05.31 17:06:26 INFO  Progress (3): 7.1/12 MB | 1.4 MB | 228 kB    
2026.05.31 17:06:26 INFO  Progress (3): 7.1/12 MB | 1.4 MB | 228 kB
2026.05.31 17:06:26 INFO  Progress (3): 7.1/12 MB | 1.4 MB | 228 kB
2026.05.31 17:06:26 INFO  Progress (3): 7.2/12 MB | 1.4 MB | 228 kB
2026.05.31 17:06:26 INFO  Progress (3): 7.2/12 MB | 1.4 MB | 228 kB
2026.05.31 17:06:26 INFO  Progress (3): 7.2/12 MB | 1.4 MB | 228 kB
2026.05.31 17:06:26 INFO  Progress (3): 7.2/12 MB | 1.4 MB | 228 kB
2026.05.31 17:06:26 INFO  Progress (3): 7.2/12 MB | 1.4 MB | 228 kB
2026.05.31 17:06:26 INFO  Progress (3): 7.2/12 MB | 1.4 MB | 228 kB
2026.05.31 17:06:26 INFO  Progress (3): 7.3/12 MB | 1.4 MB | 228 kB
2026.05.31 17:06:26 INFO  Progress (3): 7.3/12 MB | 1.4 MB | 228 kB
2026.05.31 17:06:26 INFO  Progress (3): 7.3/12 MB | 1.4 MB | 228 kB
2026.05.31 17:06:26 INFO  Progress (3): 7.3/12 MB | 1.4 MB | 228 kB
2026.05.31 17:06:26 INFO  Progress (3): 7.3/12 MB | 1.4 MB | 228 kB
2026.05.31 17:06:26 INFO  Progress (3): 7.3/12 MB | 1.4 MB | 228 kB
2026.05.31 17:06:26 INFO  Progress (3): 7.4/12 MB | 1.4 MB | 228 kB
2026.05.31 17:06:26 INFO  Progress (3): 7.4/12 MB | 1.4 MB | 228 kB
2026.05.31 17:06:26 INFO  Progress (3): 7.4/12 MB | 1.4 MB | 228 kB
2026.05.31 17:06:26 INFO  Progress (3): 7.4/12 MB | 1.4 MB | 228 kB
2026.05.31 17:06:26 INFO  Progress (3): 7.4/12 MB | 1.4 MB | 228 kB
2026.05.31 17:06:26 INFO                                           
2026.05.31 17:06:26 INFO  Downloaded from central: https://repo.maven.apache.org/maven2/org/jline/jline-terminal/3.19.0/jline-terminal-3.19.0.jar (228 kB at 202 kB/s)
2026.05.31 17:06:26 INFO  Downloading from central: https://repo.maven.apache.org/maven2/org/scala-sbt/zinc-persist_2.13/1.8.0/zinc-persist_2.13-1.8.0.jar
2026.05.31 17:06:26 INFO  Progress (2): 7.4/12 MB | 1.4 MB
2026.05.31 17:06:26 INFO  Progress (2): 7.5/12 MB | 1.4 MB
2026.05.31 17:06:26 INFO  Progress (2): 7.5/12 MB | 1.4 MB
2026.05.31 17:06:26 INFO  Progress (2): 7.5/12 MB | 1.4 MB
2026.05.31 17:06:26 INFO  Progress (2): 7.5/12 MB | 1.4 MB
2026.05.31 17:06:26 INFO  Progress (2): 7.5/12 MB | 1.4 MB
2026.05.31 17:06:26 INFO                                  
2026.05.31 17:06:26 INFO  Downloaded from central: https://repo.maven.apache.org/maven2/net/java/dev/jna/jna-platform/5.12.0/jna-platform-5.12.0.jar (1.4 MB at 1.2 MB/s)
2026.05.31 17:06:26 INFO  Downloading from central: https://repo.maven.apache.org/maven2/org/scala-sbt/zinc-compile-core_2.13/1.8.0/zinc-compile-core_2.13-1.8.0.jar
2026.05.31 17:06:26 INFO  Progress (1): 7.5/12 MB
2026.05.31 17:06:26 INFO  Progress (1): 7.5/12 MB
2026.05.31 17:06:26 INFO  Progress (2): 7.5/12 MB | 0/3.8 MB
2026.05.31 17:06:26 INFO  Progress (2): 7.5/12 MB | 0/3.8 MB
2026.05.31 17:06:26 INFO  Progress (2): 7.6/12 MB | 0/3.8 MB
2026.05.31 17:06:26 INFO  Progress (2): 7.6/12 MB | 0/3.8 MB
2026.05.31 17:06:26 INFO  Progress (2): 7.6/12 MB | 0/3.8 MB
2026.05.31 17:06:26 INFO  Progress (2): 7.6/12 MB | 0/3.8 MB
2026.05.31 17:06:26 INFO  Progress (2): 7.6/12 MB | 0/3.8 MB
2026.05.31 17:06:26 INFO  Progress (2): 7.6/12 MB | 0/3.8 MB
2026.05.31 17:06:26 INFO  Progress (2): 7.6/12 MB | 0/3.8 MB
2026.05.31 17:06:26 INFO  Progress (2): 7.6/12 MB | 0.1/3.8 MB
2026.05.31 17:06:26 INFO  Progress (2): 7.6/12 MB | 0.1/3.8 MB
2026.05.31 17:06:26 INFO  Progress (2): 7.7/12 MB | 0.1/3.8 MB
2026.05.31 17:06:26 INFO  Progress (2): 7.7/12 MB | 0.1/3.8 MB
2026.05.31 17:06:26 INFO  Progress (2): 7.7/12 MB | 0.1/3.8 MB
2026.05.31 17:06:26 INFO  Progress (2): 7.7/12 MB | 0.1/3.8 MB
2026.05.31 17:06:26 INFO  Progress (2): 7.7/12 MB | 0.1/3.8 MB
2026.05.31 17:06:26 INFO  Progress (2): 7.7/12 MB | 0.1/3.8 MB
2026.05.31 17:06:26 INFO  Progress (2): 7.7/12 MB | 0.1/3.8 MB
2026.05.31 17:06:26 INFO  Progress (2): 7.7/12 MB | 0.1/3.8 MB
2026.05.31 17:06:26 INFO  Progress (2): 7.7/12 MB | 0.1/3.8 MB
2026.05.31 17:06:26 INFO  Progress (2): 7.8/12 MB | 0.1/3.8 MB
2026.05.31 17:06:26 INFO  Progress (2): 7.8/12 MB | 0.1/3.8 MB
2026.05.31 17:06:26 INFO  Progress (2): 7.8/12 MB | 0.1/3.8 MB
2026.05.31 17:06:26 INFO  Progress (2): 7.8/12 MB | 0.1/3.8 MB
2026.05.31 17:06:26 INFO  Progress (2): 7.8/12 MB | 0.1/3.8 MB
2026.05.31 17:06:26 INFO  Progress (2): 7.8/12 MB | 0.1/3.8 MB
2026.05.31 17:06:26 INFO  Progress (2): 7.8/12 MB | 0.2/3.8 MB
2026.05.31 17:06:26 INFO  Progress (2): 7.8/12 MB | 0.2/3.8 MB
2026.05.31 17:06:26 INFO  Progress (2): 7.8/12 MB | 0.2/3.8 MB
2026.05.31 17:06:26 INFO  Progress (2): 7.8/12 MB | 0.2/3.8 MB
2026.05.31 17:06:26 INFO  Progress (2): 7.9/12 MB | 0.2/3.8 MB
2026.05.31 17:06:26 INFO  Progress (3): 7.9/12 MB | 0.2/3.8 MB | 7.7/15 kB
2026.05.31 17:06:26 INFO  Progress (3): 7.9/12 MB | 0.2/3.8 MB | 7.7/15 kB
2026.05.31 17:06:26 INFO  Progress (3): 7.9/12 MB | 0.2/3.8 MB | 15 kB    
2026.05.31 17:06:26 INFO  Progress (3): 7.9/12 MB | 0.2/3.8 MB | 15 kB
2026.05.31 17:06:26 INFO  Progress (3): 7.9/12 MB | 0.2/3.8 MB | 15 kB
2026.05.31 17:06:26 INFO  Progress (3): 7.9/12 MB | 0.2/3.8 MB | 15 kB
2026.05.31 17:06:26 INFO  Progress (3): 7.9/12 MB | 0.2/3.8 MB | 15 kB
2026.05.31 17:06:26 INFO  Progress (3): 7.9/12 MB | 0.2/3.8 MB | 15 kB
2026.05.31 17:06:26 INFO  Progress (3): 7.9/12 MB | 0.2/3.8 MB | 15 kB
2026.05.31 17:06:26 INFO  Progress (3): 7.9/12 MB | 0.2/3.8 MB | 15 kB
2026.05.31 17:06:26 INFO  Progress (3): 8.0/12 MB | 0.2/3.8 MB | 15 kB
2026.05.31 17:06:26 INFO  Progress (3): 8.0/12 MB | 0.2/3.8 MB | 15 kB
2026.05.31 17:06:26 INFO  Progress (3): 8.0/12 MB | 0.2/3.8 MB | 15 kB
2026.05.31 17:06:26 INFO  Progress (3): 8.0/12 MB | 0.2/3.8 MB | 15 kB
2026.05.31 17:06:26 INFO  Progress (3): 8.0/12 MB | 0.2/3.8 MB | 15 kB
2026.05.31 17:06:26 INFO                                              
2026.05.31 17:06:26 INFO  Downloaded from central: https://repo.maven.apache.org/maven2/org/scala-sbt/util-relation_2.13/1.8.0/util-relation_2.13-1.8.0.jar (15 kB at 13 kB/s)
2026.05.31 17:06:26 INFO  Downloading from central: https://repo.maven.apache.org/maven2/org/scala-lang/modules/scala-parser-combinators_2.13/1.1.2/scala-parser-combinators_2.13-1.1.2.jar
2026.05.31 17:06:26 INFO  Progress (2): 8.0/12 MB | 0.2/3.8 MB
2026.05.31 17:06:26 INFO  Progress (2): 8.0/12 MB | 0.2/3.8 MB
2026.05.31 17:06:26 INFO  Progress (2): 8.0/12 MB | 0.3/3.8 MB
2026.05.31 17:06:26 INFO  Progress (2): 8.1/12 MB | 0.3/3.8 MB
2026.05.31 17:06:26 INFO  Progress (2): 8.1/12 MB | 0.3/3.8 MB
2026.05.31 17:06:26 INFO  Progress (2): 8.1/12 MB | 0.3/3.8 MB
2026.05.31 17:06:26 INFO  Progress (2): 8.1/12 MB | 0.3/3.8 MB
2026.05.31 17:06:26 INFO  Progress (2): 8.1/12 MB | 0.3/3.8 MB
2026.05.31 17:06:26 INFO  Progress (2): 8.1/12 MB | 0.3/3.8 MB
2026.05.31 17:06:26 INFO  Progress (2): 8.1/12 MB | 0.3/3.8 MB
2026.05.31 17:06:26 INFO  Progress (2): 8.1/12 MB | 0.3/3.8 MB
2026.05.31 17:06:26 INFO  Progress (2): 8.1/12 MB | 0.3/3.8 MB
2026.05.31 17:06:26 INFO  Progress (2): 8.1/12 MB | 0.3/3.8 MB
2026.05.31 17:06:26 INFO  Progress (2): 8.2/12 MB | 0.3/3.8 MB
2026.05.31 17:06:26 INFO  Progress (2): 8.2/12 MB | 0.3/3.8 MB
2026.05.31 17:06:26 INFO  Progress (2): 8.2/12 MB | 0.3/3.8 MB
2026.05.31 17:06:26 INFO  Progress (3): 8.2/12 MB | 0.3/3.8 MB | 7.7/270 kB
2026.05.31 17:06:26 INFO  Progress (3): 8.2/12 MB | 0.3/3.8 MB | 16/270 kB 
2026.05.31 17:06:26 INFO  Progress (3): 8.2/12 MB | 0.3/3.8 MB | 25/270 kB
2026.05.31 17:06:26 INFO  Progress (3): 8.2/12 MB | 0.3/3.8 MB | 25/270 kB
2026.05.31 17:06:26 INFO  Progress (3): 8.2/12 MB | 0.3/3.8 MB | 41/270 kB
2026.05.31 17:06:26 INFO  Progress (3): 8.2/12 MB | 0.3/3.8 MB | 41/270 kB
2026.05.31 17:06:26 INFO  Progress (3): 8.2/12 MB | 0.3/3.8 MB | 41/270 kB
2026.05.31 17:06:26 INFO  Progress (3): 8.2/12 MB | 0.4/3.8 MB | 41/270 kB
2026.05.31 17:06:26 INFO  Progress (3): 8.2/12 MB | 0.4/3.8 MB | 41/270 kB
2026.05.31 17:06:26 INFO  Progress (3): 8.2/12 MB | 0.4/3.8 MB | 57/270 kB
2026.05.31 17:06:26 INFO  Progress (3): 8.3/12 MB | 0.4/3.8 MB | 57/270 kB
2026.05.31 17:06:26 INFO  Progress (3): 8.3/12 MB | 0.4/3.8 MB | 57/270 kB
2026.05.31 17:06:26 INFO  Progress (3): 8.3/12 MB | 0.4/3.8 MB | 74/270 kB
2026.05.31 17:06:26 INFO  Progress (3): 8.3/12 MB | 0.4/3.8 MB | 74/270 kB
2026.05.31 17:06:26 INFO  Progress (3): 8.3/12 MB | 0.4/3.8 MB | 74/270 kB
2026.05.31 17:06:26 INFO  Progress (3): 8.3/12 MB | 0.4/3.8 MB | 74/270 kB
2026.05.31 17:06:26 INFO  Progress (3): 8.3/12 MB | 0.4/3.8 MB | 74/270 kB
2026.05.31 17:06:26 INFO  Progress (4): 8.3/12 MB | 0.4/3.8 MB | 74/270 kB | 7.7/254 kB
2026.05.31 17:06:26 INFO  Progress (4): 8.3/12 MB | 0.4/3.8 MB | 74/270 kB | 16/254 kB 
2026.05.31 17:06:26 INFO  Progress (4): 8.3/12 MB | 0.4/3.8 MB | 74/270 kB | 25/254 kB
2026.05.31 17:06:26 INFO  Progress (4): 8.3/12 MB | 0.4/3.8 MB | 74/270 kB | 41/254 kB
2026.05.31 17:06:26 INFO  Progress (4): 8.3/12 MB | 0.4/3.8 MB | 74/270 kB | 57/254 kB
2026.05.31 17:06:26 INFO  Progress (4): 8.3/12 MB | 0.4/3.8 MB | 74/270 kB | 66/254 kB
2026.05.31 17:06:26 INFO  Progress (4): 8.3/12 MB | 0.4/3.8 MB | 74/270 kB | 66/254 kB
2026.05.31 17:06:26 INFO  Progress (4): 8.3/12 MB | 0.4/3.8 MB | 74/270 kB | 82/254 kB
2026.05.31 17:06:26 INFO  Progress (4): 8.3/12 MB | 0.4/3.8 MB | 90/270 kB | 82/254 kB
2026.05.31 17:06:26 INFO  Progress (4): 8.3/12 MB | 0.4/3.8 MB | 90/270 kB | 82/254 kB
2026.05.31 17:06:26 INFO  Progress (4): 8.3/12 MB | 0.4/3.8 MB | 90/270 kB | 98/254 kB
2026.05.31 17:06:26 INFO  Progress (4): 8.3/12 MB | 0.4/3.8 MB | 90/270 kB | 102/254 kB
2026.05.31 17:06:26 INFO  Progress (4): 8.4/12 MB | 0.4/3.8 MB | 90/270 kB | 102/254 kB
2026.05.31 17:06:26 INFO  Progress (4): 8.4/12 MB | 0.4/3.8 MB | 90/270 kB | 102/254 kB
2026.05.31 17:06:26 INFO  Progress (4): 8.4/12 MB | 0.4/3.8 MB | 90/270 kB | 118/254 kB
2026.05.31 17:06:26 INFO  Progress (4): 8.4/12 MB | 0.4/3.8 MB | 90/270 kB | 123/254 kB
2026.05.31 17:06:26 INFO  Progress (4): 8.4/12 MB | 0.4/3.8 MB | 90/270 kB | 123/254 kB
2026.05.31 17:06:26 INFO  Progress (4): 8.4/12 MB | 0.4/3.8 MB | 106/270 kB | 123/254 kB
2026.05.31 17:06:26 INFO  Progress (4): 8.4/12 MB | 0.4/3.8 MB | 106/270 kB | 139/254 kB
2026.05.31 17:06:26 INFO  Progress (4): 8.4/12 MB | 0.4/3.8 MB | 106/270 kB | 139/254 kB
2026.05.31 17:06:26 INFO  Progress (4): 8.4/12 MB | 0.4/3.8 MB | 106/270 kB | 156/254 kB
2026.05.31 17:06:26 INFO  Progress (4): 8.4/12 MB | 0.4/3.8 MB | 106/270 kB | 156/254 kB
2026.05.31 17:06:26 INFO  Progress (4): 8.4/12 MB | 0.4/3.8 MB | 106/270 kB | 172/254 kB
2026.05.31 17:06:26 INFO  Progress (4): 8.4/12 MB | 0.4/3.8 MB | 106/270 kB | 172/254 kB
2026.05.31 17:06:26 INFO  Progress (4): 8.4/12 MB | 0.4/3.8 MB | 106/270 kB | 188/254 kB
2026.05.31 17:06:26 INFO  Progress (4): 8.4/12 MB | 0.4/3.8 MB | 106/270 kB | 188/254 kB
2026.05.31 17:06:26 INFO  Progress (4): 8.4/12 MB | 0.4/3.8 MB | 106/270 kB | 205/254 kB
2026.05.31 17:06:26 INFO  Progress (4): 8.4/12 MB | 0.4/3.8 MB | 106/270 kB | 221/254 kB
2026.05.31 17:06:26 INFO  Progress (4): 8.4/12 MB | 0.4/3.8 MB | 106/270 kB | 238/254 kB
2026.05.31 17:06:26 INFO  Progress (4): 8.5/12 MB | 0.4/3.8 MB | 106/270 kB | 238/254 kB
2026.05.31 17:06:26 INFO  Progress (4): 8.5/12 MB | 0.4/3.8 MB | 106/270 kB | 254 kB    
2026.05.31 17:06:26 INFO  Progress (4): 8.5/12 MB | 0.4/3.8 MB | 106/270 kB | 254 kB
2026.05.31 17:06:26 INFO  Progress (4): 8.5/12 MB | 0.4/3.8 MB | 123/270 kB | 254 kB
2026.05.31 17:06:26 INFO  Progress (4): 8.5/12 MB | 0.4/3.8 MB | 123/270 kB | 254 kB
2026.05.31 17:06:26 INFO  Progress (4): 8.5/12 MB | 0.4/3.8 MB | 123/270 kB | 254 kB
2026.05.31 17:06:26 INFO  Progress (4): 8.5/12 MB | 0.4/3.8 MB | 123/270 kB | 254 kB
2026.05.31 17:06:26 INFO  Progress (4): 8.5/12 MB | 0.4/3.8 MB | 123/270 kB | 254 kB
2026.05.31 17:06:26 INFO  Progress (4): 8.5/12 MB | 0.4/3.8 MB | 139/270 kB | 254 kB
2026.05.31 17:06:26 INFO  Progress (4): 8.5/12 MB | 0.4/3.8 MB | 139/270 kB | 254 kB
2026.05.31 17:06:26 INFO  Progress (4): 8.5/12 MB | 0.4/3.8 MB | 139/270 kB | 254 kB
2026.05.31 17:06:26 INFO  Progress (4): 8.5/12 MB | 0.4/3.8 MB | 156/270 kB | 254 kB
2026.05.31 17:06:26 INFO  Progress (4): 8.5/12 MB | 0.5/3.8 MB | 156/270 kB | 254 kB
2026.05.31 17:06:26 INFO  Progress (4): 8.5/12 MB | 0.5/3.8 MB | 156/270 kB | 254 kB
2026.05.31 17:06:26 INFO  Progress (4): 8.5/12 MB | 0.5/3.8 MB | 156/270 kB | 254 kB
2026.05.31 17:06:26 INFO  Progress (4): 8.5/12 MB | 0.5/3.8 MB | 156/270 kB | 254 kB
2026.05.31 17:06:26 INFO  Progress (4): 8.5/12 MB | 0.5/3.8 MB | 156/270 kB | 254 kB
2026.05.31 17:06:26 INFO  Progress (4): 8.5/12 MB | 0.5/3.8 MB | 156/270 kB | 254 kB
2026.05.31 17:06:26 INFO  Progress (4): 8.5/12 MB | 0.6/3.8 MB | 156/270 kB | 254 kB
2026.05.31 17:06:26 INFO  Progress (4): 8.5/12 MB | 0.6/3.8 MB | 172/270 kB | 254 kB
2026.05.31 17:06:26 INFO  Progress (4): 8.5/12 MB | 0.6/3.8 MB | 172/270 kB | 254 kB
2026.05.31 17:06:26 INFO  Progress (4): 8.6/12 MB | 0.6/3.8 MB | 172/270 kB | 254 kB
2026.05.31 17:06:26 INFO  Progress (4): 8.6/12 MB | 0.6/3.8 MB | 172/270 kB | 254 kB
2026.05.31 17:06:26 INFO  Progress (4): 8.6/12 MB | 0.6/3.8 MB | 172/270 kB | 254 kB
2026.05.31 17:06:26 INFO  Progress (4): 8.6/12 MB | 0.6/3.8 MB | 172/270 kB | 254 kB
2026.05.31 17:06:26 INFO  Progress (4): 8.6/12 MB | 0.6/3.8 MB | 172/270 kB | 254 kB
2026.05.31 17:06:26 INFO  Progress (4): 8.6/12 MB | 0.6/3.8 MB | 172/270 kB | 254 kB
2026.05.31 17:06:26 INFO  Progress (4): 8.6/12 MB | 0.6/3.8 MB | 172/270 kB | 254 kB
2026.05.31 17:06:26 INFO  Progress (4): 8.7/12 MB | 0.6/3.8 MB | 172/270 kB | 254 kB
2026.05.31 17:06:26 INFO                                                            
2026.05.31 17:06:26 INFO  Downloaded from central: https://repo.maven.apache.org/maven2/org/scala-sbt/zinc-compile-core_2.13/1.8.0/zinc-compile-core_2.13-1.8.0.jar (254 kB at 209 kB/s)
2026.05.31 17:06:26 INFO  Downloading from central: https://repo.maven.apache.org/maven2/net/openhft/zero-allocation-hashing/0.10.1/zero-allocation-hashing-0.10.1.jar
2026.05.31 17:06:26 INFO  Progress (3): 8.7/12 MB | 0.6/3.8 MB | 188/270 kB
2026.05.31 17:06:26 INFO  Progress (3): 8.7/12 MB | 0.6/3.8 MB | 188/270 kB
2026.05.31 17:06:26 INFO  Progress (3): 8.7/12 MB | 0.6/3.8 MB | 188/270 kB
2026.05.31 17:06:26 INFO  Progress (3): 8.7/12 MB | 0.6/3.8 MB | 188/270 kB
2026.05.31 17:06:26 INFO  Progress (3): 8.7/12 MB | 0.6/3.8 MB | 205/270 kB
2026.05.31 17:06:26 INFO  Progress (3): 8.7/12 MB | 0.6/3.8 MB | 205/270 kB
2026.05.31 17:06:26 INFO  Progress (3): 8.7/12 MB | 0.6/3.8 MB | 205/270 kB
2026.05.31 17:06:26 INFO  Progress (3): 8.7/12 MB | 0.6/3.8 MB | 205/270 kB
2026.05.31 17:06:26 INFO  Progress (3): 8.7/12 MB | 0.6/3.8 MB | 205/270 kB
2026.05.31 17:06:26 INFO  Progress (3): 8.8/12 MB | 0.6/3.8 MB | 205/270 kB
2026.05.31 17:06:26 INFO  Progress (3): 8.8/12 MB | 0.6/3.8 MB | 205/270 kB
2026.05.31 17:06:26 INFO  Progress (3): 8.8/12 MB | 0.6/3.8 MB | 205/270 kB
2026.05.31 17:06:26 INFO  Progress (3): 8.8/12 MB | 0.6/3.8 MB | 205/270 kB
2026.05.31 17:06:26 INFO  Progress (3): 8.8/12 MB | 0.6/3.8 MB | 221/270 kB
2026.05.31 17:06:26 INFO  Progress (3): 8.8/12 MB | 0.6/3.8 MB | 238/270 kB
2026.05.31 17:06:26 INFO  Progress (3): 8.8/12 MB | 0.6/3.8 MB | 238/270 kB
2026.05.31 17:06:26 INFO  Progress (3): 8.8/12 MB | 0.6/3.8 MB | 238/270 kB
2026.05.31 17:06:26 INFO  Progress (3): 8.8/12 MB | 0.6/3.8 MB | 238/270 kB
2026.05.31 17:06:26 INFO  Progress (3): 8.8/12 MB | 0.7/3.8 MB | 238/270 kB
2026.05.31 17:06:26 INFO  Progress (3): 8.8/12 MB | 0.7/3.8 MB | 238/270 kB
2026.05.31 17:06:26 INFO  Progress (3): 8.8/12 MB | 0.7/3.8 MB | 238/270 kB
2026.05.31 17:06:26 INFO  Progress (3): 8.8/12 MB | 0.7/3.8 MB | 238/270 kB
2026.05.31 17:06:26 INFO  Progress (3): 8.8/12 MB | 0.7/3.8 MB | 238/270 kB
2026.05.31 17:06:26 INFO  Progress (3): 8.9/12 MB | 0.7/3.8 MB | 238/270 kB
2026.05.31 17:06:26 INFO  Progress (3): 8.9/12 MB | 0.7/3.8 MB | 254/270 kB
2026.05.31 17:06:26 INFO  Progress (3): 8.9/12 MB | 0.7/3.8 MB | 254/270 kB
2026.05.31 17:06:26 INFO  Progress (3): 8.9/12 MB | 0.7/3.8 MB | 254/270 kB
2026.05.31 17:06:26 INFO  Progress (3): 8.9/12 MB | 0.7/3.8 MB | 270 kB    
2026.05.31 17:06:26 INFO  Progress (3): 8.9/12 MB | 0.7/3.8 MB | 270 kB
2026.05.31 17:06:26 INFO  Progress (3): 8.9/12 MB | 0.7/3.8 MB | 270 kB
2026.05.31 17:06:26 INFO  Progress (3): 8.9/12 MB | 0.7/3.8 MB | 270 kB
2026.05.31 17:06:26 INFO  Progress (3): 8.9/12 MB | 0.7/3.8 MB | 270 kB
2026.05.31 17:06:26 INFO  Progress (3): 8.9/12 MB | 0.7/3.8 MB | 270 kB
2026.05.31 17:06:26 INFO  Progress (3): 9.0/12 MB | 0.7/3.8 MB | 270 kB
2026.05.31 17:06:26 INFO  Progress (3): 9.0/12 MB | 0.7/3.8 MB | 270 kB
2026.05.31 17:06:26 INFO  Progress (3): 9.0/12 MB | 0.7/3.8 MB | 270 kB
2026.05.31 17:06:26 INFO  Progress (3): 9.0/12 MB | 0.7/3.8 MB | 270 kB
2026.05.31 17:06:26 INFO  Progress (3): 9.0/12 MB | 0.8/3.8 MB | 270 kB
2026.05.31 17:06:26 INFO  Progress (3): 9.0/12 MB | 0.8/3.8 MB | 270 kB
2026.05.31 17:06:26 INFO  Progress (3): 9.0/12 MB | 0.8/3.8 MB | 270 kB
2026.05.31 17:06:26 INFO  Progress (3): 9.0/12 MB | 0.8/3.8 MB | 270 kB
2026.05.31 17:06:26 INFO  Progress (3): 9.0/12 MB | 0.8/3.8 MB | 270 kB
2026.05.31 17:06:26 INFO  Progress (3): 9.0/12 MB | 0.8/3.8 MB | 270 kB
2026.05.31 17:06:26 INFO  Progress (3): 9.0/12 MB | 0.8/3.8 MB | 270 kB
2026.05.31 17:06:26 INFO  Progress (3): 9.0/12 MB | 0.8/3.8 MB | 270 kB
2026.05.31 17:06:26 INFO  Progress (3): 9.0/12 MB | 0.8/3.8 MB | 270 kB
2026.05.31 17:06:26 INFO  Progress (3): 9.0/12 MB | 0.8/3.8 MB | 270 kB
2026.05.31 17:06:26 INFO  Progress (3): 9.0/12 MB | 0.8/3.8 MB | 270 kB
2026.05.31 17:06:26 INFO  Progress (3): 9.1/12 MB | 0.8/3.8 MB | 270 kB
2026.05.31 17:06:26 INFO  Progress (3): 9.1/12 MB | 0.8/3.8 MB | 270 kB
2026.05.31 17:06:26 INFO  Progress (3): 9.1/12 MB | 0.8/3.8 MB | 270 kB
2026.05.31 17:06:26 INFO  Progress (4): 9.1/12 MB | 0.8/3.8 MB | 270 kB | 7.3/225 kB
2026.05.31 17:06:26 INFO  Progress (4): 9.1/12 MB | 0.8/3.8 MB | 270 kB | 7.3/225 kB
2026.05.31 17:06:26 INFO  Progress (4): 9.1/12 MB | 0.8/3.8 MB | 270 kB | 7.3/225 kB
2026.05.31 17:06:26 INFO  Progress (4): 9.1/12 MB | 0.8/3.8 MB | 270 kB | 24/225 kB 
2026.05.31 17:06:26 INFO  Progress (4): 9.1/12 MB | 0.8/3.8 MB | 270 kB | 24/225 kB
2026.05.31 17:06:26 INFO  Progress (4): 9.1/12 MB | 0.9/3.8 MB | 270 kB | 24/225 kB
2026.05.31 17:06:26 INFO  Progress (4): 9.1/12 MB | 0.9/3.8 MB | 270 kB | 24/225 kB
2026.05.31 17:06:26 INFO                                                           
2026.05.31 17:06:26 INFO  Downloaded from central: https://repo.maven.apache.org/maven2/org/scala-sbt/zinc-persist_2.13/1.8.0/zinc-persist_2.13-1.8.0.jar (270 kB at 217 kB/s)
2026.05.31 17:06:26 INFO  Downloading from central: https://repo.maven.apache.org/maven2/org/scala-sbt/util-control_2.13/1.8.0/util-control_2.13-1.8.0.jar
2026.05.31 17:06:26 INFO  Progress (3): 9.1/12 MB | 0.9/3.8 MB | 40/225 kB
2026.05.31 17:06:26 INFO  Progress (3): 9.2/12 MB | 0.9/3.8 MB | 40/225 kB
2026.05.31 17:06:26 INFO  Progress (3): 9.2/12 MB | 0.9/3.8 MB | 40/225 kB
2026.05.31 17:06:26 INFO  Progress (3): 9.2/12 MB | 0.9/3.8 MB | 40/225 kB
2026.05.31 17:06:26 INFO  Progress (3): 9.2/12 MB | 0.9/3.8 MB | 40/225 kB
2026.05.31 17:06:26 INFO  Progress (3): 9.2/12 MB | 0.9/3.8 MB | 40/225 kB
2026.05.31 17:06:26 INFO  Progress (3): 9.2/12 MB | 0.9/3.8 MB | 40/225 kB
2026.05.31 17:06:26 INFO  Progress (3): 9.2/12 MB | 0.9/3.8 MB | 56/225 kB
2026.05.31 17:06:26 INFO  Progress (3): 9.2/12 MB | 0.9/3.8 MB | 56/225 kB
2026.05.31 17:06:26 INFO  Progress (3): 9.2/12 MB | 0.9/3.8 MB | 65/225 kB
2026.05.31 17:06:26 INFO  Progress (3): 9.2/12 MB | 0.9/3.8 MB | 65/225 kB
2026.05.31 17:06:26 INFO  Progress (3): 9.2/12 MB | 0.9/3.8 MB | 65/225 kB
2026.05.31 17:06:26 INFO  Progress (3): 9.2/12 MB | 0.9/3.8 MB | 81/225 kB
2026.05.31 17:06:26 INFO  Progress (3): 9.2/12 MB | 0.9/3.8 MB | 81/225 kB
2026.05.31 17:06:26 INFO  Progress (3): 9.2/12 MB | 0.9/3.8 MB | 81/225 kB
2026.05.31 17:06:26 INFO  Progress (3): 9.3/12 MB | 0.9/3.8 MB | 81/225 kB
2026.05.31 17:06:26 INFO  Progress (3): 9.3/12 MB | 0.9/3.8 MB | 81/225 kB
2026.05.31 17:06:26 INFO  Progress (3): 9.3/12 MB | 0.9/3.8 MB | 97/225 kB
2026.05.31 17:06:26 INFO  Progress (3): 9.3/12 MB | 1.0/3.8 MB | 97/225 kB
2026.05.31 17:06:26 INFO  Progress (3): 9.3/12 MB | 1.0/3.8 MB | 97/225 kB
2026.05.31 17:06:26 INFO  Progress (3): 9.3/12 MB | 1.0/3.8 MB | 97/225 kB
2026.05.31 17:06:26 INFO  Progress (3): 9.3/12 MB | 1.0/3.8 MB | 97/225 kB
2026.05.31 17:06:26 INFO  Progress (3): 9.3/12 MB | 1.0/3.8 MB | 114/225 kB
2026.05.31 17:06:26 INFO  Progress (3): 9.3/12 MB | 1.0/3.8 MB | 114/225 kB
2026.05.31 17:06:26 INFO  Progress (3): 9.3/12 MB | 1.0/3.8 MB | 114/225 kB
2026.05.31 17:06:26 INFO  Progress (3): 9.3/12 MB | 1.0/3.8 MB | 114/225 kB
2026.05.31 17:06:26 INFO  Progress (3): 9.4/12 MB | 1.0/3.8 MB | 114/225 kB
2026.05.31 17:06:26 INFO  Progress (3): 9.4/12 MB | 1.0/3.8 MB | 114/225 kB
2026.05.31 17:06:26 INFO  Progress (3): 9.4/12 MB | 1.0/3.8 MB | 114/225 kB
2026.05.31 17:06:26 INFO  Progress (3): 9.4/12 MB | 1.0/3.8 MB | 114/225 kB
2026.05.31 17:06:26 INFO  Progress (3): 9.4/12 MB | 1.0/3.8 MB | 130/225 kB
2026.05.31 17:06:26 INFO  Progress (3): 9.4/12 MB | 1.0/3.8 MB | 130/225 kB
2026.05.31 17:06:26 INFO  Progress (3): 9.4/12 MB | 1.0/3.8 MB | 130/225 kB
2026.05.31 17:06:26 INFO  Progress (3): 9.4/12 MB | 1.0/3.8 MB | 147/225 kB
2026.05.31 17:06:26 INFO  Progress (3): 9.4/12 MB | 1.0/3.8 MB | 147/225 kB
2026.05.31 17:06:26 INFO  Progress (3): 9.5/12 MB | 1.0/3.8 MB | 147/225 kB
2026.05.31 17:06:26 INFO  Progress (3): 9.5/12 MB | 1.0/3.8 MB | 147/225 kB
2026.05.31 17:06:26 INFO  Progress (3): 9.5/12 MB | 1.0/3.8 MB | 147/225 kB
2026.05.31 17:06:26 INFO  Progress (3): 9.5/12 MB | 1.0/3.8 MB | 147/225 kB
2026.05.31 17:06:26 INFO  Progress (3): 9.5/12 MB | 1.0/3.8 MB | 163/225 kB
2026.05.31 17:06:26 INFO  Progress (3): 9.5/12 MB | 1.0/3.8 MB | 163/225 kB
2026.05.31 17:06:26 INFO  Progress (3): 9.5/12 MB | 1.0/3.8 MB | 179/225 kB
2026.05.31 17:06:26 INFO  Progress (3): 9.5/12 MB | 1.0/3.8 MB | 196/225 kB
2026.05.31 17:06:26 INFO  Progress (3): 9.5/12 MB | 1.0/3.8 MB | 196/225 kB
2026.05.31 17:06:26 INFO  Progress (3): 9.5/12 MB | 1.0/3.8 MB | 196/225 kB
2026.05.31 17:06:26 INFO  Progress (3): 9.5/12 MB | 1.1/3.8 MB | 196/225 kB
2026.05.31 17:06:26 INFO  Progress (3): 9.5/12 MB | 1.1/3.8 MB | 196/225 kB
2026.05.31 17:06:26 INFO  Progress (3): 9.5/12 MB | 1.1/3.8 MB | 196/225 kB
2026.05.31 17:06:26 INFO  Progress (3): 9.5/12 MB | 1.1/3.8 MB | 196/225 kB
2026.05.31 17:06:26 INFO  Progress (3): 9.6/12 MB | 1.1/3.8 MB | 196/225 kB
2026.05.31 17:06:26 INFO  Progress (3): 9.6/12 MB | 1.1/3.8 MB | 196/225 kB
2026.05.31 17:06:26 INFO  Progress (3): 9.6/12 MB | 1.1/3.8 MB | 196/225 kB
2026.05.31 17:06:26 INFO  Progress (3): 9.6/12 MB | 1.1/3.8 MB | 196/225 kB
2026.05.31 17:06:26 INFO  Progress (3): 9.6/12 MB | 1.1/3.8 MB | 212/225 kB
2026.05.31 17:06:26 INFO  Progress (3): 9.6/12 MB | 1.1/3.8 MB | 212/225 kB
2026.05.31 17:06:26 INFO  Progress (3): 9.6/12 MB | 1.1/3.8 MB | 212/225 kB
2026.05.31 17:06:26 INFO  Progress (3): 9.6/12 MB | 1.1/3.8 MB | 225 kB    
2026.05.31 17:06:26 INFO  Progress (3): 9.6/12 MB | 1.1/3.8 MB | 225 kB
2026.05.31 17:06:26 INFO  Progress (3): 9.6/12 MB | 1.1/3.8 MB | 225 kB
2026.05.31 17:06:26 INFO  Progress (3): 9.7/12 MB | 1.1/3.8 MB | 225 kB
2026.05.31 17:06:26 INFO  Progress (3): 9.7/12 MB | 1.1/3.8 MB | 225 kB
2026.05.31 17:06:26 INFO  Progress (3): 9.7/12 MB | 1.1/3.8 MB | 225 kB
2026.05.31 17:06:26 INFO  Progress (3): 9.7/12 MB | 1.1/3.8 MB | 225 kB
2026.05.31 17:06:26 INFO  Progress (3): 9.7/12 MB | 1.1/3.8 MB | 225 kB
2026.05.31 17:06:26 INFO  Progress (3): 9.7/12 MB | 1.1/3.8 MB | 225 kB
2026.05.31 17:06:26 INFO  Progress (3): 9.7/12 MB | 1.1/3.8 MB | 225 kB
2026.05.31 17:06:26 INFO  Progress (3): 9.7/12 MB | 1.1/3.8 MB | 225 kB
2026.05.31 17:06:26 INFO  Progress (3): 9.8/12 MB | 1.1/3.8 MB | 225 kB
2026.05.31 17:06:26 INFO  Progress (3): 9.8/12 MB | 1.2/3.8 MB | 225 kB
2026.05.31 17:06:26 INFO  Progress (3): 9.8/12 MB | 1.2/3.8 MB | 225 kB
2026.05.31 17:06:26 INFO  Progress (3): 9.8/12 MB | 1.2/3.8 MB | 225 kB
2026.05.31 17:06:26 INFO  Progress (3): 9.8/12 MB | 1.2/3.8 MB | 225 kB
2026.05.31 17:06:26 INFO  Progress (3): 9.8/12 MB | 1.2/3.8 MB | 225 kB
2026.05.31 17:06:26 INFO  Progress (3): 9.8/12 MB | 1.2/3.8 MB | 225 kB
2026.05.31 17:06:26 INFO  Progress (4): 9.8/12 MB | 1.2/3.8 MB | 225 kB | 7.7/60 kB
2026.05.31 17:06:26 INFO  Progress (4): 9.8/12 MB | 1.2/3.8 MB | 225 kB | 8.2/60 kB
2026.05.31 17:06:26 INFO  Progress (4): 9.8/12 MB | 1.2/3.8 MB | 225 kB | 25/60 kB 
2026.05.31 17:06:26 INFO  Progress (4): 9.8/12 MB | 1.2/3.8 MB | 225 kB | 41/60 kB
2026.05.31 17:06:26 INFO  Progress (4): 9.8/12 MB | 1.2/3.8 MB | 225 kB | 41/60 kB
2026.05.31 17:06:26 INFO  Progress (4): 9.8/12 MB | 1.2/3.8 MB | 225 kB | 41/60 kB
2026.05.31 17:06:27 INFO  Progress (4): 9.8/12 MB | 1.2/3.8 MB | 225 kB | 57/60 kB
2026.05.31 17:06:27 INFO  Progress (4): 9.8/12 MB | 1.2/3.8 MB | 225 kB | 60 kB   
2026.05.31 17:06:27 INFO  Progress (4): 9.8/12 MB | 1.2/3.8 MB | 225 kB | 60 kB
2026.05.31 17:06:27 INFO  Progress (4): 9.9/12 MB | 1.2/3.8 MB | 225 kB | 60 kB
2026.05.31 17:06:27 INFO  Progress (4): 9.9/12 MB | 1.2/3.8 MB | 225 kB | 60 kB
2026.05.31 17:06:27 INFO                                                       
2026.05.31 17:06:27 INFO  Downloaded from central: https://repo.maven.apache.org/maven2/org/scala-lang/modules/scala-parser-combinators_2.13/1.1.2/scala-parser-combinators_2.13-1.1.2.jar (225 kB at 175 kB/s)
2026.05.31 17:06:27 INFO  Downloading from central: https://repo.maven.apache.org/maven2/org/scala-sbt/zinc-classfile_2.13/1.8.0/zinc-classfile_2.13-1.8.0.jar
2026.05.31 17:06:27 INFO  Progress (3): 9.9/12 MB | 1.2/3.8 MB | 60 kB
2026.05.31 17:06:27 INFO  Progress (3): 9.9/12 MB | 1.2/3.8 MB | 60 kB
2026.05.31 17:06:27 INFO  Progress (3): 9.9/12 MB | 1.2/3.8 MB | 60 kB
2026.05.31 17:06:27 INFO  Progress (3): 9.9/12 MB | 1.2/3.8 MB | 60 kB
2026.05.31 17:06:27 INFO  Progress (3): 9.9/12 MB | 1.2/3.8 MB | 60 kB
2026.05.31 17:06:27 INFO  Progress (3): 9.9/12 MB | 1.2/3.8 MB | 60 kB
2026.05.31 17:06:27 INFO  Progress (3): 9.9/12 MB | 1.2/3.8 MB | 60 kB
2026.05.31 17:06:27 INFO  Progress (3): 9.9/12 MB | 1.2/3.8 MB | 60 kB
2026.05.31 17:06:27 INFO  Progress (3): 10.0/12 MB | 1.2/3.8 MB | 60 kB
2026.05.31 17:06:27 INFO  Progress (3): 10.0/12 MB | 1.2/3.8 MB | 60 kB
2026.05.31 17:06:27 INFO  Progress (3): 10.0/12 MB | 1.3/3.8 MB | 60 kB
2026.05.31 17:06:27 INFO  Progress (3): 10.0/12 MB | 1.3/3.8 MB | 60 kB
2026.05.31 17:06:27 INFO  Progress (3): 10/12 MB | 1.3/3.8 MB | 60 kB  
2026.05.31 17:06:27 INFO  Progress (3): 10/12 MB | 1.3/3.8 MB | 60 kB
2026.05.31 17:06:27 INFO  Progress (3): 10/12 MB | 1.3/3.8 MB | 60 kB
2026.05.31 17:06:27 INFO  Progress (3): 10/12 MB | 1.3/3.8 MB | 60 kB
2026.05.31 17:06:27 INFO  Progress (3): 10/12 MB | 1.3/3.8 MB | 60 kB
2026.05.31 17:06:27 INFO  Progress (3): 10/12 MB | 1.3/3.8 MB | 60 kB
2026.05.31 17:06:27 INFO  Progress (3): 10/12 MB | 1.3/3.8 MB | 60 kB
2026.05.31 17:06:27 INFO  Progress (3): 10/12 MB | 1.3/3.8 MB | 60 kB
2026.05.31 17:06:27 INFO                                             
2026.05.31 17:06:27 INFO  Downloaded from central: https://repo.maven.apache.org/maven2/net/openhft/zero-allocation-hashing/0.10.1/zero-allocation-hashing-0.10.1.jar (60 kB at 47 kB/s)
2026.05.31 17:06:27 INFO  Progress (2): 10/12 MB | 1.3/3.8 MB
2026.05.31 17:06:27 INFO  Progress (2): 10/12 MB | 1.3/3.8 MB
2026.05.31 17:06:27 INFO  Progress (2): 10/12 MB | 1.3/3.8 MB
2026.05.31 17:06:27 INFO  Progress (2): 10/12 MB | 1.3/3.8 MB
2026.05.31 17:06:27 INFO  Progress (2): 10/12 MB | 1.3/3.8 MB
2026.05.31 17:06:27 INFO  Progress (2): 10/12 MB | 1.3/3.8 MB
2026.05.31 17:06:27 INFO  Progress (3): 10/12 MB | 1.3/3.8 MB | 7.3/19 kB
2026.05.31 17:06:27 INFO  Progress (3): 10/12 MB | 1.3/3.8 MB | 7.3/19 kB
2026.05.31 17:06:27 INFO  Progress (3): 10/12 MB | 1.4/3.8 MB | 7.3/19 kB
2026.05.31 17:06:27 INFO  Progress (3): 10/12 MB | 1.4/3.8 MB | 7.3/19 kB
2026.05.31 17:06:27 INFO  Progress (3): 10/12 MB | 1.4/3.8 MB | 7.3/19 kB
2026.05.31 17:06:27 INFO  Progress (3): 10/12 MB | 1.4/3.8 MB | 7.3/19 kB
2026.05.31 17:06:27 INFO  Progress (3): 10/12 MB | 1.4/3.8 MB | 19 kB    
2026.05.31 17:06:27 INFO  Progress (3): 10/12 MB | 1.4/3.8 MB | 19 kB
2026.05.31 17:06:27 INFO  Progress (3): 10/12 MB | 1.4/3.8 MB | 19 kB
2026.05.31 17:06:27 INFO  Progress (3): 10/12 MB | 1.4/3.8 MB | 19 kB
2026.05.31 17:06:27 INFO  Progress (3): 10/12 MB | 1.4/3.8 MB | 19 kB
2026.05.31 17:06:27 INFO  Progress (3): 10/12 MB | 1.4/3.8 MB | 19 kB
2026.05.31 17:06:27 INFO  Progress (3): 10/12 MB | 1.4/3.8 MB | 19 kB
2026.05.31 17:06:27 INFO  Progress (3): 10/12 MB | 1.4/3.8 MB | 19 kB
2026.05.31 17:06:27 INFO  Progress (3): 10/12 MB | 1.4/3.8 MB | 19 kB
2026.05.31 17:06:27 INFO  Progress (3): 10/12 MB | 1.4/3.8 MB | 19 kB
2026.05.31 17:06:27 INFO  Progress (3): 10/12 MB | 1.4/3.8 MB | 19 kB
2026.05.31 17:06:27 INFO  Progress (3): 10/12 MB | 1.4/3.8 MB | 19 kB
2026.05.31 17:06:27 INFO  Progress (3): 10/12 MB | 1.4/3.8 MB | 19 kB
2026.05.31 17:06:27 INFO  Progress (3): 10/12 MB | 1.5/3.8 MB | 19 kB
2026.05.31 17:06:27 INFO  Progress (3): 10/12 MB | 1.5/3.8 MB | 19 kB
2026.05.31 17:06:27 INFO  Progress (3): 10/12 MB | 1.5/3.8 MB | 19 kB
2026.05.31 17:06:27 INFO  Progress (3): 10/12 MB | 1.5/3.8 MB | 19 kB
2026.05.31 17:06:27 INFO  Progress (3): 10/12 MB | 1.5/3.8 MB | 19 kB
2026.05.31 17:06:27 INFO  Progress (3): 10/12 MB | 1.5/3.8 MB | 19 kB
2026.05.31 17:06:27 INFO  Progress (3): 10/12 MB | 1.6/3.8 MB | 19 kB
2026.05.31 17:06:27 INFO  Progress (3): 10/12 MB | 1.6/3.8 MB | 19 kB
2026.05.31 17:06:27 INFO  Progress (3): 10/12 MB | 1.6/3.8 MB | 19 kB
2026.05.31 17:06:27 INFO                                             
2026.05.31 17:06:27 INFO  Downloaded from central: https://repo.maven.apache.org/maven2/org/scala-sbt/util-control_2.13/1.8.0/util-control_2.13-1.8.0.jar (19 kB at 15 kB/s)
2026.05.31 17:06:27 INFO  Progress (2): 10/12 MB | 1.6/3.8 MB
2026.05.31 17:06:27 INFO  Progress (2): 10/12 MB | 1.6/3.8 MB
2026.05.31 17:06:27 INFO  Progress (2): 10/12 MB | 1.6/3.8 MB
2026.05.31 17:06:27 INFO  Progress (2): 10/12 MB | 1.6/3.8 MB
2026.05.31 17:06:27 INFO  Progress (2): 10/12 MB | 1.6/3.8 MB
2026.05.31 17:06:27 INFO  Progress (2): 10/12 MB | 1.6/3.8 MB
2026.05.31 17:06:27 INFO  Progress (2): 10/12 MB | 1.6/3.8 MB
2026.05.31 17:06:27 INFO  Progress (2): 10/12 MB | 1.6/3.8 MB
2026.05.31 17:06:27 INFO  Progress (2): 10/12 MB | 1.6/3.8 MB
2026.05.31 17:06:27 INFO  Progress (2): 10/12 MB | 1.7/3.8 MB
2026.05.31 17:06:27 INFO  Progress (2): 10/12 MB | 1.7/3.8 MB
2026.05.31 17:06:27 INFO  Progress (2): 10/12 MB | 1.7/3.8 MB
2026.05.31 17:06:27 INFO  Progress (2): 10/12 MB | 1.7/3.8 MB
2026.05.31 17:06:27 INFO  Progress (2): 10/12 MB | 1.7/3.8 MB
2026.05.31 17:06:27 INFO  Progress (2): 10/12 MB | 1.7/3.8 MB
2026.05.31 17:06:27 INFO  Progress (2): 11/12 MB | 1.7/3.8 MB
2026.05.31 17:06:27 INFO  Progress (2): 11/12 MB | 1.7/3.8 MB
2026.05.31 17:06:27 INFO  Progress (2): 11/12 MB | 1.7/3.8 MB
2026.05.31 17:06:27 INFO  Progress (2): 11/12 MB | 1.7/3.8 MB
2026.05.31 17:06:27 INFO  Progress (2): 11/12 MB | 1.7/3.8 MB
2026.05.31 17:06:27 INFO  Progress (2): 11/12 MB | 1.7/3.8 MB
2026.05.31 17:06:27 INFO  Progress (2): 11/12 MB | 1.7/3.8 MB
2026.05.31 17:06:27 INFO  Progress (2): 11/12 MB | 1.7/3.8 MB
2026.05.31 17:06:27 INFO  Progress (2): 11/12 MB | 1.7/3.8 MB
2026.05.31 17:06:27 INFO  Progress (2): 11/12 MB | 1.7/3.8 MB
2026.05.31 17:06:27 INFO  Progress (2): 11/12 MB | 1.7/3.8 MB
2026.05.31 17:06:27 INFO  Progress (2): 11/12 MB | 1.7/3.8 MB
2026.05.31 17:06:27 INFO  Progress (2): 11/12 MB | 1.7/3.8 MB
2026.05.31 17:06:27 INFO  Progress (2): 11/12 MB | 1.7/3.8 MB
2026.05.31 17:06:27 INFO  Progress (2): 11/12 MB | 1.7/3.8 MB
2026.05.31 17:06:27 INFO  Progress (2): 11/12 MB | 1.7/3.8 MB
2026.05.31 17:06:27 INFO  Progress (2): 11/12 MB | 1.8/3.8 MB
2026.05.31 17:06:27 INFO  Progress (2): 11/12 MB | 1.8/3.8 MB
2026.05.31 17:06:27 INFO  Progress (2): 11/12 MB | 1.8/3.8 MB
2026.05.31 17:06:27 INFO  Progress (2): 11/12 MB | 1.8/3.8 MB
2026.05.31 17:06:27 INFO  Progress (2): 11/12 MB | 1.8/3.8 MB
2026.05.31 17:06:27 INFO  Progress (2): 11/12 MB | 1.8/3.8 MB
2026.05.31 17:06:27 INFO  Progress (2): 11/12 MB | 1.8/3.8 MB
2026.05.31 17:06:27 INFO  Progress (3): 11/12 MB | 1.8/3.8 MB | 7.7/108 kB
2026.05.31 17:06:27 INFO  Progress (3): 11/12 MB | 1.8/3.8 MB | 16/108 kB 
2026.05.31 17:06:27 INFO  Progress (3): 11/12 MB | 1.8/3.8 MB | 25/108 kB
2026.05.31 17:06:27 INFO  Progress (3): 11/12 MB | 1.8/3.8 MB | 41/108 kB
2026.05.31 17:06:27 INFO  Progress (3): 11/12 MB | 1.8/3.8 MB | 57/108 kB
2026.05.31 17:06:27 INFO  Progress (3): 11/12 MB | 1.8/3.8 MB | 57/108 kB
2026.05.31 17:06:27 INFO  Progress (3): 11/12 MB | 1.8/3.8 MB | 57/108 kB
2026.05.31 17:06:27 INFO  Progress (3): 11/12 MB | 1.8/3.8 MB | 74/108 kB
2026.05.31 17:06:27 INFO  Progress (3): 11/12 MB | 1.8/3.8 MB | 74/108 kB
2026.05.31 17:06:27 INFO  Progress (3): 11/12 MB | 1.8/3.8 MB | 90/108 kB
2026.05.31 17:06:27 INFO  Progress (3): 11/12 MB | 1.8/3.8 MB | 106/108 kB
2026.05.31 17:06:27 INFO  Progress (3): 11/12 MB | 1.8/3.8 MB | 108 kB    
2026.05.31 17:06:27 INFO  Progress (3): 11/12 MB | 1.8/3.8 MB | 108 kB
2026.05.31 17:06:27 INFO  Progress (3): 11/12 MB | 1.8/3.8 MB | 108 kB
2026.05.31 17:06:27 INFO  Progress (3): 11/12 MB | 1.8/3.8 MB | 108 kB
2026.05.31 17:06:27 INFO  Progress (3): 11/12 MB | 1.8/3.8 MB | 108 kB
2026.05.31 17:06:27 INFO  Progress (3): 11/12 MB | 1.8/3.8 MB | 108 kB
2026.05.31 17:06:27 INFO  Progress (3): 11/12 MB | 1.9/3.8 MB | 108 kB
2026.05.31 17:06:27 INFO  Progress (3): 11/12 MB | 1.9/3.8 MB | 108 kB
2026.05.31 17:06:27 INFO  Progress (3): 11/12 MB | 1.9/3.8 MB | 108 kB
2026.05.31 17:06:27 INFO  Progress (3): 11/12 MB | 1.9/3.8 MB | 108 kB
2026.05.31 17:06:27 INFO  Progress (3): 11/12 MB | 1.9/3.8 MB | 108 kB
2026.05.31 17:06:27 INFO  Progress (3): 11/12 MB | 1.9/3.8 MB | 108 kB
2026.05.31 17:06:27 INFO  Progress (3): 11/12 MB | 1.9/3.8 MB | 108 kB
2026.05.31 17:06:27 INFO  Progress (3): 11/12 MB | 1.9/3.8 MB | 108 kB
2026.05.31 17:06:27 INFO  Progress (3): 11/12 MB | 1.9/3.8 MB | 108 kB
2026.05.31 17:06:27 INFO  Progress (3): 11/12 MB | 1.9/3.8 MB | 108 kB
2026.05.31 17:06:27 INFO                                              
2026.05.31 17:06:27 INFO  Downloaded from central: https://repo.maven.apache.org/maven2/org/scala-sbt/zinc-classfile_2.13/1.8.0/zinc-classfile_2.13-1.8.0.jar (108 kB at 80 kB/s)
2026.05.31 17:06:27 INFO  Progress (2): 11/12 MB | 1.9/3.8 MB
2026.05.31 17:06:27 INFO  Progress (2): 11/12 MB | 1.9/3.8 MB
2026.05.31 17:06:27 INFO  Progress (2): 11/12 MB | 1.9/3.8 MB
2026.05.31 17:06:27 INFO  Progress (2): 11/12 MB | 1.9/3.8 MB
2026.05.31 17:06:27 INFO  Progress (2): 11/12 MB | 2.0/3.8 MB
2026.05.31 17:06:27 INFO  Progress (2): 11/12 MB | 2.0/3.8 MB
2026.05.31 17:06:27 INFO  Progress (2): 11/12 MB | 2.0/3.8 MB
2026.05.31 17:06:27 INFO  Progress (2): 11/12 MB | 2.0/3.8 MB
2026.05.31 17:06:27 INFO  Progress (2): 11/12 MB | 2.0/3.8 MB
2026.05.31 17:06:27 INFO  Progress (2): 11/12 MB | 2.0/3.8 MB
2026.05.31 17:06:27 INFO  Progress (2): 11/12 MB | 2.0/3.8 MB
2026.05.31 17:06:27 INFO  Progress (2): 11/12 MB | 2.0/3.8 MB
2026.05.31 17:06:27 INFO  Progress (2): 11/12 MB | 2.0/3.8 MB
2026.05.31 17:06:27 INFO  Progress (2): 11/12 MB | 2.0/3.8 MB
2026.05.31 17:06:27 INFO  Progress (2): 11/12 MB | 2.0/3.8 MB
2026.05.31 17:06:27 INFO  Progress (2): 11/12 MB | 2.0/3.8 MB
2026.05.31 17:06:27 INFO  Progress (2): 11/12 MB | 2.0/3.8 MB
2026.05.31 17:06:27 INFO  Progress (2): 11/12 MB | 2.0/3.8 MB
2026.05.31 17:06:27 INFO  Progress (2): 11/12 MB | 2.1/3.8 MB
2026.05.31 17:06:27 INFO  Progress (2): 11/12 MB | 2.1/3.8 MB
2026.05.31 17:06:27 INFO  Progress (2): 11/12 MB | 2.1/3.8 MB
2026.05.31 17:06:27 INFO  Progress (2): 11/12 MB | 2.1/3.8 MB
2026.05.31 17:06:27 INFO  Progress (2): 11/12 MB | 2.1/3.8 MB
2026.05.31 17:06:27 INFO  Progress (2): 11/12 MB | 2.1/3.8 MB
2026.05.31 17:06:27 INFO  Progress (2): 11/12 MB | 2.1/3.8 MB
2026.05.31 17:06:27 INFO  Progress (2): 11/12 MB | 2.1/3.8 MB
2026.05.31 17:06:27 INFO  Progress (2): 11/12 MB | 2.1/3.8 MB
2026.05.31 17:06:27 INFO  Progress (2): 11/12 MB | 2.1/3.8 MB
2026.05.31 17:06:27 INFO  Progress (2): 11/12 MB | 2.1/3.8 MB
2026.05.31 17:06:27 INFO  Progress (2): 11/12 MB | 2.1/3.8 MB
2026.05.31 17:06:27 INFO  Progress (2): 11/12 MB | 2.1/3.8 MB
2026.05.31 17:06:27 INFO  Progress (2): 11/12 MB | 2.1/3.8 MB
2026.05.31 17:06:27 INFO  Progress (2): 11/12 MB | 2.1/3.8 MB
2026.05.31 17:06:27 INFO  Progress (2): 11/12 MB | 2.1/3.8 MB
2026.05.31 17:06:27 INFO  Progress (2): 11/12 MB | 2.1/3.8 MB
2026.05.31 17:06:27 INFO  Progress (2): 11/12 MB | 2.1/3.8 MB
2026.05.31 17:06:27 INFO  Progress (2): 11/12 MB | 2.1/3.8 MB
2026.05.31 17:06:27 INFO  Progress (2): 11/12 MB | 2.1/3.8 MB
2026.05.31 17:06:27 INFO  Progress (2): 11/12 MB | 2.1/3.8 MB
2026.05.31 17:06:27 INFO  Progress (2): 11/12 MB | 2.1/3.8 MB
2026.05.31 17:06:27 INFO  Progress (2): 11/12 MB | 2.1/3.8 MB
2026.05.31 17:06:27 INFO  Progress (2): 11/12 MB | 2.2/3.8 MB
2026.05.31 17:06:27 INFO  Progress (2): 11/12 MB | 2.2/3.8 MB
2026.05.31 17:06:27 INFO  Progress (2): 11/12 MB | 2.2/3.8 MB
2026.05.31 17:06:27 INFO  Progress (2): 11/12 MB | 2.2/3.8 MB
2026.05.31 17:06:27 INFO  Progress (2): 11/12 MB | 2.2/3.8 MB
2026.05.31 17:06:27 INFO  Progress (2): 11/12 MB | 2.2/3.8 MB
2026.05.31 17:06:27 INFO  Progress (2): 11/12 MB | 2.2/3.8 MB
2026.05.31 17:06:27 INFO  Progress (2): 11/12 MB | 2.2/3.8 MB
2026.05.31 17:06:27 INFO  Progress (2): 11/12 MB | 2.2/3.8 MB
2026.05.31 17:06:27 INFO  Progress (2): 11/12 MB | 2.2/3.8 MB
2026.05.31 17:06:27 INFO  Progress (2): 11/12 MB | 2.2/3.8 MB
2026.05.31 17:06:27 INFO  Progress (2): 11/12 MB | 2.2/3.8 MB
2026.05.31 17:06:27 INFO  Progress (2): 12/12 MB | 2.2/3.8 MB
2026.05.31 17:06:27 INFO  Progress (2): 12/12 MB | 2.2/3.8 MB
2026.05.31 17:06:27 INFO  Progress (2): 12/12 MB | 2.2/3.8 MB
2026.05.31 17:06:27 INFO  Progress (2): 12/12 MB | 2.2/3.8 MB
2026.05.31 17:06:27 INFO  Progress (2): 12/12 MB | 2.2/3.8 MB
2026.05.31 17:06:27 INFO  Progress (2): 12/12 MB | 2.2/3.8 MB
2026.05.31 17:06:27 INFO  Progress (2): 12/12 MB | 2.3/3.8 MB
2026.05.31 17:06:27 INFO  Progress (2): 12/12 MB | 2.3/3.8 MB
2026.05.31 17:06:27 INFO  Progress (2): 12/12 MB | 2.3/3.8 MB
2026.05.31 17:06:27 INFO  Progress (2): 12/12 MB | 2.3/3.8 MB
2026.05.31 17:06:27 INFO  Progress (2): 12/12 MB | 2.3/3.8 MB
2026.05.31 17:06:27 INFO  Progress (2): 12/12 MB | 2.3/3.8 MB
2026.05.31 17:06:27 INFO  Progress (2): 12/12 MB | 2.3/3.8 MB
2026.05.31 17:06:27 INFO  Progress (2): 12/12 MB | 2.3/3.8 MB
2026.05.31 17:06:27 INFO  Progress (2): 12/12 MB | 2.3/3.8 MB
2026.05.31 17:06:27 INFO  Progress (2): 12/12 MB | 2.3/3.8 MB
2026.05.31 17:06:27 INFO  Progress (2): 12/12 MB | 2.3/3.8 MB
2026.05.31 17:06:27 INFO  Progress (2): 12/12 MB | 2.3/3.8 MB
2026.05.31 17:06:27 INFO  Progress (2): 12/12 MB | 2.3/3.8 MB
2026.05.31 17:06:27 INFO  Progress (2): 12/12 MB | 2.3/3.8 MB
2026.05.31 17:06:27 INFO  Progress (2): 12/12 MB | 2.3/3.8 MB
2026.05.31 17:06:27 INFO  Progress (2): 12/12 MB | 2.3/3.8 MB
2026.05.31 17:06:27 INFO  Progress (2): 12/12 MB | 2.3/3.8 MB
2026.05.31 17:06:27 INFO  Progress (2): 12/12 MB | 2.4/3.8 MB
2026.05.31 17:06:27 INFO  Progress (2): 12/12 MB | 2.4/3.8 MB
2026.05.31 17:06:27 INFO  Progress (2): 12/12 MB | 2.4/3.8 MB
2026.05.31 17:06:27 INFO  Progress (2): 12/12 MB | 2.4/3.8 MB
2026.05.31 17:06:27 INFO  Progress (2): 12/12 MB | 2.4/3.8 MB
2026.05.31 17:06:27 INFO  Progress (2): 12/12 MB | 2.4/3.8 MB
2026.05.31 17:06:27 INFO  Progress (2): 12/12 MB | 2.4/3.8 MB
2026.05.31 17:06:27 INFO  Progress (2): 12/12 MB | 2.4/3.8 MB
2026.05.31 17:06:27 INFO  Progress (2): 12/12 MB | 2.4/3.8 MB
2026.05.31 17:06:27 INFO  Progress (2): 12/12 MB | 2.4/3.8 MB
2026.05.31 17:06:27 INFO  Progress (2): 12/12 MB | 2.4/3.8 MB
2026.05.31 17:06:27 INFO  Progress (2): 12/12 MB | 2.4/3.8 MB
2026.05.31 17:06:27 INFO  Progress (2): 12/12 MB | 2.4/3.8 MB
2026.05.31 17:06:27 INFO  Progress (2): 12/12 MB | 2.4/3.8 MB
2026.05.31 17:06:27 INFO  Progress (2): 12/12 MB | 2.4/3.8 MB
2026.05.31 17:06:27 INFO  Progress (2): 12/12 MB | 2.4/3.8 MB
2026.05.31 17:06:27 INFO  Progress (2): 12/12 MB | 2.4/3.8 MB
2026.05.31 17:06:27 INFO  Progress (2): 12/12 MB | 2.4/3.8 MB
2026.05.31 17:06:27 INFO  Progress (2): 12/12 MB | 2.4/3.8 MB
2026.05.31 17:06:27 INFO  Progress (2): 12/12 MB | 2.4/3.8 MB
2026.05.31 17:06:27 INFO  Progress (2): 12/12 MB | 2.4/3.8 MB
2026.05.31 17:06:27 INFO  Progress (2): 12/12 MB | 2.4/3.8 MB
2026.05.31 17:06:27 INFO  Progress (2): 12/12 MB | 2.5/3.8 MB
2026.05.31 17:06:27 INFO  Progress (2): 12/12 MB | 2.5/3.8 MB
2026.05.31 17:06:27 INFO  Progress (2): 12/12 MB | 2.5/3.8 MB
2026.05.31 17:06:27 INFO  Progress (2): 12/12 MB | 2.5/3.8 MB
2026.05.31 17:06:27 INFO  Progress (2): 12/12 MB | 2.5/3.8 MB
2026.05.31 17:06:27 INFO  Progress (2): 12/12 MB | 2.5/3.8 MB
2026.05.31 17:06:27 INFO  Progress (2): 12/12 MB | 2.5/3.8 MB
2026.05.31 17:06:27 INFO  Progress (2): 12/12 MB | 2.5/3.8 MB
2026.05.31 17:06:27 INFO  Progress (2): 12/12 MB | 2.5/3.8 MB
2026.05.31 17:06:27 INFO  Progress (2): 12 MB | 2.5/3.8 MB   
2026.05.31 17:06:27 INFO  Progress (2): 12 MB | 2.5/3.8 MB
2026.05.31 17:06:27 INFO  Progress (2): 12 MB | 2.5/3.8 MB
2026.05.31 17:06:27 INFO  Progress (2): 12 MB | 2.5/3.8 MB
2026.05.31 17:06:27 INFO  Progress (2): 12 MB | 2.6/3.8 MB
2026.05.31 17:06:27 INFO  Progress (2): 12 MB | 2.6/3.8 MB
2026.05.31 17:06:27 INFO  Progress (2): 12 MB | 2.6/3.8 MB
2026.05.31 17:06:27 INFO  Progress (2): 12 MB | 2.6/3.8 MB
2026.05.31 17:06:27 INFO  Progress (2): 12 MB | 2.6/3.8 MB
2026.05.31 17:06:27 INFO  Progress (2): 12 MB | 2.6/3.8 MB
2026.05.31 17:06:27 INFO  Progress (2): 12 MB | 2.7/3.8 MB
2026.05.31 17:06:27 INFO  Progress (2): 12 MB | 2.7/3.8 MB
2026.05.31 17:06:27 INFO  Progress (2): 12 MB | 2.7/3.8 MB
2026.05.31 17:06:27 INFO  Progress (2): 12 MB | 2.7/3.8 MB
2026.05.31 17:06:27 INFO  Progress (2): 12 MB | 2.7/3.8 MB
2026.05.31 17:06:27 INFO  Progress (2): 12 MB | 2.7/3.8 MB
2026.05.31 17:06:27 INFO  Progress (2): 12 MB | 2.8/3.8 MB
2026.05.31 17:06:27 INFO  Progress (2): 12 MB | 2.8/3.8 MB
2026.05.31 17:06:27 INFO  Progress (2): 12 MB | 2.8/3.8 MB
2026.05.31 17:06:27 INFO  Progress (2): 12 MB | 2.8/3.8 MB
2026.05.31 17:06:27 INFO  Progress (2): 12 MB | 2.8/3.8 MB
2026.05.31 17:06:27 INFO  Progress (2): 12 MB | 2.8/3.8 MB
2026.05.31 17:06:27 INFO  Progress (2): 12 MB | 2.9/3.8 MB
2026.05.31 17:06:27 INFO  Progress (2): 12 MB | 2.9/3.8 MB
2026.05.31 17:06:27 INFO  Progress (2): 12 MB | 2.9/3.8 MB
2026.05.31 17:06:27 INFO  Progress (2): 12 MB | 2.9/3.8 MB
2026.05.31 17:06:27 INFO  Progress (2): 12 MB | 2.9/3.8 MB
2026.05.31 17:06:27 INFO  Progress (2): 12 MB | 2.9/3.8 MB
2026.05.31 17:06:27 INFO  Progress (2): 12 MB | 3.0/3.8 MB
2026.05.31 17:06:27 INFO  Progress (2): 12 MB | 3.0/3.8 MB
2026.05.31 17:06:27 INFO  Progress (2): 12 MB | 3.0/3.8 MB
2026.05.31 17:06:27 INFO  Progress (2): 12 MB | 3.0/3.8 MB
2026.05.31 17:06:27 INFO  Progress (2): 12 MB | 3.0/3.8 MB
2026.05.31 17:06:27 INFO                                  
2026.05.31 17:06:27 INFO  Downloaded from central: https://repo.maven.apache.org/maven2/org/scala-lang/scala-compiler/2.13.8/scala-compiler-2.13.8.jar (12 MB at 8.3 MB/s)
2026.05.31 17:06:27 INFO  Progress (1): 3.0/3.8 MB
2026.05.31 17:06:27 INFO  Progress (1): 3.1/3.8 MB
2026.05.31 17:06:27 INFO  Progress (1): 3.1/3.8 MB
2026.05.31 17:06:27 INFO  Progress (1): 3.1/3.8 MB
2026.05.31 17:06:27 INFO  Progress (1): 3.1/3.8 MB
2026.05.31 17:06:27 INFO  Progress (1): 3.1/3.8 MB
2026.05.31 17:06:27 INFO  Progress (1): 3.1/3.8 MB
2026.05.31 17:06:27 INFO  Progress (1): 3.1/3.8 MB
2026.05.31 17:06:27 INFO  Progress (1): 3.2/3.8 MB
2026.05.31 17:06:27 INFO  Progress (1): 3.2/3.8 MB
2026.05.31 17:06:27 INFO  Progress (1): 3.2/3.8 MB
2026.05.31 17:06:27 INFO  Progress (1): 3.2/3.8 MB
2026.05.31 17:06:27 INFO  Progress (1): 3.2/3.8 MB
2026.05.31 17:06:27 INFO  Progress (1): 3.2/3.8 MB
2026.05.31 17:06:27 INFO  Progress (1): 3.3/3.8 MB
2026.05.31 17:06:27 INFO  Progress (1): 3.3/3.8 MB
2026.05.31 17:06:27 INFO  Progress (1): 3.3/3.8 MB
2026.05.31 17:06:27 INFO  Progress (1): 3.3/3.8 MB
2026.05.31 17:06:27 INFO  Progress (1): 3.3/3.8 MB
2026.05.31 17:06:27 INFO  Progress (1): 3.3/3.8 MB
2026.05.31 17:06:27 INFO  Progress (1): 3.4/3.8 MB
2026.05.31 17:06:27 INFO  Progress (1): 3.4/3.8 MB
2026.05.31 17:06:27 INFO  Progress (1): 3.4/3.8 MB
2026.05.31 17:06:27 INFO  Progress (1): 3.4/3.8 MB
2026.05.31 17:06:27 INFO  Progress (1): 3.4/3.8 MB
2026.05.31 17:06:27 INFO  Progress (1): 3.4/3.8 MB
2026.05.31 17:06:27 INFO  Progress (1): 3.5/3.8 MB
2026.05.31 17:06:27 INFO  Progress (1): 3.5/3.8 MB
2026.05.31 17:06:27 INFO  Progress (1): 3.5/3.8 MB
2026.05.31 17:06:27 INFO  Progress (1): 3.5/3.8 MB
2026.05.31 17:06:27 INFO  Progress (1): 3.5/3.8 MB
2026.05.31 17:06:27 INFO  Progress (1): 3.5/3.8 MB
2026.05.31 17:06:27 INFO  Progress (1): 3.6/3.8 MB
2026.05.31 17:06:27 INFO  Progress (1): 3.6/3.8 MB
2026.05.31 17:06:27 INFO  Progress (1): 3.6/3.8 MB
2026.05.31 17:06:27 INFO  Progress (1): 3.6/3.8 MB
2026.05.31 17:06:27 INFO  Progress (1): 3.6/3.8 MB
2026.05.31 17:06:27 INFO  Progress (1): 3.6/3.8 MB
2026.05.31 17:06:27 INFO  Progress (1): 3.7/3.8 MB
2026.05.31 17:06:27 INFO  Progress (1): 3.7/3.8 MB
2026.05.31 17:06:27 INFO  Progress (1): 3.7/3.8 MB
2026.05.31 17:06:27 INFO  Progress (1): 3.7/3.8 MB
2026.05.31 17:06:27 INFO  Progress (1): 3.7/3.8 MB
2026.05.31 17:06:27 INFO  Progress (1): 3.7/3.8 MB
2026.05.31 17:06:27 INFO  Progress (1): 3.8/3.8 MB
2026.05.31 17:06:27 INFO  Progress (1): 3.8 MB    
2026.05.31 17:06:27 INFO                      
2026.05.31 17:06:27 INFO  Downloaded from central: https://repo.maven.apache.org/maven2/org/scala-lang/scala-reflect/2.13.8/scala-reflect-2.13.8.jar (3.8 MB at 2.4 MB/s)
2026.05.31 17:06:28 INFO  [ERROR] org.scala-lang:scala([0-9]?)-library is missing from project dependencies
2026.05.31 17:06:28 INFO  [ERROR] org.scala-lang:scala([0-9]?)-library is missing from project dependencies
2026.05.31 17:06:28 INFO  [INFO] Resolving artifact: org.opentest4j:opentest4j:jar:1.3.0:test (sources = false)
2026.05.31 17:06:28 INFO  [INFO] SUCCESS: org.opentest4j:opentest4j:jar:1.3.0:test (sources = false)
2026.05.31 17:06:28 INFO  [INFO] Resolving artifact: org.opentest4j:opentest4j:jar:1.3.0:test (sources = true)
2026.05.31 17:06:28 INFO  [INFO] SUCCESS: org.opentest4j:opentest4j:jar:1.3.0:test (sources = true)
2026.05.31 17:06:28 INFO  [INFO] Resolving artifact: org.assertj:assertj-core:jar:3.27.7:test (sources = false)
2026.05.31 17:06:28 INFO  [INFO] SUCCESS: org.assertj:assertj-core:jar:3.27.7:test (sources = false)
2026.05.31 17:06:28 INFO  [INFO] Resolving artifact: org.assertj:assertj-core:jar:3.27.7:test (sources = true)
2026.05.31 17:06:28 INFO  [INFO] SUCCESS: org.assertj:assertj-core:jar:3.27.7:test (sources = true)
2026.05.31 17:06:28 INFO  [INFO] Resolving artifact: org.junit.platform:junit-platform-commons:jar:6.0.3:test (sources = false)
2026.05.31 17:06:28 INFO  [INFO] SUCCESS: org.junit.platform:junit-platform-commons:jar:6.0.3:test (sources = false)
2026.05.31 17:06:28 INFO  [INFO] Resolving artifact: org.junit.platform:junit-platform-commons:jar:6.0.3:test (sources = true)
2026.05.31 17:06:28 INFO  [INFO] SUCCESS: org.junit.platform:junit-platform-commons:jar:6.0.3:test (sources = true)
2026.05.31 17:06:28 INFO  [INFO] Resolving artifact: org.junit.jupiter:junit-jupiter-api:jar:6.0.3:test (sources = false)
2026.05.31 17:06:28 INFO  [INFO] SUCCESS: org.junit.jupiter:junit-jupiter-api:jar:6.0.3:test (sources = false)
2026.05.31 17:06:28 INFO  [INFO] Resolving artifact: org.junit.jupiter:junit-jupiter-api:jar:6.0.3:test (sources = true)
2026.05.31 17:06:28 INFO  [INFO] SUCCESS: org.junit.jupiter:junit-jupiter-api:jar:6.0.3:test (sources = true)
2026.05.31 17:06:28 INFO  [INFO] Resolving artifact: org.junit.platform:junit-platform-engine:jar:6.0.3:test (sources = false)
2026.05.31 17:06:28 INFO  [INFO] SUCCESS: org.junit.platform:junit-platform-engine:jar:6.0.3:test (sources = false)
2026.05.31 17:06:28 INFO  [INFO] Resolving artifact: org.junit.platform:junit-platform-engine:jar:6.0.3:test (sources = true)
2026.05.31 17:06:28 INFO  Downloading from central: https://repo.maven.apache.org/maven2/org/junit/platform/junit-platform-engine/6.0.3/junit-platform-engine-6.0.3-sources.jar
2026.05.31 17:06:28 INFO  Progress (1): 7.7/175 kB
2026.05.31 17:06:28 INFO  Progress (1): 16/175 kB 
2026.05.31 17:06:28 INFO  Progress (1): 32/175 kB
2026.05.31 17:06:28 INFO  Progress (1): 49/175 kB
2026.05.31 17:06:28 INFO  Progress (1): 57/175 kB
2026.05.31 17:06:28 INFO  Progress (1): 74/175 kB
2026.05.31 17:06:28 INFO  Progress (1): 90/175 kB
2026.05.31 17:06:28 INFO  Progress (1): 106/175 kB
2026.05.31 17:06:28 INFO  Progress (1): 115/175 kB
2026.05.31 17:06:28 INFO  Progress (1): 131/175 kB
2026.05.31 17:06:28 INFO  Progress (1): 147/175 kB
2026.05.31 17:06:28 INFO  Progress (1): 164/175 kB
2026.05.31 17:06:28 INFO  Progress (1): 175 kB    
2026.05.31 17:06:28 INFO                      
2026.05.31 17:06:28 INFO  Downloaded from central: https://repo.maven.apache.org/maven2/org/junit/platform/junit-platform-engine/6.0.3/junit-platform-engine-6.0.3-sources.jar (175 kB at 2.5 MB/s)
2026.05.31 17:06:28 INFO  [INFO] SUCCESS: org.junit.platform:junit-platform-engine:jar:6.0.3:test (sources = true)
2026.05.31 17:06:28 INFO  [INFO] Resolving artifact: org.jspecify:jspecify:jar:1.0.0:test (sources = false)
2026.05.31 17:06:28 INFO  [INFO] SUCCESS: org.jspecify:jspecify:jar:1.0.0:test (sources = false)
2026.05.31 17:06:28 INFO  [INFO] Resolving artifact: org.jspecify:jspecify:jar:1.0.0:test (sources = true)
2026.05.31 17:06:28 INFO  [INFO] SUCCESS: org.jspecify:jspecify:jar:1.0.0:test (sources = true)
2026.05.31 17:06:28 INFO  [INFO] Resolving artifact: org.apiguardian:apiguardian-api:jar:1.1.2:test (sources = false)
2026.05.31 17:06:28 INFO  [INFO] SUCCESS: org.apiguardian:apiguardian-api:jar:1.1.2:test (sources = false)
2026.05.31 17:06:28 INFO  [INFO] Resolving artifact: org.apiguardian:apiguardian-api:jar:1.1.2:test (sources = true)
2026.05.31 17:06:28 INFO  [INFO] SUCCESS: org.apiguardian:apiguardian-api:jar:1.1.2:test (sources = true)
2026.05.31 17:06:28 INFO  [INFO] Resolving artifact: net.bytebuddy:byte-buddy:jar:1.18.3:test (sources = false)
2026.05.31 17:06:28 INFO  [INFO] SUCCESS: net.bytebuddy:byte-buddy:jar:1.18.3:test (sources = false)
2026.05.31 17:06:28 INFO  [INFO] Resolving artifact: net.bytebuddy:byte-buddy:jar:1.18.3:test (sources = true)
2026.05.31 17:06:28 INFO  [INFO] SUCCESS: net.bytebuddy:byte-buddy:jar:1.18.3:test (sources = true)
2026.05.31 17:06:28 INFO  [INFO] Resolving artifact: org.junit.jupiter:junit-jupiter-engine:jar:6.0.3:test (sources = false)
2026.05.31 17:06:28 INFO  [INFO] SUCCESS: org.junit.jupiter:junit-jupiter-engine:jar:6.0.3:test (sources = false)
2026.05.31 17:06:28 INFO  [INFO] Resolving artifact: org.junit.jupiter:junit-jupiter-engine:jar:6.0.3:test (sources = true)
2026.05.31 17:06:28 INFO  Downloading from central: https://repo.maven.apache.org/maven2/org/junit/jupiter/junit-jupiter-engine/6.0.3/junit-jupiter-engine-6.0.3-sources.jar
2026.05.31 17:06:28 INFO  Progress (1): 7.7/173 kB
2026.05.31 17:06:28 INFO  Progress (1): 11/173 kB 
2026.05.31 17:06:28 INFO  Progress (1): 28/173 kB
2026.05.31 17:06:28 INFO  Progress (1): 44/173 kB
2026.05.31 17:06:28 INFO  Progress (1): 61/173 kB
2026.05.31 17:06:28 INFO  Progress (1): 66/173 kB
2026.05.31 17:06:28 INFO  Progress (1): 82/173 kB
2026.05.31 17:06:28 INFO  Progress (1): 98/173 kB
2026.05.31 17:06:28 INFO  Progress (1): 115/173 kB
2026.05.31 17:06:28 INFO  Progress (1): 131/173 kB
2026.05.31 17:06:28 INFO  Progress (1): 147/173 kB
2026.05.31 17:06:28 INFO  Progress (1): 164/173 kB
2026.05.31 17:06:28 INFO  Progress (1): 173 kB    
2026.05.31 17:06:28 INFO                      
2026.05.31 17:06:28 INFO  Downloaded from central: https://repo.maven.apache.org/maven2/org/junit/jupiter/junit-jupiter-engine/6.0.3/junit-jupiter-engine-6.0.3-sources.jar (173 kB at 2.5 MB/s)
2026.05.31 17:06:28 INFO  [INFO] SUCCESS: org.junit.jupiter:junit-jupiter-engine:jar:6.0.3:test (sources = true)
2026.05.31 17:06:28 INFO  [INFO] Generated .bloop\NumberUtils.json
2026.05.31 17:06:28 INFO  [INFO] Resolving artifact: org.opentest4j:opentest4j:jar:1.3.0:test (sources = false)
2026.05.31 17:06:28 INFO  [INFO] SUCCESS: org.opentest4j:opentest4j:jar:1.3.0:test (sources = false)
2026.05.31 17:06:28 INFO  [INFO] Resolving artifact: org.opentest4j:opentest4j:jar:1.3.0:test (sources = true)
2026.05.31 17:06:28 INFO  [INFO] SUCCESS: org.opentest4j:opentest4j:jar:1.3.0:test (sources = true)
2026.05.31 17:06:28 INFO  [INFO] Resolving artifact: org.assertj:assertj-core:jar:3.27.7:test (sources = false)
2026.05.31 17:06:28 INFO  [INFO] SUCCESS: org.assertj:assertj-core:jar:3.27.7:test (sources = false)
2026.05.31 17:06:28 INFO  [INFO] Resolving artifact: org.assertj:assertj-core:jar:3.27.7:test (sources = true)
2026.05.31 17:06:28 INFO  [INFO] SUCCESS: org.assertj:assertj-core:jar:3.27.7:test (sources = true)
2026.05.31 17:06:28 INFO  [INFO] Resolving artifact: org.junit.platform:junit-platform-commons:jar:6.0.3:test (sources = false)
2026.05.31 17:06:28 INFO  [INFO] SUCCESS: org.junit.platform:junit-platform-commons:jar:6.0.3:test (sources = false)
2026.05.31 17:06:28 INFO  [INFO] Resolving artifact: org.junit.platform:junit-platform-commons:jar:6.0.3:test (sources = true)
2026.05.31 17:06:28 INFO  [INFO] SUCCESS: org.junit.platform:junit-platform-commons:jar:6.0.3:test (sources = true)
2026.05.31 17:06:28 INFO  [INFO] Resolving artifact: org.junit.jupiter:junit-jupiter-api:jar:6.0.3:test (sources = false)
2026.05.31 17:06:28 INFO  [INFO] SUCCESS: org.junit.jupiter:junit-jupiter-api:jar:6.0.3:test (sources = false)
2026.05.31 17:06:28 INFO  [INFO] Resolving artifact: org.junit.jupiter:junit-jupiter-api:jar:6.0.3:test (sources = true)
2026.05.31 17:06:28 INFO  [INFO] SUCCESS: org.junit.jupiter:junit-jupiter-api:jar:6.0.3:test (sources = true)
2026.05.31 17:06:28 INFO  [INFO] Resolving artifact: org.junit.platform:junit-platform-engine:jar:6.0.3:test (sources = false)
2026.05.31 17:06:28 INFO  [INFO] SUCCESS: org.junit.platform:junit-platform-engine:jar:6.0.3:test (sources = false)
2026.05.31 17:06:28 INFO  [INFO] Resolving artifact: org.junit.platform:junit-platform-engine:jar:6.0.3:test (sources = true)
2026.05.31 17:06:28 INFO  [INFO] SUCCESS: org.junit.platform:junit-platform-engine:jar:6.0.3:test (sources = true)
2026.05.31 17:06:28 INFO  [INFO] Resolving artifact: org.jspecify:jspecify:jar:1.0.0:test (sources = false)
2026.05.31 17:06:28 INFO  [INFO] SUCCESS: org.jspecify:jspecify:jar:1.0.0:test (sources = false)
2026.05.31 17:06:28 INFO  [INFO] Resolving artifact: org.jspecify:jspecify:jar:1.0.0:test (sources = true)
2026.05.31 17:06:28 INFO  [INFO] SUCCESS: org.jspecify:jspecify:jar:1.0.0:test (sources = true)
2026.05.31 17:06:28 INFO  [INFO] Resolving artifact: org.apiguardian:apiguardian-api:jar:1.1.2:test (sources = false)
2026.05.31 17:06:28 INFO  [INFO] SUCCESS: org.apiguardian:apiguardian-api:jar:1.1.2:test (sources = false)
2026.05.31 17:06:28 INFO  [INFO] Resolving artifact: org.apiguardian:apiguardian-api:jar:1.1.2:test (sources = true)
2026.05.31 17:06:28 INFO  [INFO] SUCCESS: org.apiguardian:apiguardian-api:jar:1.1.2:test (sources = true)
2026.05.31 17:06:28 INFO  [INFO] Resolving artifact: net.bytebuddy:byte-buddy:jar:1.18.3:test (sources = false)
2026.05.31 17:06:28 INFO  [INFO] SUCCESS: net.bytebuddy:byte-buddy:jar:1.18.3:test (sources = false)
2026.05.31 17:06:28 INFO  [INFO] Resolving artifact: net.bytebuddy:byte-buddy:jar:1.18.3:test (sources = true)
2026.05.31 17:06:28 INFO  [INFO] SUCCESS: net.bytebuddy:byte-buddy:jar:1.18.3:test (sources = true)
2026.05.31 17:06:28 INFO  [INFO] Resolving artifact: org.junit.jupiter:junit-jupiter-engine:jar:6.0.3:test (sources = false)
2026.05.31 17:06:28 INFO  [INFO] SUCCESS: org.junit.jupiter:junit-jupiter-engine:jar:6.0.3:test (sources = false)
2026.05.31 17:06:28 INFO  [INFO] Resolving artifact: org.junit.jupiter:junit-jupiter-engine:jar:6.0.3:test (sources = true)
2026.05.31 17:06:28 INFO  [INFO] SUCCESS: org.junit.jupiter:junit-jupiter-engine:jar:6.0.3:test (sources = true)
2026.05.31 17:06:28 INFO  [INFO] Generated .bloop\NumberUtils-test.json
2026.05.31 17:06:28 INFO  [INFO] ------------------------------------------------------------------------
2026.05.31 17:06:28 INFO  [INFO] BUILD SUCCESS
2026.05.31 17:06:28 INFO  [INFO] ------------------------------------------------------------------------
2026.05.31 17:06:28 INFO  [INFO] Total time:  9.876 s
2026.05.31 17:06:28 INFO  [INFO] Finished at: 2026-05-31T17:06:28-05:00
2026.05.31 17:06:28 INFO  [INFO] ------------------------------------------------------------------------
2026.05.31 17:06:28 INFO  time: ran 'mvn bloopInstall' in 14s
2026.05.31 17:06:28 INFO  Attempting to connect to the build server...
2026.05.31 17:06:28 INFO  No running Bloop server found, starting one.
2026.05.31 17:06:30 INFO  no build target found for C:\Users\ryanp\Desktop\se333-demo\src\main\java\org\example\NumberUtils.java. Using fallback presentation compiler.
2026.05.31 17:06:32 INFO  Starting compilation server
2026.05.31 17:06:34 INFO  no build target found for C:\Users\ryanp\Desktop\se333-demo\src\main\java\org\example\NumberUtils.java. Using fallback presentation compiler.
2026.05.31 17:06:34 INFO  no build target found for C:\Users\ryanp\Desktop\se333-demo\src\main\java\org\example\NumberUtils.java. Using fallback presentation compiler.
2026.05.31 17:06:35 INFO  tracing is disabled for protocol BSP, to enable tracing of incoming and outgoing JSON messages create an empty file at C:\Users\ryanp\Desktop\se333-demo\.metals\bsp.trace.json or C:\Users\ryanp\AppData\Local\scalameta\metals\cache\bsp.trace.json
2026.05.31 17:06:35 INFO  no build target found for C:\Users\ryanp\Desktop\se333-demo\src\main\java\org\example\NumberUtils.java. Using fallback presentation compiler.
2026.05.31 17:06:36 INFO  time: Connected to build server in 7.64s
2026.05.31 17:06:36 INFO  Connected to Build server: Bloop v2.0.19
2026.05.31 17:06:36 INFO  time: Imported build in 0.21s
May 31, 2026 5:06:43 PM org.eclipse.lsp4j.jsonrpc.RemoteEndpoint handleCancellation
WARNING: Unmatched cancel notification for request id 15
2026.05.31 17:06:45 INFO  compiling numberutils (2 java sources)
2026.05.31 17:06:47 WARN  Using H2 2.4.240 which is newer than the version Flyway has been verified with. The latest verified version of H2 is 2.3.232.
2026.05.31 17:06:53 INFO  time: compiled NumberUtils in 8.26s
2026.05.31 17:07:03 INFO  time: indexed workspace in 27s
May 31, 2026 5:08:05 PM org.eclipse.lsp4j.jsonrpc.services.GenericEndpoint notify
INFO: Unsupported notification method: $/setTrace
May 31, 2026 5:08:08 PM org.eclipse.lsp4j.jsonrpc.services.GenericEndpoint notify
INFO: Unsupported notification method: $/setTrace
May 31, 2026 5:08:35 PM org.eclipse.lsp4j.jsonrpc.services.GenericEndpoint notify
INFO: Unsupported notification method: $/setTrace
2026.05.31 17:12:15 INFO  compiling numberutils-test (1 java source)
2026.05.31 17:12:20 INFO  time: compiled NumberUtils-test in 4.83s
May 31, 2026 6:35:52 PM org.eclipse.lsp4j.jsonrpc.RemoteEndpoint handleCancellation
WARNING: Unmatched cancel notification for request id 64
May 31, 2026 6:35:52 PM org.eclipse.lsp4j.jsonrpc.RemoteEndpoint handleCancellation
WARNING: Unmatched cancel notification for request id 66
2026.05.31 19:58:51 INFO  Shutting down server
2026.05.31 19:58:51 INFO  Memory monitor stopped
2026.05.31 19:58:51 INFO  shutting down Metals
2026.05.31 19:58:51 INFO  Shut down connection with build server.
2026.05.31 19:58:51 INFO  Exiting server
2026.05.31 21:17:50 INFO  Started: Metals version 1.6.7 in folders 'C:\Users\ryanp\Desktop\se333-demo' for client Visual Studio Code 1.122.1.
2026.05.31 21:17:50 INFO  Memory monitor started
2026.05.31 21:17:52 WARN  Using H2 2.4.240 which is newer than the version Flyway has been verified with. The latest verified version of H2 is 2.3.232.
2026.05.31 21:17:53 INFO  Attempting to connect to the build server...
2026.05.31 21:17:53 INFO  Found a Bloop server running
2026.05.31 21:17:53 INFO  tracing is disabled for protocol BSP, to enable tracing of incoming and outgoing JSON messages create an empty file at C:\Users\ryanp\Desktop\se333-demo\.metals\bsp.trace.json or C:\Users\ryanp\AppData\Local\scalameta\metals\cache\bsp.trace.json
2026.05.31 21:17:54 INFO  time: Connected to build server in 0.93s
2026.05.31 21:17:53 INFO  Connected to Build server: Bloop v2.0.19
2026.05.31 21:17:54 INFO  time: Imported build in 0.19s
2026.05.31 21:18:00 INFO  Created report: Optional[file:///C:/Users/ryanp/Desktop/se333-demo/src/test/java/org/example/LeftPadUtilsTest.java]
2026.05.31 21:18:00 INFO  QDox parse error in file:///C:/Users/ryanp/Desktop/se333-demo/src/test/java/org/example/LeftPadUtilsTest.java (full report at: "C:\Users\ryanp\Desktop\se333-demo\.metals\.reports\metals-full\2026-05-31\r_qdox-error_(NumberUtils-test)_21-18-00-312.md")
2026.05.31 21:18:00 INFO  compiling numberutils-test (2 java sources)
2026.05.31 21:18:01 WARN  Using H2 2.4.240 which is newer than the version Flyway has been verified with. The latest verified version of H2 is 2.3.232.
2026.05.31 21:18:03 INFO  time: indexed workspace in 9.36s
2026.05.31 21:18:06 INFO  Deduplicating compilation of NumberUtils-test from bsp client 'Metals 1.6.7' (since 11.121s)
2026.05.31 21:18:06 INFO  compiling numberutils-test (2 java sources)
2026.05.31 21:18:08 WARN  javac exited with exit code 1
2026.05.31 21:18:08 WARN  javac exited with exit code 1
2026.05.31 21:18:08 INFO  time: compiled NumberUtils-test in 2.23s
2026.05.31 21:18:08 INFO  compiling numberutils-test (2 java sources)
2026.05.31 21:18:11 WARN  javac exited with exit code 1
2026.05.31 21:18:11 INFO  time: compiled NumberUtils-test in 3.07s
2026.05.31 21:19:01 INFO  compiling numberutils (2 java sources)
2026.05.31 21:19:07 INFO  compiling numberutils-test (2 java sources)
2026.05.31 21:19:07 INFO  time: compiled NumberUtils in 5.88s
2026.05.31 21:19:16 INFO  time: compiled NumberUtils-test in 8.41s
2026.05.31 21:19:48 INFO  compiling numberutils (2 java sources)
2026.05.31 21:19:51 INFO  compiling numberutils-test (2 java sources)
2026.05.31 21:19:51 INFO  time: compiled NumberUtils in 3.51s
2026.05.31 21:19:57 INFO  time: compiled NumberUtils-test in 5.14s
2026.05.31 21:20:57 INFO  compiling numberutils (2 java sources)
2026.05.31 21:21:00 INFO  time: compiled NumberUtils in 3.65s
2026.05.31 21:21:00 INFO  compiling numberutils-test (2 java sources)
2026.05.31 21:21:06 INFO  time: compiled NumberUtils-test in 6.07s
May 31, 2026 9:23:07 PM org.eclipse.lsp4j.jsonrpc.RemoteEndpoint handleCancellation
WARNING: Unmatched cancel notification for request id 1
May 31, 2026 9:25:06 PM org.eclipse.lsp4j.jsonrpc.RemoteEndpoint handleCancellation
WARNING: Unmatched cancel notification for request id 34
May 31, 2026 9:26:31 PM org.eclipse.lsp4j.jsonrpc.RemoteEndpoint handleCancellation
WARNING: Unmatched cancel notification for request id 72
May 31, 2026 9:29:39 PM org.eclipse.lsp4j.jsonrpc.RemoteEndpoint handleCancellation
WARNING: Unmatched cancel notification for request id 127
May 31, 2026 9:29:39 PM org.eclipse.lsp4j.jsonrpc.RemoteEndpoint handleCancellation
WARNING: Unmatched cancel notification for request id 128
May 31, 2026 9:29:39 PM org.eclipse.lsp4j.jsonrpc.RemoteEndpoint handleCancellation
WARNING: Unmatched cancel notification for request id 129
May 31, 2026 9:29:39 PM org.eclipse.lsp4j.jsonrpc.RemoteEndpoint handleCancellation
WARNING: Unmatched cancel notification for request id 130
May 31, 2026 9:29:39 PM org.eclipse.lsp4j.jsonrpc.RemoteEndpoint handleCancellation
WARNING: Unmatched cancel notification for request id 131
May 31, 2026 9:29:39 PM org.eclipse.lsp4j.jsonrpc.RemoteEndpoint handleCancellation
WARNING: Unmatched cancel notification for request id 132
May 31, 2026 9:29:39 PM org.eclipse.lsp4j.jsonrpc.RemoteEndpoint handleCancellation
WARNING: Unmatched cancel notification for request id 133
May 31, 2026 9:29:39 PM org.eclipse.lsp4j.jsonrpc.RemoteEndpoint handleCancellation
WARNING: Unmatched cancel notification for request id 134
May 31, 2026 9:29:39 PM org.eclipse.lsp4j.jsonrpc.RemoteEndpoint handleCancellation
WARNING: Unmatched cancel notification for request id 136
May 31, 2026 9:29:39 PM org.eclipse.lsp4j.jsonrpc.RemoteEndpoint handleCancellation
WARNING: Unmatched cancel notification for request id 137
May 31, 2026 9:29:39 PM org.eclipse.lsp4j.jsonrpc.RemoteEndpoint handleCancellation
WARNING: Unmatched cancel notification for request id 138
May 31, 2026 9:29:39 PM org.eclipse.lsp4j.jsonrpc.RemoteEndpoint handleCancellation
WARNING: Unmatched cancel notification for request id 140
May 31, 2026 9:30:02 PM org.eclipse.lsp4j.jsonrpc.RemoteEndpoint handleCancellation
WARNING: Unmatched cancel notification for request id 143
May 31, 2026 9:31:29 PM org.eclipse.lsp4j.jsonrpc.RemoteEndpoint handleCancellation
WARNING: Unmatched cancel notification for request id 178
2026.05.31 21:31:36 INFO  Created report: Optional[jar:file:///C:/Users/ryanp/.m2/repository/org/junit/jupiter/junit-jupiter-api/6.0.3/junit-jupiter-api-6.0.3-sources.jar!/org/junit/jupiter/api/Assertions.java]
2026.05.31 21:31:36 INFO  QDox parse error in /org/junit/jupiter/api/Assertions.java (full report at: "C:\Users\ryanp\Desktop\se333-demo\.metals\.reports\metals-full\2026-05-31\r_qdox-error_(NumberUtils)_21-31-36-557.md")
2026.05.31 21:31:36 INFO  QDox parse error in /org/junit/jupiter/api/Assertions.java (full report at: "C:\Users\ryanp\Desktop\se333-demo\.metals\.reports\metals-full\2026-05-31\r_qdox-error_(NumberUtils)_21-31-36-557.md")
2026.05.31 21:31:36 INFO  Created report: Optional[file:///C:/Users/ryanp/Desktop/se333-demo/src/test/java/org/example/LeftPadUtilsTest.java]
2026.05.31 21:31:36 INFO  empty definition using pc, found symbol in pc: org/junit/jupiter/api/Assertions#assertEquals(+90). (full report at: "C:\Users\ryanp\Desktop\se333-demo\.metals\.reports\metals-full\2026-05-31\r_empty-definition_(NumberUtils-test)_21-31-36-692.md")
May 31, 2026 9:31:36 PM org.eclipse.lsp4j.jsonrpc.RemoteEndpoint handleCancellation
WARNING: Unmatched cancel notification for request id 194
May 31, 2026 9:31:40 PM org.eclipse.lsp4j.jsonrpc.RemoteEndpoint handleCancellation
WARNING: Unmatched cancel notification for request id 203
2026.05.31 21:31:40 INFO  Created report: Optional[file:///C:/Users/ryanp/Desktop/se333-demo/src/test/java/org/example/NumberUtilsTest.java]
2026.05.31 21:31:40 INFO  empty definition using pc, found symbol in pc: _empty_/NumberUtils# (full report at: "C:\Users\ryanp\Desktop\se333-demo\.metals\.reports\metals-full\2026-05-31\r_empty-definition_(NumberUtils-test)_21-31-40-697.md")
May 31, 2026 9:31:40 PM org.eclipse.lsp4j.jsonrpc.RemoteEndpoint handleCancellation
WARNING: Unmatched cancel notification for request id 204
2026.06.01 00:33:58 INFO  compiling numberutils (2 java sources)
2026.06.01 00:34:00 INFO  time: compiled NumberUtils in 2.31s
2026.06.01 00:34:40 INFO  Shutting down server
2026.06.01 00:34:40 INFO  Memory monitor stopped
2026.06.01 00:34:40 INFO  shutting down Metals
2026.06.01 00:34:41 INFO  Shut down connection with build server.
2026.06.01 00:34:40 INFO  Exiting server
2026.06.01 00:51:35 INFO  Started: Metals version 1.6.7 in folders 'C:\Users\ryanp\Desktop\se333-demo' for client Visual Studio Code 1.122.1.
2026.06.01 00:51:35 INFO  Memory monitor started
2026.06.01 00:51:37 WARN  Using H2 2.4.240 which is newer than the version Flyway has been verified with. The latest verified version of H2 is 2.3.232.
2026.06.01 00:51:37 INFO  Attempting to connect to the build server...
2026.06.01 00:51:37 INFO  Found a Bloop server running
2026.06.01 00:51:38 INFO  tracing is disabled for protocol BSP, to enable tracing of incoming and outgoing JSON messages create an empty file at C:\Users\ryanp\Desktop\se333-demo\.metals\bsp.trace.json or C:\Users\ryanp\AppData\Local\scalameta\metals\cache\bsp.trace.json
2026.06.01 00:51:38 INFO  time: Connected to build server in 0.73s
2026.06.01 00:51:38 INFO  Connected to Build server: Bloop v2.0.19
2026.06.01 00:51:38 INFO  time: Imported build in 0.14s
2026.06.01 00:51:44 WARN  Using H2 2.4.240 which is newer than the version Flyway has been verified with. The latest verified version of H2 is 2.3.232.
2026.06.01 00:51:45 INFO  time: indexed workspace in 7.38s
2026.06.01 00:51:50 INFO  QDox parse error in file:///C:/Users/ryanp/Desktop/se333-demo/src/test/java/org/example/LeftPadUtilsTest.java (full report at: "C:\Users\ryanp\Desktop\se333-demo\.metals\.reports\metals-full\2026-05-31\r_qdox-error_(NumberUtils-test)_21-18-00-312.md")
2026.06.01 00:51:50 INFO  compiling numberutils-test (1 java source)
2026.06.01 00:51:53 WARN  javac exited with exit code 1
2026.06.01 00:51:53 INFO  time: compiled NumberUtils-test in 2.65s
2026.06.01 00:51:53 INFO  compiling numberutils-test (1 java source)
2026.06.01 00:51:55 WARN  javac exited with exit code 1
2026.06.01 00:51:55 INFO  time: compiled NumberUtils-test in 2.12s
2026.06.01 00:52:02 INFO  Created report: Optional[file:///C:/Users/ryanp/Desktop/se333-demo/src/test/java/org/example/NumberUtilsTest.java]
2026.06.01 00:52:02 INFO  QDox parse error in file:///C:/Users/ryanp/Desktop/se333-demo/src/test/java/org/example/NumberUtilsTest.java (full report at: "C:\Users\ryanp\Desktop\se333-demo\.metals\.reports\metals-full\2026-06-01\r_qdox-error_(NumberUtils-test)_00-52-02-772.md")
2026.06.01 00:52:02 INFO  compiling numberutils-test (2 java sources)
2026.06.01 00:52:06 WARN  javac exited with exit code 1
2026.06.01 00:52:06 INFO  time: compiled NumberUtils-test in 3.23s
2026.06.01 00:52:06 INFO  compiling numberutils-test (2 java sources)
2026.06.01 00:52:10 WARN  javac exited with exit code 1
2026.06.01 00:52:10 INFO  time: compiled NumberUtils-test in 4.04s
2026.06.01 00:52:47 INFO  compiling numberutils-test (2 java sources)
2026.06.01 00:52:54 WARN  javac exited with exit code 1
2026.06.01 00:52:54 INFO  time: compiled NumberUtils-test in 7.17s
2026.06.01 00:52:54 INFO  compiling numberutils-test (2 java sources)
2026.06.01 00:53:02 WARN  javac exited with exit code 1
2026.06.01 00:53:02 INFO  time: compiled NumberUtils-test in 7.26s
2026.06.01 00:53:03 INFO  compiling numberutils-test (2 java sources)
2026.06.01 00:53:10 INFO  time: compiled NumberUtils-test in 7.58s
2026.06.01 00:53:18 INFO  compiling numberutils-test (1 java source)
2026.06.01 00:53:23 WARN  javac exited with exit code 1
2026.06.01 00:53:23 INFO  time: compiled NumberUtils-test in 4.8s
Jun 01, 2026 12:53:34 AM org.eclipse.lsp4j.jsonrpc.services.GenericEndpoint notify
INFO: Unsupported notification method: $/setTrace
2026.06.01 00:53:59 INFO  compiling numberutils-test (1 java source)
2026.06.01 00:54:03 INFO  time: compiled NumberUtils-test in 4.5s
2026.06.01 00:54:38 INFO  compiling numberutils-test (1 java source)
2026.06.01 00:54:43 INFO  time: compiled NumberUtils-test in 4.66s
2026.06.01 00:54:43 INFO  compiling numberutils-test (1 java source)
2026.06.01 00:54:47 INFO  time: compiled NumberUtils-test in 4.08s
2026.06.01 00:54:53 INFO  compiling numberutils-test (1 java source)
2026.06.01 00:54:57 INFO  time: compiled NumberUtils-test in 4.38s
2026.06.01 00:55:31 INFO  compiling numberutils-test (1 java source)
2026.06.01 00:55:35 INFO  time: compiled NumberUtils-test in 3.45s
Jun 01, 2026 12:57:36 AM org.eclipse.lsp4j.jsonrpc.RemoteEndpoint handleCancellation
WARNING: Unmatched cancel notification for request id 2
Jun 01, 2026 12:57:36 AM org.eclipse.lsp4j.jsonrpc.RemoteEndpoint handleCancellation
WARNING: Unmatched cancel notification for request id 6
Jun 01, 2026 1:05:10 AM org.eclipse.lsp4j.jsonrpc.RemoteEndpoint handleCancellation
WARNING: Unmatched cancel notification for request id 37
Jun 01, 2026 1:05:10 AM org.eclipse.lsp4j.jsonrpc.RemoteEndpoint handleCancellation
WARNING: Unmatched cancel notification for request id 38
2026.06.01 01:05:20 INFO  Shutting down server
2026.06.01 01:05:20 INFO  Memory monitor stopped
2026.06.01 01:05:20 INFO  shutting down Metals
2026.06.01 01:05:20 INFO  Shut down connection with build server.
2026.06.01 01:05:20 INFO  Exiting server
2026.06.01 21:29:02 INFO  Started: Metals version 1.6.7 in folders 'C:\Users\ryanp\Desktop\se333-demo' for client Visual Studio Code 1.122.1.
2026.06.01 21:29:02 INFO  Memory monitor started
2026.06.01 21:29:06 WARN  Using H2 2.4.240 which is newer than the version Flyway has been verified with. The latest verified version of H2 is 2.3.232.
2026.06.01 21:29:07 INFO  no build target found for C:\Users\ryanp\Desktop\se333-demo\src\main\java\org\example\NumberUtils.java. Using fallback presentation compiler.
2026.06.01 21:29:07 INFO  Attempting to connect to the build server...
2026.06.01 21:29:07 INFO  No running Bloop server found, starting one.
2026.06.01 21:29:17 INFO  Starting compilation server
2026.06.01 21:29:38 INFO  tracing is disabled for protocol BSP, to enable tracing of incoming and outgoing JSON messages create an empty file at C:\Users\ryanp\Desktop\se333-demo\.metals\bsp.trace.json or C:\Users\ryanp\AppData\Local\scalameta\metals\cache\bsp.trace.json
2026.06.01 21:29:46 INFO  time: Connected to build server in 38s
2026.06.01 21:29:46 INFO  Connected to Build server: Bloop v2.0.19
2026.06.01 21:29:48 INFO  time: Imported build in 0.87s
2026.06.01 21:30:02 WARN  Using H2 2.4.240 which is newer than the version Flyway has been verified with. The latest verified version of H2 is 2.3.232.
2026.06.01 21:30:04 INFO  time: indexed workspace in 15s
Jun 01, 2026 9:37:13 PM org.eclipse.lsp4j.jsonrpc.RemoteEndpoint handleCancellation
WARNING: Unmatched cancel notification for request id 14
Jun 01, 2026 9:37:13 PM org.eclipse.lsp4j.jsonrpc.services.GenericEndpoint notify
INFO: Unsupported notification method: $/setTrace
Jun 01, 2026 9:37:13 PM org.eclipse.lsp4j.jsonrpc.RemoteEndpoint handleCancellation
WARNING: Unmatched cancel notification for request id 15
Jun 01, 2026 9:37:13 PM org.eclipse.lsp4j.jsonrpc.services.GenericEndpoint notify
INFO: Unsupported notification method: $/setTrace
Jun 01, 2026 9:37:13 PM org.eclipse.lsp4j.jsonrpc.RemoteEndpoint handleCancellation
WARNING: Unmatched cancel notification for request id 17
Jun 01, 2026 9:37:13 PM org.eclipse.lsp4j.jsonrpc.services.GenericEndpoint notify
INFO: Unsupported notification method: $/setTrace
Jun 01, 2026 9:37:13 PM org.eclipse.lsp4j.jsonrpc.RemoteEndpoint handleCancellation
WARNING: Unmatched cancel notification for request id 19
2026.06.01 22:16:58 INFO  QDox parse error in file:///C:/Users/ryanp/Desktop/se333-demo/src/test/java/org/example/LeftPadUtilsTest.java (full report at: "C:\Users\ryanp\Desktop\se333-demo\.metals\.reports\metals-full\2026-05-31\r_qdox-error_(NumberUtils-test)_21-18-00-312.md")
2026.06.01 22:16:58 INFO  QDox parse error in file:///C:/Users/ryanp/Desktop/se333-demo/src/test/java/org/example/NumberUtilsTest.java (full report at: "C:\Users\ryanp\Desktop\se333-demo\.metals\.reports\metals-full\2026-06-01\r_qdox-error_(NumberUtils-test)_00-52-02-772.md")
2026.06.01 22:16:58 INFO  compiling numberutils-test (2 java sources)
2026.06.01 22:17:03 INFO  time: compiled NumberUtils-test in 4.72s
2026.06.01 22:17:24 INFO  compiling numberutils-test (1 java source)
2026.06.01 22:17:26 INFO  time: compiled NumberUtils-test in 2.36s
2026.06.01 22:17:26 INFO  compiling numberutils-test (1 java source)
2026.06.01 22:17:29 INFO  time: compiled NumberUtils-test in 2.64s
Jun 01, 2026 10:17:53 PM org.eclipse.lsp4j.jsonrpc.RemoteEndpoint handleCancellation
WARNING: Unmatched cancel notification for request id 32
Jun 01, 2026 10:17:53 PM org.eclipse.lsp4j.jsonrpc.RemoteEndpoint handleCancellation
WARNING: Unmatched cancel notification for request id 33
2026.06.01 22:18:56 INFO  compiling numberutils (1 java source)
2026.06.01 22:18:59 INFO  time: compiled NumberUtils in 2.89s
2026.06.01 22:19:01 INFO  QDox parse error in file:///C:/Users/ryanp/Desktop/se333-demo/src/test/java/org/example/NumberUtilsTest.java (full report at: "C:\Users\ryanp\Desktop\se333-demo\.metals\.reports\metals-full\2026-06-01\r_qdox-error_(NumberUtils-test)_00-52-02-772.md")
2026.06.01 22:19:01 INFO  compiling numberutils-test (1 java source)
2026.06.01 22:19:03 WARN  javac exited with exit code 1
2026.06.01 22:19:03 INFO  time: compiled NumberUtils-test in 1.41s
2026.06.01 22:19:17 INFO  compiling numberutils-test (1 java source)
2026.06.01 22:19:21 INFO  time: compiled NumberUtils-test in 3.63s
2026.06.02 00:03:43 INFO  QDox parse error in file:///C:/Users/ryanp/Desktop/se333-demo/src/test/java/org/example/NumberUtilsTest.java (full report at: "C:\Users\ryanp\Desktop\se333-demo\.metals\.reports\metals-full\2026-06-01\r_qdox-error_(NumberUtils-test)_00-52-02-772.md")
2026.06.02 00:03:43 WARN  Could not load snapshot text for C:\Users\ryanp\Desktop\se333-demo\src\main\java\org\example\NumberUtils.java
2026.06.02 00:03:44 INFO  compiling numberutils (1 java source)
2026.06.02 00:03:46 INFO  compiling numberutils-test (1 java source)
2026.06.02 00:03:46 INFO  time: compiled NumberUtils in 2.73s
Jun 02, 2026 12:03:48 AM org.eclipse.lsp4j.jsonrpc.RemoteEndpoint handleCancellation
WARNING: Unmatched cancel notification for request id 136
2026.06.02 00:03:49 INFO  time: compiled NumberUtils-test in 2.62s
2026.06.02 00:04:02 INFO  compiling numberutils-test (1 java source)
2026.06.02 00:04:05 INFO  time: compiled NumberUtils-test in 3.6s
2026.06.02 00:04:05 INFO  compiling numberutils-test (1 java source)
2026.06.02 00:04:09 INFO  time: compiled NumberUtils-test in 3.31s
2026.06.02 00:04:36 INFO  compiling numberutils-test (1 java source)
2026.06.02 00:04:38 INFO  time: compiled NumberUtils-test in 1.88s
Jun 02, 2026 12:07:16 AM org.eclipse.lsp4j.jsonrpc.RemoteEndpoint handleCancellation
WARNING: Unmatched cancel notification for request id 252
Jun 02, 2026 12:08:21 AM org.eclipse.lsp4j.jsonrpc.RemoteEndpoint handleCancellation
WARNING: Unmatched cancel notification for request id 278
2026.06.02 02:38:32 INFO  QDox parse error in file:///C:/Users/ryanp/Desktop/se333-demo/src/test/java/org/example/NumberUtilsTest.java (full report at: "C:\Users\ryanp\Desktop\se333-demo\.metals\.reports\metals-full\2026-06-01\r_qdox-error_(NumberUtils-test)_00-52-02-772.md")
2026.06.02 02:38:32 INFO  compiling numberutils-test (1 java source)
2026.06.02 02:38:35 INFO  time: compiled NumberUtils-test in 2.92s
2026.06.02 02:38:50 INFO  QDox parse error in file:///C:/Users/ryanp/Desktop/se333-demo/src/test/java/org/example/LeftPadUtilsTest.java (full report at: "C:\Users\ryanp\Desktop\se333-demo\.metals\.reports\metals-full\2026-05-31\r_qdox-error_(NumberUtils-test)_21-18-00-312.md")
2026.06.02 02:38:50 INFO  compiling numberutils-test (1 java source)
2026.06.02 02:38:52 INFO  time: compiled NumberUtils-test in 2.15s
2026.06.02 02:38:52 INFO  compiling numberutils-test (1 java source)
2026.06.02 02:38:55 INFO  time: compiled NumberUtils-test in 2.43s
2026.06.02 02:39:29 INFO  compiling numberutils (1 java source)
2026.06.02 02:39:31 INFO  time: compiled NumberUtils in 2.31s
2026.06.02 02:39:38 INFO  compiling numberutils-test (1 java source)
2026.06.02 02:39:40 INFO  time: compiled NumberUtils-test in 2.39s
2026.06.02 02:39:42 INFO  compiling numberutils-test (1 java source)
2026.06.02 02:39:44 INFO  time: compiled NumberUtils-test in 2.09s
2026.06.02 02:40:59 INFO  compiling numberutils-test (1 java source)
2026.06.02 02:41:02 INFO  time: compiled NumberUtils-test in 2.98s
2026.06.02 02:41:34 INFO  compiling numberutils-test (1 java source)
2026.06.02 02:41:37 INFO  time: compiled NumberUtils-test in 2.44s
2026.06.02 02:41:57 INFO  compiling numberutils-test (1 java source)
2026.06.02 02:42:01 INFO  time: compiled NumberUtils-test in 4.13s
Jun 02, 2026 2:45:41 AM org.eclipse.lsp4j.jsonrpc.RemoteEndpoint handleCancellation
WARNING: Unmatched cancel notification for request id 280
Jun 02, 2026 2:45:42 AM org.eclipse.lsp4j.jsonrpc.RemoteEndpoint handleCancellation
WARNING: Unmatched cancel notification for request id 282
Jun 02, 2026 2:45:42 AM org.eclipse.lsp4j.jsonrpc.RemoteEndpoint handleCancellation
WARNING: Unmatched cancel notification for request id 286
Jun 02, 2026 2:45:42 AM org.eclipse.lsp4j.jsonrpc.RemoteEndpoint handleCancellation
WARNING: Unmatched cancel notification for request id 287
Jun 02, 2026 2:46:38 AM org.eclipse.lsp4j.jsonrpc.RemoteEndpoint handleCancellation
WARNING: Unmatched cancel notification for request id 303
Jun 02, 2026 2:51:17 AM org.eclipse.lsp4j.jsonrpc.RemoteEndpoint handleCancellation
WARNING: Unmatched cancel notification for request id 336
2026.06.02 02:55:21 INFO  QDox parse error in file:///C:/Users/ryanp/Desktop/se333-demo/src/test/java/org/example/LeftPadUtilsTest.java (full report at: "C:\Users\ryanp\Desktop\se333-demo\.metals\.reports\metals-full\2026-05-31\r_qdox-error_(NumberUtils-test)_21-18-00-312.md")
2026.06.02 02:55:21 INFO  compiling numberutils (1 java source)
2026.06.02 02:55:23 INFO  compiling numberutils-test (1 java source)
2026.06.02 02:55:23 INFO  time: compiled NumberUtils in 2.21s
2026.06.02 02:55:24 INFO  time: compiled NumberUtils-test in 1.08s
2026.06.02 02:58:32 INFO  QDox parse error in file:///C:/Users/ryanp/Desktop/se333-demo/src/test/java/org/example/NumberUtilsTest.java (full report at: "C:\Users\ryanp\Desktop\se333-demo\.metals\.reports\metals-full\2026-06-01\r_qdox-error_(NumberUtils-test)_00-52-02-772.md")
2026.06.02 02:58:32 INFO  compiling numberutils-test (1 java source)
2026.06.02 02:58:32 INFO  QDox parse error in file:///C:/Users/ryanp/Desktop/se333-demo/src/test/java/org/example/LeftPadUtilsTest.java (full report at: "C:\Users\ryanp\Desktop\se333-demo\.metals\.reports\metals-full\2026-05-31\r_qdox-error_(NumberUtils-test)_21-18-00-312.md")
2026.06.02 02:58:35 INFO  time: compiled NumberUtils-test in 3.12s
2026.06.02 02:58:35 INFO  compiling numberutils-test (2 java sources)
2026.06.02 02:58:38 INFO  time: compiled NumberUtils-test in 3.31s
2026.06.02 02:59:00 INFO  compiling numberutils (1 java source)
2026.06.02 02:59:02 INFO  time: compiled NumberUtils in 2.01s
2026.06.02 02:59:02 INFO  compiling numberutils-test (1 java source)
2026.06.02 02:59:04 INFO  time: compiled NumberUtils-test in 2.29s
Jun 02, 2026 3:00:07 AM org.eclipse.lsp4j.jsonrpc.RemoteEndpoint handleCancellation
WARNING: Unmatched cancel notification for request id 371
Jun 02, 2026 3:19:36 AM org.eclipse.lsp4j.jsonrpc.RemoteEndpoint handleCancellation
WARNING: Unmatched cancel notification for request id 427
Jun 02, 2026 3:19:42 AM org.eclipse.lsp4j.jsonrpc.RemoteEndpoint handleCancellation
WARNING: Unmatched cancel notification for request id 447
2026.06.02 03:19:46 INFO  compiling numberutils (1 java source)
2026.06.02 03:19:48 INFO  time: compiled NumberUtils in 2.26s
2026.06.02 03:19:48 INFO  compiling numberutils-test (1 java source)
2026.06.02 03:19:52 INFO  Shutting down server
2026.06.02 03:19:52 INFO  Memory monitor stopped
2026.06.02 03:19:52 INFO  shutting down Metals
2026.06.02 03:19:52 INFO  Shut down connection with build server.
2026.06.02 03:19:52 INFO  Cancelling compilation on Bloop server
2026.06.02 03:19:52 INFO  Exiting server
2026.06.02 16:53:59 INFO  Started: Metals version 1.6.7 in folders 'C:\Users\ryanp\Desktop\se333-demo' for client Visual Studio Code 1.122.1.
2026.06.02 16:53:59 INFO  Memory monitor started
2026.06.02 16:54:05 WARN  Using H2 2.4.240 which is newer than the version Flyway has been verified with. The latest verified version of H2 is 2.3.232.
2026.06.02 16:54:05 INFO  no build target found for C:\Users\ryanp\Desktop\se333-demo\src\main\java\org\example\NumberUtils.java. Using fallback presentation compiler.
2026.06.02 16:54:07 INFO  no build target found for C:\Users\ryanp\Desktop\se333-demo\src\main\java\org\example\NumberUtils.java. Using fallback presentation compiler.
2026.06.02 16:54:07 INFO  Attempting to connect to the build server...
2026.06.02 16:54:07 INFO  No running Bloop server found, starting one.
2026.06.02 16:54:14 INFO  Starting compilation server
2026.06.02 16:54:21 INFO  tracing is disabled for protocol BSP, to enable tracing of incoming and outgoing JSON messages create an empty file at C:\Users\ryanp\Desktop\se333-demo\.metals\bsp.trace.json or C:\Users\ryanp\AppData\Local\scalameta\metals\cache\bsp.trace.json
2026.06.02 16:54:23 INFO  time: Connected to build server in 15s
2026.06.02 16:54:23 INFO  Connected to Build server: Bloop v2.0.19
2026.06.02 16:54:23 INFO  time: Imported build in 0.27s
2026.06.02 16:54:31 WARN  Using H2 2.4.240 which is newer than the version Flyway has been verified with. The latest verified version of H2 is 2.3.232.
2026.06.02 16:54:33 INFO  time: indexed workspace in 9.74s
Jun 02, 2026 6:55:07 PM org.eclipse.lsp4j.jsonrpc.services.GenericEndpoint notify
INFO: Unsupported notification method: $/setTrace
2026.06.02 18:57:39 INFO  Shutting down server
2026.06.02 18:57:39 INFO  Memory monitor stopped
2026.06.02 18:57:39 INFO  shutting down Metals
2026.06.02 18:57:39 INFO  Shut down connection with build server.
2026.06.02 18:57:39 INFO  Exiting server
2026.06.03 01:40:03 INFO  Started: Metals version 1.6.7 in folders 'C:\Users\ryanp\Desktop\se333-demo' for client Visual Studio Code 1.122.1.
2026.06.03 01:40:03 INFO  Memory monitor started
2026.06.03 01:40:05 WARN  Using H2 2.4.240 which is newer than the version Flyway has been verified with. The latest verified version of H2 is 2.3.232.
2026.06.03 01:40:05 INFO  no build target found for C:\Users\ryanp\Desktop\se333-demo\src\test\java\org\example\NumberUtilsTest.java. Using fallback presentation compiler.
2026.06.03 01:40:07 INFO  no build target found for C:\Users\ryanp\Desktop\se333-demo\src\test\java\org\example\NumberUtilsTest.java. Using fallback presentation compiler.
2026.06.03 01:40:08 INFO  Attempting to connect to the build server...
2026.06.03 01:40:08 INFO  Found a Bloop server running
2026.06.03 01:40:16 INFO  tracing is disabled for protocol BSP, to enable tracing of incoming and outgoing JSON messages create an empty file at C:\Users\ryanp\Desktop\se333-demo\.metals\bsp.trace.json or C:\Users\ryanp\AppData\Local\scalameta\metals\cache\bsp.trace.json
2026.06.03 01:40:16 INFO  time: Connected to build server in 8.58s
2026.06.03 01:40:16 INFO  Connected to Build server: Bloop v2.0.19
2026.06.03 01:40:16 INFO  time: Imported build in 0.2s
2026.06.03 01:40:25 WARN  Using H2 2.4.240 which is newer than the version Flyway has been verified with. The latest verified version of H2 is 2.3.232.
2026.06.03 01:40:26 INFO  time: indexed workspace in 9.54s
Jun 03, 2026 1:56:24 AM org.eclipse.lsp4j.jsonrpc.RemoteEndpoint handleCancellation
WARNING: Unmatched cancel notification for request id 9
Jun 03, 2026 1:56:25 AM org.eclipse.lsp4j.jsonrpc.RemoteEndpoint handleCancellation
WARNING: Unmatched cancel notification for request id 10
Jun 03, 2026 1:56:25 AM org.eclipse.lsp4j.jsonrpc.RemoteEndpoint handleCancellation
WARNING: Unmatched cancel notification for request id 11
Jun 03, 2026 1:56:29 AM org.eclipse.lsp4j.jsonrpc.RemoteEndpoint handleCancellation
WARNING: Unmatched cancel notification for request id 17
Jun 03, 2026 1:59:00 AM org.eclipse.lsp4j.jsonrpc.RemoteEndpoint handleCancellation
WARNING: Unmatched cancel notification for request id 183
Jun 03, 2026 1:59:53 AM org.eclipse.lsp4j.jsonrpc.RemoteEndpoint handleCancellation
WARNING: Unmatched cancel notification for request id 195
2026.06.03 02:00:43 INFO  QDox parse error in /org/junit/jupiter/api/Assertions.java (full report at: "C:\Users\ryanp\Desktop\se333-demo\.metals\.reports\metals-full\2026-05-31\r_qdox-error_(NumberUtils)_21-31-36-557.md")
2026.06.03 02:00:43 INFO  QDox parse error in /org/junit/jupiter/api/Assertions.java (full report at: "C:\Users\ryanp\Desktop\se333-demo\.metals\.reports\metals-full\2026-05-31\r_qdox-error_(NumberUtils)_21-31-36-557.md")
2026.06.03 02:00:48 INFO  compiling numberutils-test (1 java source)
2026.06.03 02:00:53 INFO  time: compiled NumberUtils-test in 4.73s
Jun 03, 2026 3:27:05 AM org.eclipse.lsp4j.jsonrpc.services.GenericEndpoint notify
INFO: Unsupported notification method: $/setTrace
Jun 03, 2026 3:29:10 AM org.eclipse.lsp4j.jsonrpc.RemoteEndpoint handleCancellation
WARNING: Unmatched cancel notification for request id 253
Jun 03, 2026 3:29:11 AM org.eclipse.lsp4j.jsonrpc.RemoteEndpoint handleCancellation
WARNING: Unmatched cancel notification for request id 260
Jun 03, 2026 3:40:24 AM org.eclipse.lsp4j.jsonrpc.RemoteEndpoint handleCancellation
WARNING: Unmatched cancel notification for request id 279
Jun 03, 2026 3:40:24 AM org.eclipse.lsp4j.jsonrpc.RemoteEndpoint handleCancellation
WARNING: Unmatched cancel notification for request id 281
Jun 03, 2026 4:07:51 AM org.eclipse.lsp4j.jsonrpc.RemoteEndpoint handleCancellation
WARNING: Unmatched cancel notification for request id 324
Jun 03, 2026 4:07:51 AM org.eclipse.lsp4j.jsonrpc.RemoteEndpoint handleCancellation
WARNING: Unmatched cancel notification for request id 325
Jun 03, 2026 4:08:27 AM org.eclipse.lsp4j.jsonrpc.RemoteEndpoint handleCancellation
WARNING: Unmatched cancel notification for request id 346
Jun 03, 2026 4:33:54 AM org.eclipse.lsp4j.jsonrpc.RemoteEndpoint handleCancellation
WARNING: Unmatched cancel notification for request id 356
Jun 03, 2026 4:33:54 AM org.eclipse.lsp4j.jsonrpc.RemoteEndpoint handleCancellation
WARNING: Unmatched cancel notification for request id 357
Jun 03, 2026 4:34:30 AM org.eclipse.lsp4j.jsonrpc.RemoteEndpoint handleCancellation
WARNING: Unmatched cancel notification for request id 376
2026.06.03 04:51:19 INFO  Shutting down server
2026.06.03 04:51:19 INFO  Memory monitor stopped
2026.06.03 04:51:19 INFO  shutting down Metals
2026.06.03 04:51:20 INFO  Shut down connection with build server.
2026.06.03 04:51:19 INFO  Exiting server
2026.06.06 23:16:43 INFO  Started: Metals version 1.6.7 in folders 'C:\Users\ryanp\Desktop\se333-demo' for client Visual Studio Code 1.123.0.
2026.06.06 23:16:43 INFO  Memory monitor started
2026.06.06 23:16:45 WARN  Using H2 2.4.240 which is newer than the version Flyway has been verified with. The latest verified version of H2 is 2.3.232.
2026.06.06 23:16:46 WARN  no build target for: C:\Users\ryanp\Desktop\NumberUtilsTest.java
2026.06.06 23:16:45 INFO  no build target found for C:\Users\ryanp\Desktop\NumberUtilsTest.java. Using fallback presentation compiler.
Jun 06, 2026 11:16:47 PM org.eclipse.lsp4j.jsonrpc.RemoteEndpoint handleCancellation
WARNING: Unmatched cancel notification for request id 2
Jun 06, 2026 11:16:47 PM org.eclipse.lsp4j.jsonrpc.RemoteEndpoint handleCancellation
WARNING: Unmatched cancel notification for request id 5
Jun 06, 2026 11:16:47 PM org.eclipse.lsp4j.jsonrpc.RemoteEndpoint handleCancellation
WARNING: Unmatched cancel notification for request id 1
2026.06.06 23:16:48 INFO  no build target found for C:\Users\ryanp\Desktop\NumberUtilsTest.java. Using fallback presentation compiler.
2026.06.06 23:16:48 WARN  Using H2 2.4.240 which is newer than the version Flyway has been verified with. The latest verified version of H2 is 2.3.232.
2026.06.06 23:16:49 INFO  Attempting to connect to the build server...
2026.06.06 23:16:49 INFO  No running Bloop server found, starting one.
2026.06.06 23:16:50 INFO  time: code lens generation in 2.61s
2026.06.06 23:16:52 INFO  Starting compilation server
2026.06.06 23:16:57 INFO  tracing is disabled for protocol BSP, to enable tracing of incoming and outgoing JSON messages create an empty file at C:\Users\ryanp\Desktop\se333-demo\.metals\bsp.trace.json or C:\Users\ryanp\AppData\Local\scalameta\metals\cache\bsp.trace.json
2026.06.06 23:16:57 INFO  time: Connected to build server in 8.87s
2026.06.06 23:16:57 INFO  Connected to Build server: Bloop v2.0.19
2026.06.06 23:16:58 INFO  time: Imported build in 0.15s
2026.06.06 23:17:01 WARN  Using H2 2.4.240 which is newer than the version Flyway has been verified with. The latest verified version of H2 is 2.3.232.
2026.06.06 23:17:01 INFO  time: indexed workspace in 4.67s
